league,season,team,player,nation,pos,age,born,Playing Time_MP,Playing Time_Starts,Playing Time_Min,Playing Time_90s,Performance_Gls,Performance_Ast,Performance_G+A,Performance_G-PK,Performance_PK,Performance_PKatt,Performance_CrdY,Performance_CrdR,Per 90 Minutes_Gls,Per 90 Minutes_Ast,Per 90 Minutes_G+A,Per 90 Minutes_G-PK,Per 90 Minutes_G+A-PK,_league_id,_season,_stat_type,_source,_scraped_at
GER-Bundesliga,2324,Augsburg,Arne Engels,BEL,"MF,DF",19,2003,32,13,1405,15.6,3,2,5,3,0,0,1,1,0.19,0.13,0.32,0.19,0.32,GER,2023-2024,standard,fbref_soccerdata,2026-08-10 21:50:01
GER-Bundesliga,2324,Augsburg,Arne Maier,GER,"MF,FW",24,1999,22,10,1003,11.1,2,4,6,2,0,0,0,0,0.18,0.36,0.54,0.18,0.54,GER,2023-2024,standard,fbref_soccerdata,2026-08-10 21:50:01
GER-Bundesliga,2324,Augsburg,Dion Drena Beljo,CRO,"FW,MF",21,2002,26,3,581,6.5,2,0,2,2,0,0,2,0,0.31,0.0,0.31,0.31,0.31,GER,2023-2024,standard,fbref_soccerdata,2026-08-10 21:50:01
GER-Bundesliga,2324,Augsburg,Elvis Rexhbeçaj,KVX,MF,25,1997,25,24,1985,22.1,2,0,2,1,1,1,4,0,0.09,0.0,0.09,0.05,0.05,GER,2023-2024,standard,fbref_soccerdata,2026-08-10 21:50:01
GER-Bundesliga,2324,Augsburg,Ermedin Demirović,BIH,"FW,MF",25,1998,33,33,2873,31.9,15,9,24,12,3,4,7,0,0.47,0.28,0.75,0.38,0.66,GER,2023-2024,standard,fbref_soccerdata,2026-08-10 21:50:01
GER-Bundesliga,2324,Augsburg,Finn Dahmen,GER,GK,25,1998,31,31,2790,31.0,0,0,0,0,0,0,4,0,0.0,0.0,0.0,0.0,0.0,GER,2023-2024,standard,fbref_soccerdata,2026-08-10 21:50:01
GER-Bundesliga,2324,Augsburg,Fredrik Jensen,FIN,MF,25,1997,22,18,1338,14.9,2,4,6,2,0,0,1,0,0.13,0.27,0.4,0.13,0.4,GER,2023-2024,standard,fbref_soccerdata,2026-08-10 21:50:01
GER-Bundesliga,2324,Augsburg,Iago,BRA,"DF,MF",26,1997,23,18,1622,18.0,1,1,2,1,0,0,4,0,0.06,0.06,0.11,0.06,0.11,GER,2023-2024,standard,fbref_soccerdata,2026-08-10 21:50:01
GER-Bundesliga,2324,Augsburg,Irvin Cardona,MLT,"FW,MF",25,1997,3,0,54,0.6,0,0,0,0,0,0,1,0,0.0,0.0,0.0,0.0,0.0,GER,2023-2024,standard,fbref_soccerdata,2026-08-10 21:50:01
GER-Bundesliga,2324,Augsburg,Jeffrey Gouweleeuw,NED,DF,32,1991,30,29,2593,28.8,1,0,1,1,0,0,7,0,0.03,0.0,0.03,0.03,0.03,GER,2023-2024,standard,fbref_soccerdata,2026-08-10 21:50:01
GER-Bundesliga,2324,Augsburg,Kevin Mbabu,SUI,"DF,MF",28,1995,25,22,2047,22.7,0,2,2,0,0,0,5,0,0.0,0.09,0.09,0.0,0.09,GER,2023-2024,standard,fbref_soccerdata,2026-08-10 21:50:01
GER-Bundesliga,2324,Augsburg,Kristijan Jakić,CRO,MF,26,1997,14,13,1051,11.7,2,1,3,2,0,0,4,0,0.17,0.09,0.26,0.17,0.26,GER,2023-2024,standard,fbref_soccerdata,2026-08-10 21:50:01
GER-Bundesliga,2324,Augsburg,Mads Pedersen,DEN,"DF,MF",26,1996,27,19,1786,19.8,1,1,2,1,0,0,5,1,0.05,0.05,0.1,0.05,0.1,GER,2023-2024,standard,fbref_soccerdata,2026-08-10 21:50:01
GER-Bundesliga,2324,Augsburg,Mahmut Kücüksahin,,DF,19,2004,1,0,1,0.0,0,0,0,0,0,0,0,0,0.0,0.0,0.0,0.0,0.0,GER,2023-2024,standard,fbref_soccerdata,2026-08-10 21:50:01
GER-Bundesliga,2324,Augsburg,Masaya Okugawa,JPN,"FW,MF",27,1996,2,0,32,0.4,0,0,0,0,0,0,0,0,0.0,0.0,0.0,0.0,0.0,GER,2023-2024,standard,fbref_soccerdata,2026-08-10 21:50:01
GER-Bundesliga,2324,Augsburg,Maximilian Bauer,GER,DF,23,2000,14,9,810,9.0,1,0,1,1,0,0,3,0,0.11,0.0,0.11,0.11,0.11,GER,2023-2024,standard,fbref_soccerdata,2026-08-10 21:50:01
GER-Bundesliga,2324,Augsburg,Mergim Berisha,GER,FW,25,1998,2,2,122,1.4,0,0,0,0,0,0,0,0,0.0,0.0,0.0,0.0,0.0,GER,2023-2024,standard,fbref_soccerdata,2026-08-10 21:50:01
GER-Bundesliga,2324,Augsburg,Mert Kömür,GER,FW,18,2005,4,1,118,1.3,1,0,1,1,0,0,0,0,0.76,0.0,0.76,0.76,0.76,GER,2023-2024,standard,fbref_soccerdata,2026-08-10 21:50:01
GER-Bundesliga,2324,Augsburg,Nathanaël Mbuku,COD,"FW,MF",21,2002,1,0,5,0.1,0,0,0,0,0,0,0,0,0.0,0.0,0.0,0.0,0.0,GER,2023-2024,standard,fbref_soccerdata,2026-08-10 21:50:01
GER-Bundesliga,2324,Augsburg,Niklas Dorsch,GER,MF,25,1998,21,16,1386,15.4,0,0,0,0,0,0,5,0,0.0,0.0,0.0,0.0,0.0,GER,2023-2024,standard,fbref_soccerdata,2026-08-10 21:50:01
GER-Bundesliga,2324,Augsburg,Ohis Felix Uduokhai,GER,DF,25,1997,33,33,2921,32.5,2,0,2,2,0,0,5,1,0.06,0.0,0.06,0.06,0.06,GER,2023-2024,standard,fbref_soccerdata,2026-08-10 21:50:01
GER-Bundesliga,2324,Augsburg,Patric Pfeiffer,GHA,DF,23,1999,11,4,511,5.7,0,1,1,0,0,0,0,0,0.0,0.18,0.18,0.0,0.18,GER,2023-2024,standard,fbref_soccerdata,2026-08-10 21:50:01
GER-Bundesliga,2324,Augsburg,Pep Biel,ESP,"FW,MF",26,1996,11,0,285,3.2,0,0,0,0,0,0,1,0,0.0,0.0,0.0,0.0,0.0,GER,2023-2024,standard,fbref_soccerdata,2026-08-10 21:50:01
GER-Bundesliga,2324,Augsburg,Phillip Tietz,GER,FW,26,1997,34,31,2382,26.5,8,4,12,8,0,0,1,0,0.3,0.15,0.45,0.3,0.45,GER,2023-2024,standard,fbref_soccerdata,2026-08-10 21:50:01
GER-Bundesliga,2324,Augsburg,Robert Gumny,POL,"DF,MF",25,1998,13,6,481,5.3,0,0,0,0,0,0,3,0,0.0,0.0,0.0,0.0,0.0,GER,2023-2024,standard,fbref_soccerdata,2026-08-10 21:50:01
GER-Bundesliga,2324,Augsburg,Ruben Vargas,SUI,"MF,FW",24,1998,31,25,1962,21.8,4,5,9,4,0,0,3,0,0.18,0.23,0.41,0.18,0.41,GER,2023-2024,standard,fbref_soccerdata,2026-08-10 21:50:01
GER-Bundesliga,2324,Augsburg,Sven Michel,GER,"FW,MF",33,1990,22,5,583,6.5,2,1,3,1,1,2,2,0,0.31,0.15,0.46,0.15,0.31,GER,2023-2024,standard,fbref_soccerdata,2026-08-10 21:50:01
GER-Bundesliga,2324,Augsburg,Tim Breithaupt,GER,MF,21,2002,16,6,629,7.0,0,0,0,0,0,0,3,0,0.0,0.0,0.0,0.0,0.0,GER,2023-2024,standard,fbref_soccerdata,2026-08-10 21:50:01
GER-Bundesliga,2324,Augsburg,Tomáš Koubek,CZE,GK,30,1992,3,3,270,3.0,0,0,0,0,0,0,0,0,0.0,0.0,0.0,0.0,0.0,GER,2023-2024,standard,fbref_soccerdata,2026-08-10 21:50:01
GER-Bundesliga,2324,Bayern Munich,Aleksandar Pavlovic,GER,MF,19,2004,19,14,1227,13.6,2,2,4,2,0,0,6,0,0.15,0.15,0.29,0.15,0.29,GER,2023-2024,standard,fbref_soccerdata,2026-08-10 21:50:01
GER-Bundesliga,2324,Bayern Munich,Alphonso Davies,CAN,DF,22,2000,29,24,2065,22.9,2,5,7,2,0,0,0,0,0.09,0.22,0.31,0.09,0.31,GER,2023-2024,standard,fbref_soccerdata,2026-08-10 21:50:01
GER-Bundesliga,2324,Bayern Munich,Bouna Sarr,SEN,DF,31,1992,2,1,106,1.2,0,0,0,0,0,0,0,0,0.0,0.0,0.0,0.0,0.0,GER,2023-2024,standard,fbref_soccerdata,2026-08-10 21:50:01
GER-Bundesliga,2324,Bayern Munich,Bryan Zaragoza,ESP,MF,21,2001,7,1,183,2.0,0,0,0,0,0,0,1,0,0.0,0.0,0.0,0.0,0.0,GER,2023-2024,standard,fbref_soccerdata,2026-08-10 21:50:01
GER-Bundesliga,2324,Bayern Munich,Daniel Peretz,ISR,GK,23,2000,1,0,17,0.2,0,0,0,0,0,0,0,0,0.0,0.0,0.0,0.0,0.0,GER,2023-2024,standard,fbref_soccerdata,2026-08-10 21:50:01
GER-Bundesliga,2324,Bayern Munich,Dayot Upamecano,FRA,DF,24,1998,25,19,1762,19.6,1,0,1,1,0,0,3,1,0.05,0.0,0.05,0.05,0.05,GER,2023-2024,standard,fbref_soccerdata,2026-08-10 21:50:01
GER-Bundesliga,2324,Bayern Munich,Eric Dier,ENG,DF,29,1994,15,13,1166,13.0,0,0,0,0,0,0,1,0,0.0,0.0,0.0,0.0,0.0,GER,2023-2024,standard,fbref_soccerdata,2026-08-10 21:50:01
GER-Bundesliga,2324,Bayern Munich,Eric Maxim Choupo-Moting,CMR,MF,34,1989,27,7,717,8.0,2,2,4,2,0,0,1,0,0.25,0.25,0.5,0.25,0.5,GER,2023-2024,standard,fbref_soccerdata,2026-08-10 21:50:01
GER-Bundesliga,2324,Bayern Munich,Frans Krätzig,GER,"DF,MF",20,2003,4,0,56,0.6,0,0,0,0,0,0,0,0,0.0,0.0,0.0,0.0,0.0,GER,2023-2024,standard,fbref_soccerdata,2026-08-10 21:50:01
GER-Bundesliga,2324,Bayern Munich,Harry Kane,ENG,FW,30,1993,32,32,2839,31.5,36,8,44,31,5,5,2,0,1.14,0.25,1.39,0.98,1.24,GER,2023-2024,standard,fbref_soccerdata,2026-08-10 21:50:01
GER-Bundesliga,2324,Bayern Munich,Jamal Musiala,GER,MF,20,2003,24,20,1755,19.5,10,5,15,10,0,0,2,0,0.51,0.26,0.77,0.51,0.77,GER,2023-2024,standard,fbref_soccerdata,2026-08-10 21:50:01
GER-Bundesliga,2324,Bayern Munich,Jonathan Asp Jensen,DEN,FW,17,2006,1,0,1,0.0,0,0,0,0,0,0,0,0,0.0,0.0,0.0,0.0,0.0,GER,2023-2024,standard,fbref_soccerdata,2026-08-10 21:50:01
GER-Bundesliga,2324,Bayern Munich,Joshua Kimmich,GER,"MF,DF",28,1995,28,27,2176,24.2,1,6,7,1,0,0,1,1,0.04,0.25,0.29,0.04,0.29,GER,2023-2024,standard,fbref_soccerdata,2026-08-10 21:50:01
GER-Bundesliga,2324,Bayern Munich,Kim Min-jae,KOR,DF,26,1996,25,22,1970,21.9,1,1,2,1,0,0,3,0,0.05,0.05,0.09,0.05,0.09,GER,2023-2024,standard,fbref_soccerdata,2026-08-10 21:50:01
GER-Bundesliga,2324,Bayern Munich,Kingsley Coman,FRA,MF,27,1996,17,15,1113,12.4,3,3,6,3,0,0,1,0,0.24,0.24,0.49,0.24,0.49,GER,2023-2024,standard,fbref_soccerdata,2026-08-10 21:50:01
GER-Bundesliga,2324,Bayern Munich,Konrad Laimer,AUT,"MF,DF",26,1997,29,18,1772,19.7,0,3,3,0,0,0,3,0,0.0,0.15,0.15,0.0,0.15,GER,2023-2024,standard,fbref_soccerdata,2026-08-10 21:50:01
GER-Bundesliga,2324,Bayern Munich,Leon Goretzka,GER,MF,28,1995,30,25,2241,24.9,6,7,13,6,0,0,3,0,0.24,0.28,0.52,0.24,0.52,GER,2023-2024,standard,fbref_soccerdata,2026-08-10 21:50:01
GER-Bundesliga,2324,Bayern Munich,Leroy Sané,GER,MF,27,1996,27,25,2137,23.7,8,11,19,8,0,0,4,0,0.34,0.46,0.8,0.34,0.8,GER,2023-2024,standard,fbref_soccerdata,2026-08-10 21:50:01
GER-Bundesliga,2324,Bayern Munich,Lovro Zvonarek,CRO,MF,18,2005,5,1,163,1.8,1,0,1,1,0,0,0,0,0.55,0.0,0.55,0.55,0.55,GER,2023-2024,standard,fbref_soccerdata,2026-08-10 21:50:01
GER-Bundesliga,2324,Bayern Munich,Manuel Neuer,GER,GK,37,1986,23,23,2053,22.8,0,0,0,0,0,0,1,0,0.0,0.0,0.0,0.0,0.0,GER,2023-2024,standard,fbref_soccerdata,2026-08-10 21:50:01
GER-Bundesliga,2324,Bayern Munich,Mathys Tel,FRA,"MF,FW",18,2005,30,6,1050,11.7,7,5,12,7,0,0,2,0,0.6,0.43,1.03,0.6,1.03,GER,2023-2024,standard,fbref_soccerdata,2026-08-10 21:50:01
GER-Bundesliga,2324,Bayern Munich,Matteo Perez Vinlöf,SWE,DF,17,2005,1,0,16,0.2,0,0,0,0,0,0,0,0,0.0,0.0,0.0,0.0,0.0,GER,2023-2024,standard,fbref_soccerdata,2026-08-10 21:50:01
GER-Bundesliga,2324,Bayern Munich,Matthijs de Ligt,NED,DF,23,1999,22,16,1390,15.4,2,0,2,2,0,0,5,0,0.13,0.0,0.13,0.13,0.13,GER,2023-2024,standard,fbref_soccerdata,2026-08-10 21:50:01
GER-Bundesliga,2324,Bayern Munich,Noussair Mazraoui,MAR,DF,25,1997,19,15,1197,13.3,0,3,3,0,0,0,3,0,0.0,0.23,0.23,0.0,0.23,GER,2023-2024,standard,fbref_soccerdata,2026-08-10 21:50:01
GER-Bundesliga,2324,Bayern Munich,Raphaël Guerreiro,POR,"MF,DF",29,1993,20,13,1191,13.2,3,0,3,3,0,0,2,0,0.23,0.0,0.23,0.23,0.23,GER,2023-2024,standard,fbref_soccerdata,2026-08-10 21:50:01
GER-Bundesliga,2324,Bayern Munich,Ryan Gravenberch,NED,MF,21,2002,1,0,10,0.1,0,0,0,0,0,0,1,0,0.0,0.0,0.0,0.0,0.0,GER,2023-2024,standard,fbref_soccerdata,2026-08-10 21:50:01
GER-Bundesliga,2324,Bayern Munich,Sacha Boey,FRA,MF,22,2000,2,1,109,1.2,0,0,0,0,0,0,1,0,0.0,0.0,0.0,0.0,0.0,GER,2023-2024,standard,fbref_soccerdata,2026-08-10 21:50:01
GER-Bundesliga,2324,Bayern Munich,Serge Gnabry,GER,MF,28,1995,10,5,432,4.8,3,1,4,3,0,0,0,0,0.62,0.21,0.83,0.62,0.83,GER,2023-2024,standard,fbref_soccerdata,2026-08-10 21:50:01
GER-Bundesliga,2324,Bayern Munich,Sven Ulreich,GER,GK,34,1988,11,11,990,11.0,0,0,0,0,0,0,1,0,0.0,0.0,0.0,0.0,0.0,GER,2023-2024,standard,fbref_soccerdata,2026-08-10 21:50:01
GER-Bundesliga,2324,Bayern Munich,Thomas Müller,GER,MF,33,1989,31,20,1654,18.4,5,9,14,5,0,0,0,0,0.27,0.49,0.76,0.27,0.76,GER,2023-2024,standard,fbref_soccerdata,2026-08-10 21:50:01
GER-Bundesliga,2324,Bochum,Andreas Luthe,GER,GK,36,1987,1,1,90,1.0,0,0,0,0,0,0,0,0,0.0,0.0,0.0,0.0,0.0,GER,2023-2024,standard,fbref_soccerdata,2026-08-10 21:50:01
GER-Bundesliga,2324,Bochum,Anthony Losilla,FRA,MF,37,1986,31,31,2576,28.6,1,2,3,1,0,0,10,0,0.03,0.07,0.1,0.03,0.1,GER,2023-2024,standard,fbref_soccerdata,2026-08-10 21:50:01
GER-Bundesliga,2324,Bochum,Bernardo,BRA,DF,28,1995,33,33,2924,32.5,1,0,1,1,0,0,9,0,0.03,0.0,0.03,0.03,0.03,GER,2023-2024,standard,fbref_soccerdata,2026-08-10 21:50:01
GER-Bundesliga,2324,Bochum,Christopher Antwi-Adjei,GHA,"FW,MF",29,1994,25,11,1216,13.5,2,2,4,2,0,0,5,0,0.15,0.15,0.3,0.15,0.3,GER,2023-2024,standard,fbref_soccerdata,2026-08-10 21:50:01
GER-Bundesliga,2324,Bochum,Cristian Gamboa,CRC,"DF,MF",33,1989,22,12,1187,13.2,0,1,1,0,0,0,6,0,0.0,0.08,0.08,0.0,0.08,GER,2023-2024,standard,fbref_soccerdata,2026-08-10 21:50:01
GER-Bundesliga,2324,Bochum,Danilo Soares,BRA,MF,31,1991,5,3,351,3.9,0,0,0,0,0,0,0,0,0.0,0.0,0.0,0.0,0.0,GER,2023-2024,standard,fbref_soccerdata,2026-08-10 21:50:01
GER-Bundesliga,2324,Bochum,Erhan Mašović,SRB,"DF,MF",24,1998,29,24,2219,24.7,0,0,0,0,0,0,7,0,0.0,0.0,0.0,0.0,0.0,GER,2023-2024,standard,fbref_soccerdata,2026-08-10 21:50:01
GER-Bundesliga,2324,Bochum,Felix Passlack,GER,"DF,MF",25,1998,15,13,960,10.7,2,2,4,2,0,0,2,1,0.19,0.19,0.37,0.19,0.37,GER,2023-2024,standard,fbref_soccerdata,2026-08-10 21:50:01
GER-Bundesliga,2324,Bochum,Gonçalo Paciência,POR,FW,28,1994,19,6,650,7.2,3,1,4,3,0,0,3,0,0.42,0.14,0.55,0.42,0.55,GER,2023-2024,standard,fbref_soccerdata,2026-08-10 21:50:01
GER-Bundesliga,2324,Bochum,Ivan Ordets,UKR,DF,31,1992,24,21,1880,20.9,1,0,1,1,0,0,4,0,0.05,0.0,0.05,0.05,0.05,GER,2023-2024,standard,fbref_soccerdata,2026-08-10 21:50:01
GER-Bundesliga,2324,Bochum,Keven Schlotterbeck,GER,DF,26,1997,27,24,2185,24.3,5,1,6,5,0,0,9,0,0.21,0.04,0.25,0.21,0.25,GER,2023-2024,standard,fbref_soccerdata,2026-08-10 21:50:01
GER-Bundesliga,2324,Bochum,Kevin Stöger,AUT,MF,29,1993,32,32,2668,29.6,7,10,17,3,4,4,8,0,0.24,0.34,0.57,0.1,0.44,GER,2023-2024,standard,fbref_soccerdata,2026-08-10 21:50:01
GER-Bundesliga,2324,Bochum,Lukas Daschner,GER,"FW,MF",24,1998,20,3,536,6.0,1,1,2,1,0,0,2,0,0.17,0.17,0.34,0.17,0.34,GER,2023-2024,standard,fbref_soccerdata,2026-08-10 21:50:01
GER-Bundesliga,2324,Bochum,Manuel Riemann,GER,GK,34,1988,33,33,2970,33.0,0,0,0,0,0,0,5,0,0.0,0.0,0.0,0.0,0.0,GER,2023-2024,standard,fbref_soccerdata,2026-08-10 21:50:01
GER-Bundesliga,2324,Bochum,Matúš Bero,SVK,"MF,FW",27,1995,24,20,1661,18.5,1,1,2,1,0,0,6,0,0.05,0.05,0.11,0.05,0.11,GER,2023-2024,standard,fbref_soccerdata,2026-08-10 21:50:01
GER-Bundesliga,2324,Bochum,Maximilian Wittek,GER,"MF,DF",27,1995,21,13,1070,11.9,3,1,4,3,0,0,4,0,0.25,0.08,0.34,0.25,0.34,GER,2023-2024,standard,fbref_soccerdata,2026-08-10 21:50:01
GER-Bundesliga,2324,Bochum,Moritz Broschinski,GER,"FW,MF",22,2000,26,14,1247,13.9,2,3,5,2,0,0,4,0,0.14,0.22,0.36,0.14,0.36,GER,2023-2024,standard,fbref_soccerdata,2026-08-10 21:50:01
GER-Bundesliga,2324,Bochum,Moritz-Broni Kwarteng,GHA,"MF,FW",25,1998,11,2,281,3.1,0,1,1,0,0,0,1,1,0.0,0.32,0.32,0.0,0.32,GER,2023-2024,standard,fbref_soccerdata,2026-08-10 21:50:01
GER-Bundesliga,2324,Bochum,Noah Loosli,SUI,DF,26,1997,10,2,346,3.8,0,0,0,0,0,0,1,0,0.0,0.0,0.0,0.0,0.0,GER,2023-2024,standard,fbref_soccerdata,2026-08-10 21:50:01
GER-Bundesliga,2324,Bochum,Patrick Osterhage,GER,MF,23,2000,24,21,1861,20.7,2,1,3,2,0,0,5,0,0.1,0.05,0.15,0.1,0.15,GER,2023-2024,standard,fbref_soccerdata,2026-08-10 21:50:01
GER-Bundesliga,2324,Bochum,Philipp Förster,GER,MF,28,1995,13,3,385,4.3,0,0,0,0,0,0,1,0,0.0,0.0,0.0,0.0,0.0,GER,2023-2024,standard,fbref_soccerdata,2026-08-10 21:50:01
GER-Bundesliga,2324,Bochum,Philipp Hofmann,GER,FW,30,1993,29,18,1571,17.5,4,2,6,4,0,0,1,0,0.23,0.11,0.34,0.23,0.34,GER,2023-2024,standard,fbref_soccerdata,2026-08-10 21:50:01
GER-Bundesliga,2324,Bochum,Simon Zoller,GER,"FW,MF",32,1991,1,0,45,0.5,0,0,0,0,0,0,0,0,0.0,0.0,0.0,0.0,0.0,GER,2023-2024,standard,fbref_soccerdata,2026-08-10 21:50:01
GER-Bundesliga,2324,Bochum,Takuma Asano,JPN,"FW,MF",28,1994,29,26,1986,22.1,6,1,7,6,0,0,2,0,0.27,0.05,0.32,0.27,0.32,GER,2023-2024,standard,fbref_soccerdata,2026-08-10 21:50:01
GER-Bundesliga,2324,Bochum,Tim Oermann,GER,DF,19,2003,16,8,714,7.9,0,0,0,0,0,0,2,0,0.0,0.0,0.0,0.0,0.0,GER,2023-2024,standard,fbref_soccerdata,2026-08-10 21:50:01
GER-Bundesliga,2324,Darmstadt 98,Aaron Seydel,GER,FW,27,1996,16,5,619,6.9,1,0,1,1,0,0,1,0,0.15,0.0,0.15,0.15,0.15,GER,2023-2024,standard,fbref_soccerdata,2026-08-10 21:50:01
GER-Bundesliga,2324,Darmstadt 98,Alexander Brunst,GER,GK,28,1995,3,3,270,3.0,0,0,0,0,0,0,2,0,0.0,0.0,0.0,0.0,0.0,GER,2023-2024,standard,fbref_soccerdata,2026-08-10 21:50:01
GER-Bundesliga,2324,Darmstadt 98,Andreas Müller,GER,MF,23,2000,11,2,349,3.9,0,0,0,0,0,0,3,0,0.0,0.0,0.0,0.0,0.0,GER,2023-2024,standard,fbref_soccerdata,2026-08-10 21:50:01
GER-Bundesliga,2324,Darmstadt 98,Asaf Arania,ISR,FW,17,2005,1,0,6,0.1,0,0,0,0,0,0,0,0,0.0,0.0,0.0,0.0,0.0,GER,2023-2024,standard,fbref_soccerdata,2026-08-10 21:50:01
GER-Bundesliga,2324,Darmstadt 98,Bartol Franjić,CRO,MF,23,2000,20,14,1229,13.7,0,1,1,0,0,0,5,0,0.0,0.07,0.07,0.0,0.07,GER,2023-2024,standard,fbref_soccerdata,2026-08-10 21:50:01
GER-Bundesliga,2324,Darmstadt 98,Braydon Manu,GHA,MF,26,1997,4,3,171,1.9,0,0,0,0,0,0,1,0,0.0,0.0,0.0,0.0,0.0,GER,2023-2024,standard,fbref_soccerdata,2026-08-10 21:50:01
GER-Bundesliga,2324,Darmstadt 98,Christoph Klarer,AUT,DF,23,2000,30,28,2354,26.2,2,2,4,2,0,0,9,0,0.08,0.08,0.15,0.08,0.15,GER,2023-2024,standard,fbref_soccerdata,2026-08-10 21:50:01
GER-Bundesliga,2324,Darmstadt 98,Christoph Zimmermann,GER,DF,30,1993,19,12,1220,13.6,0,0,0,0,0,0,5,0,0.0,0.0,0.0,0.0,0.0,GER,2023-2024,standard,fbref_soccerdata,2026-08-10 21:50:01
GER-Bundesliga,2324,Darmstadt 98,Clemens Riedel,GER,"DF,MF",20,2003,14,9,755,8.4,0,0,0,0,0,0,2,0,0.0,0.0,0.0,0.0,0.0,GER,2023-2024,standard,fbref_soccerdata,2026-08-10 21:50:01
GER-Bundesliga,2324,Darmstadt 98,Emir Karic,BIH,"MF,DF",26,1997,27,18,1783,19.8,0,0,0,0,0,0,4,0,0.0,0.0,0.0,0.0,0.0,GER,2023-2024,standard,fbref_soccerdata,2026-08-10 21:50:01
GER-Bundesliga,2324,Darmstadt 98,Fabian Holland,GER,"MF,DF",33,1990,23,23,1835,20.4,0,2,2,0,0,0,4,1,0.0,0.1,0.1,0.0,0.1,GER,2023-2024,standard,fbref_soccerdata,2026-08-10 21:50:01
GER-Bundesliga,2324,Darmstadt 98,Fabian Nürnberger,BUL,MF,24,1999,21,17,1513,16.8,1,1,2,1,0,0,2,0,0.06,0.06,0.12,0.06,0.12,GER,2023-2024,standard,fbref_soccerdata,2026-08-10 21:50:01
GER-Bundesliga,2324,Darmstadt 98,Fabian Schnellhardt,GER,MF,29,1994,10,2,235,2.6,0,0,0,0,0,0,1,0,0.0,0.0,0.0,0.0,0.0,GER,2023-2024,standard,fbref_soccerdata,2026-08-10 21:50:01
GER-Bundesliga,2324,Darmstadt 98,Fabio Torsiello,ITA,FW,18,2005,10,1,156,1.7,0,0,0,0,0,0,0,0,0.0,0.0,0.0,0.0,0.0,GER,2023-2024,standard,fbref_soccerdata,2026-08-10 21:50:01
GER-Bundesliga,2324,Darmstadt 98,Filip Stojilković,SUI,FW,23,2000,6,0,154,1.7,0,0,0,0,0,0,1,0,0.0,0.0,0.0,0.0,0.0,GER,2023-2024,standard,fbref_soccerdata,2026-08-10 21:50:01
GER-Bundesliga,2324,Darmstadt 98,Frank Ronstadt,GER,"DF,MF",26,1997,4,0,76,0.8,0,0,0,0,0,0,0,0,0.0,0.0,0.0,0.0,0.0,GER,2023-2024,standard,fbref_soccerdata,2026-08-10 21:50:01
GER-Bundesliga,2324,Darmstadt 98,Fraser Hornby,SCO,FW,23,1999,7,1,217,2.4,0,0,0,0,0,0,1,0,0.0,0.0,0.0,0.0,0.0,GER,2023-2024,standard,fbref_soccerdata,2026-08-10 21:50:01
GER-Bundesliga,2324,Darmstadt 98,Gerrit Holtmann,PHI,MF,28,1995,10,2,392,4.4,0,0,0,0,0,0,1,0,0.0,0.0,0.0,0.0,0.0,GER,2023-2024,standard,fbref_soccerdata,2026-08-10 21:50:01
GER-Bundesliga,2324,Darmstadt 98,Jannik Müller,GER,DF,29,1994,16,12,1134,12.6,0,0,0,0,0,0,5,0,0.0,0.0,0.0,0.0,0.0,GER,2023-2024,standard,fbref_soccerdata,2026-08-10 21:50:01
GER-Bundesliga,2324,Darmstadt 98,Julian Justvan,GER,MF,25,1998,14,11,1023,11.4,2,2,4,2,0,0,1,0,0.18,0.18,0.35,0.18,0.35,GER,2023-2024,standard,fbref_soccerdata,2026-08-10 21:50:01
GER-Bundesliga,2324,Darmstadt 98,Klaus Gjasula,ALB,"DF,MF",33,1989,22,17,1363,15.1,0,0,0,0,0,0,7,1,0.0,0.0,0.0,0.0,0.0,GER,2023-2024,standard,fbref_soccerdata,2026-08-10 21:50:01
GER-Bundesliga,2324,Darmstadt 98,Luca Pfeiffer,GER,"FW,MF",26,1996,24,20,1619,18.0,1,4,5,1,0,0,3,0,0.06,0.22,0.28,0.06,0.28,GER,2023-2024,standard,fbref_soccerdata,2026-08-10 21:50:01
GER-Bundesliga,2324,Darmstadt 98,Marcel Schuhen,GER,GK,30,1993,31,31,2790,31.0,0,0,0,0,0,0,2,0,0.0,0.0,0.0,0.0,0.0,GER,2023-2024,standard,fbref_soccerdata,2026-08-10 21:50:01
GER-Bundesliga,2324,Darmstadt 98,Marvin Mehlem,GER,MF,25,1997,20,19,1482,16.5,3,2,5,3,0,0,3,0,0.18,0.12,0.3,0.18,0.3,GER,2023-2024,standard,fbref_soccerdata,2026-08-10 21:50:01
GER-Bundesliga,2324,Darmstadt 98,Matej Maglica,CRO,DF,24,1998,26,21,1698,18.9,1,0,1,1,0,0,7,2,0.05,0.0,0.05,0.05,0.05,GER,2023-2024,standard,fbref_soccerdata,2026-08-10 21:50:01
GER-Bundesliga,2324,Darmstadt 98,Mathias Honsak,AUT,"MF,FW",26,1996,23,10,1021,11.3,1,1,2,1,0,0,1,0,0.09,0.09,0.18,0.09,0.18,GER,2023-2024,standard,fbref_soccerdata,2026-08-10 21:50:01
GER-Bundesliga,2324,Darmstadt 98,Matthias Bader,GER,"MF,DF",26,1997,24,21,1802,20.0,1,2,3,1,0,0,1,0,0.05,0.1,0.15,0.05,0.15,GER,2023-2024,standard,fbref_soccerdata,2026-08-10 21:50:01
GER-Bundesliga,2324,Darmstadt 98,Oscar Vilhelmsson,SWE,FW,19,2003,26,16,1374,15.3,4,1,5,4,0,0,2,0,0.26,0.07,0.33,0.26,0.33,GER,2023-2024,standard,fbref_soccerdata,2026-08-10 21:50:01
GER-Bundesliga,2324,Darmstadt 98,Sebastian Polter,GER,FW,32,1991,9,4,446,5.0,0,1,1,0,0,0,0,0,0.0,0.2,0.2,0.0,0.2,GER,2023-2024,standard,fbref_soccerdata,2026-08-10 21:50:01
GER-Bundesliga,2324,Darmstadt 98,Thomas Isherwood,SWE,DF,25,1998,12,8,636,7.1,0,0,0,0,0,0,1,0,0.0,0.0,0.0,0.0,0.0,GER,2023-2024,standard,fbref_soccerdata,2026-08-10 21:50:01
GER-Bundesliga,2324,Darmstadt 98,Tim Skarke,GER,"FW,MF",26,1996,30,29,2404,26.7,8,0,8,8,0,0,7,0,0.3,0.0,0.3,0.3,0.3,GER,2023-2024,standard,fbref_soccerdata,2026-08-10 21:50:01
GER-Bundesliga,2324,Darmstadt 98,Tobias Kempe,GER,MF,34,1989,24,15,1350,15.0,3,2,5,0,3,3,1,0,0.2,0.13,0.33,0.0,0.13,GER,2023-2024,standard,fbref_soccerdata,2026-08-10 21:50:01
GER-Bundesliga,2324,Dortmund,Alexander Meyer,GER,GK,32,1991,8,7,695,7.7,0,0,0,0,0,0,0,0,0.0,0.0,0.0,0.0,0.0,GER,2023-2024,standard,fbref_soccerdata,2026-08-10 21:50:01
GER-Bundesliga,2324,Dortmund,Antonios Papadopoulos,GER,DF,23,1999,2,1,117,1.3,0,0,0,0,0,0,0,0,0.0,0.0,0.0,0.0,0.0,GER,2023-2024,standard,fbref_soccerdata,2026-08-10 21:50:01
GER-Bundesliga,2324,Dortmund,Donyell Malen,NED,"MF,FW",24,1999,27,21,1781,19.8,13,1,14,13,0,0,5,0,0.66,0.05,0.71,0.66,0.71,GER,2023-2024,standard,fbref_soccerdata,2026-08-10 21:50:01
GER-Bundesliga,2324,Dortmund,Emre Can,GER,MF,29,1994,25,22,1953,21.7,2,2,4,0,2,2,5,0,0.09,0.09,0.18,0.0,0.09,GER,2023-2024,standard,fbref_soccerdata,2026-08-10 21:50:01
GER-Bundesliga,2324,Dortmund,Felix Nmecha,GER,MF,22,2000,20,10,1021,11.3,1,2,3,1,0,0,3,0,0.09,0.18,0.26,0.09,0.26,GER,2023-2024,standard,fbref_soccerdata,2026-08-10 21:50:01
GER-Bundesliga,2324,Dortmund,Gio Reyna,USA,MF,20,2002,11,1,280,3.1,0,0,0,0,0,0,1,0,0.0,0.0,0.0,0.0,0.0,GER,2023-2024,standard,fbref_soccerdata,2026-08-10 21:50:01
GER-Bundesliga,2324,Dortmund,Gregor Kobel,SUI,GK,25,1997,27,27,2365,26.3,0,0,0,0,0,0,1,0,0.0,0.0,0.0,0.0,0.0,GER,2023-2024,standard,fbref_soccerdata,2026-08-10 21:50:01
GER-Bundesliga,2324,Dortmund,Hendry Blank,GER,DF,18,2004,1,0,45,0.5,0,0,0,0,0,0,0,0,0.0,0.0,0.0,0.0,0.0,GER,2023-2024,standard,fbref_soccerdata,2026-08-10 21:50:01
GER-Bundesliga,2324,Dortmund,Ian Maatsen,NED,DF,21,2002,16,15,1264,14.0,2,2,4,2,0,0,5,0,0.14,0.14,0.28,0.14,0.28,GER,2023-2024,standard,fbref_soccerdata,2026-08-10 21:50:01
GER-Bundesliga,2324,Dortmund,Jadon Sancho,ENG,"MF,FW",23,2000,14,11,947,10.5,2,2,4,2,0,0,1,0,0.19,0.19,0.38,0.19,0.38,GER,2023-2024,standard,fbref_soccerdata,2026-08-10 21:50:01
GER-Bundesliga,2324,Dortmund,Jamie Gittens,ENG,"MF,FW",18,2004,25,14,1058,11.8,1,4,5,1,0,0,1,0,0.09,0.34,0.43,0.09,0.43,GER,2023-2024,standard,fbref_soccerdata,2026-08-10 21:50:01
GER-Bundesliga,2324,Dortmund,Julian Brandt,GER,MF,27,1996,32,26,2223,24.7,7,11,18,7,0,0,2,0,0.28,0.45,0.73,0.28,0.73,GER,2023-2024,standard,fbref_soccerdata,2026-08-10 21:50:01
GER-Bundesliga,2324,Dortmund,Julian Ryerson,NOR,DF,25,1997,21,20,1767,19.6,4,1,5,4,0,0,3,0,0.2,0.05,0.25,0.2,0.25,GER,2023-2024,standard,fbref_soccerdata,2026-08-10 21:50:01
GER-Bundesliga,2324,Dortmund,Julien Duranville,BEL,FW,17,2006,2,0,12,0.1,0,0,0,0,0,0,0,0,0.0,0.0,0.0,0.0,0.0,GER,2023-2024,standard,fbref_soccerdata,2026-08-10 21:50:01
GER-Bundesliga,2324,Dortmund,Karim Adeyemi,GER,"FW,MF",21,2002,21,10,913,10.1,3,1,4,3,0,0,6,1,0.3,0.1,0.39,0.3,0.39,GER,2023-2024,standard,fbref_soccerdata,2026-08-10 21:50:01
GER-Bundesliga,2324,Dortmund,Kjell-Arik Wätjen,GER,MF,17,2006,2,1,105,1.2,0,1,1,0,0,0,0,0,0.0,0.86,0.86,0.0,0.86,GER,2023-2024,standard,fbref_soccerdata,2026-08-10 21:50:01
GER-Bundesliga,2324,Dortmund,Marcel Sabitzer,AUT,MF,29,1994,25,23,1961,21.8,4,3,7,3,1,1,3,1,0.18,0.14,0.32,0.14,0.28,GER,2023-2024,standard,fbref_soccerdata,2026-08-10 21:50:01
GER-Bundesliga,2324,Dortmund,Marco Reus,GER,MF,34,1989,26,18,1601,17.8,6,8,14,6,0,0,2,0,0.34,0.45,0.79,0.34,0.79,GER,2023-2024,standard,fbref_soccerdata,2026-08-10 21:50:01
GER-Bundesliga,2324,Dortmund,Marius Wolf,GER,DF,28,1995,22,12,1166,13.0,0,1,1,0,0,0,2,0,0.0,0.08,0.08,0.0,0.08,GER,2023-2024,standard,fbref_soccerdata,2026-08-10 21:50:01
GER-Bundesliga,2324,Dortmund,Mateu Morey,ESP,DF,23,2000,3,2,110,1.2,0,0,0,0,0,0,0,0,0.0,0.0,0.0,0.0,0.0,GER,2023-2024,standard,fbref_soccerdata,2026-08-10 21:50:01
GER-Bundesliga,2324,Dortmund,Mats Hummels,GER,DF,34,1988,25,20,1581,17.6,3,0,3,3,0,0,4,1,0.17,0.0,0.17,0.17,0.17,GER,2023-2024,standard,fbref_soccerdata,2026-08-10 21:50:01
GER-Bundesliga,2324,Dortmund,Niclas Füllkrug,GER,FW,30,1993,29,27,2212,24.6,12,8,20,9,3,3,1,0,0.49,0.33,0.81,0.37,0.69,GER,2023-2024,standard,fbref_soccerdata,2026-08-10 21:50:01
GER-Bundesliga,2324,Dortmund,Nico Schlotterbeck,GER,DF,23,1999,33,32,2859,31.8,2,1,3,2,0,0,4,0,0.06,0.03,0.09,0.06,0.09,GER,2023-2024,standard,fbref_soccerdata,2026-08-10 21:50:01
GER-Bundesliga,2324,Dortmund,Niklas Süle,GER,DF,27,1995,23,14,1514,16.8,1,0,1,1,0,0,0,0,0.06,0.0,0.06,0.06,0.06,GER,2023-2024,standard,fbref_soccerdata,2026-08-10 21:50:01
GER-Bundesliga,2324,Dortmund,Ole Pohlmann,GER,"FW,MF",22,2001,2,0,54,0.6,0,0,0,0,0,0,0,0,0.0,0.0,0.0,0.0,0.0,GER,2023-2024,standard,fbref_soccerdata,2026-08-10 21:50:01
GER-Bundesliga,2324,Dortmund,Ramy Bensebaini,ALG,DF,28,1995,17,11,1033,11.5,0,0,0,0,0,0,4,1,0.0,0.0,0.0,0.0,0.0,GER,2023-2024,standard,fbref_soccerdata,2026-08-10 21:50:01
GER-Bundesliga,2324,Dortmund,Salih Özcan,TUR,MF,25,1998,23,13,1184,13.2,0,0,0,0,0,0,3,0,0.0,0.0,0.0,0.0,0.0,GER,2023-2024,standard,fbref_soccerdata,2026-08-10 21:50:01
GER-Bundesliga,2324,Dortmund,Samuel Bamba,GER,FW,19,2004,2,0,47,0.5,0,0,0,0,0,0,0,0,0.0,0.0,0.0,0.0,0.0,GER,2023-2024,standard,fbref_soccerdata,2026-08-10 21:50:01
GER-Bundesliga,2324,Dortmund,Sébastien Haller,CIV,FW,29,1994,14,5,396,4.4,0,1,1,0,0,0,2,0,0.0,0.23,0.23,0.0,0.23,GER,2023-2024,standard,fbref_soccerdata,2026-08-10 21:50:01
GER-Bundesliga,2324,Dortmund,Thomas Meunier,BEL,DF,31,1991,8,7,586,6.5,0,0,0,0,0,0,0,0,0.0,0.0,0.0,0.0,0.0,GER,2023-2024,standard,fbref_soccerdata,2026-08-10 21:50:01
GER-Bundesliga,2324,Dortmund,Thorgan Hazard,BEL,"FW,MF",30,1993,1,0,7,0.1,0,0,0,0,0,0,0,0,0.0,0.0,0.0,0.0,0.0,GER,2023-2024,standard,fbref_soccerdata,2026-08-10 21:50:01
GER-Bundesliga,2324,Dortmund,Youssoufa Moukoko,GER,FW,18,2004,20,4,625,6.9,5,0,5,5,0,0,1,0,0.72,0.0,0.72,0.72,0.72,GER,2023-2024,standard,fbref_soccerdata,2026-08-10 21:50:01
GER-Bundesliga,2324,Frankfurt,Ansgar Knauff,GER,"MF,FW",21,2002,31,24,2109,23.4,7,2,9,7,0,0,7,1,0.3,0.09,0.38,0.3,0.38,GER,2023-2024,standard,fbref_soccerdata,2026-08-10 21:50:01
GER-Bundesliga,2324,Frankfurt,Aurélio Buta,POR,"MF,DF",26,1997,30,20,1744,19.4,1,1,2,1,0,0,5,0,0.05,0.05,0.1,0.05,0.1,GER,2023-2024,standard,fbref_soccerdata,2026-08-10 21:50:01
GER-Bundesliga,2324,Frankfurt,Christopher Lenz,GER,"DF,MF",28,1994,1,0,10,0.1,0,0,0,0,0,0,0,0,0.0,0.0,0.0,0.0,0.0,GER,2023-2024,standard,fbref_soccerdata,2026-08-10 21:50:01
GER-Bundesliga,2324,Frankfurt,Donny van de Beek,NED,"MF,FW",26,1997,8,4,357,4.0,0,0,0,0,0,0,1,0,0.0,0.0,0.0,0.0,0.0,GER,2023-2024,standard,fbref_soccerdata,2026-08-10 21:50:01
GER-Bundesliga,2324,Frankfurt,Elias Baum,GER,DF,17,2005,4,0,28,0.3,0,0,0,0,0,0,0,0,0.0,0.0,0.0,0.0,0.0,GER,2023-2024,standard,fbref_soccerdata,2026-08-10 21:50:01
GER-Bundesliga,2324,Frankfurt,Ellyes Skhiri,TUN,MF,28,1995,27,24,2168,24.1,2,2,4,2,0,0,1,0,0.08,0.08,0.17,0.08,0.17,GER,2023-2024,standard,fbref_soccerdata,2026-08-10 21:50:01
GER-Bundesliga,2324,Frankfurt,Fares Chaïbi,ALG,"MF,FW",20,2002,28,21,1912,21.2,2,4,6,2,0,0,2,0,0.09,0.19,0.28,0.09,0.28,GER,2023-2024,standard,fbref_soccerdata,2026-08-10 21:50:01
GER-Bundesliga,2324,Frankfurt,Hrvoje Smolčić,CRO,DF,22,2000,11,3,347,3.9,1,0,1,1,0,0,0,0,0.26,0.0,0.26,0.26,0.26,GER,2023-2024,standard,fbref_soccerdata,2026-08-10 21:50:01
GER-Bundesliga,2324,Frankfurt,Hugo Ekitike,FRA,FW,21,2002,14,7,716,8.0,4,2,6,4,0,0,3,0,0.5,0.25,0.75,0.5,0.75,GER,2023-2024,standard,fbref_soccerdata,2026-08-10 21:50:01
GER-Bundesliga,2324,Frankfurt,Hugo Larsson,SWE,MF,19,2004,29,21,1886,21.0,2,1,3,2,0,0,1,0,0.1,0.05,0.14,0.1,0.14,GER,2023-2024,standard,fbref_soccerdata,2026-08-10 21:50:01
GER-Bundesliga,2324,Frankfurt,Jean Mattéo Bahoya,FRA,MF,18,2005,8,1,177,2.0,0,0,0,0,0,0,0,0,0.0,0.0,0.0,0.0,0.0,GER,2023-2024,standard,fbref_soccerdata,2026-08-10 21:50:01
GER-Bundesliga,2324,Frankfurt,Jens Grahl,GER,GK,34,1988,2,2,180,2.0,0,1,1,0,0,0,0,0,0.0,0.5,0.5,0.0,0.5,GER,2023-2024,standard,fbref_soccerdata,2026-08-10 21:50:01
GER-Bundesliga,2324,Frankfurt,Jens Petter Hauge,NOR,"DF,FW",23,1999,10,0,147,1.6,0,0,0,0,0,0,0,0,0.0,0.0,0.0,0.0,0.0,GER,2023-2024,standard,fbref_soccerdata,2026-08-10 21:50:01
GER-Bundesliga,2324,Frankfurt,Jesper Lindstrøm,DEN,FW,23,2000,1,1,83,0.9,0,0,0,0,0,0,0,0,0.0,0.0,0.0,0.0,0.0,GER,2023-2024,standard,fbref_soccerdata,2026-08-10 21:50:01
GER-Bundesliga,2324,Frankfurt,Jessic Ngankam,GER,FW,23,2000,15,2,280,3.1,0,0,0,0,0,1,2,0,0.0,0.0,0.0,0.0,0.0,GER,2023-2024,standard,fbref_soccerdata,2026-08-10 21:50:01
GER-Bundesliga,2324,Frankfurt,Junior Dina Ebimbe,CMR,MF,22,2000,31,25,1956,21.7,5,3,8,5,0,0,5,0,0.23,0.14,0.37,0.23,0.37,GER,2023-2024,standard,fbref_soccerdata,2026-08-10 21:50:01
GER-Bundesliga,2324,Frankfurt,Kevin Trapp,GER,GK,33,1990,32,32,2880,32.0,0,0,0,0,0,0,2,0,0.0,0.0,0.0,0.0,0.0,GER,2023-2024,standard,fbref_soccerdata,2026-08-10 21:50:01
GER-Bundesliga,2324,Frankfurt,Kristijan Jakić,CRO,MF,26,1997,4,1,200,2.2,0,0,0,0,0,0,1,0,0.0,0.0,0.0,0.0,0.0,GER,2023-2024,standard,fbref_soccerdata,2026-08-10 21:50:01
GER-Bundesliga,2324,Frankfurt,Makoto Hasebe,JPN,"MF,DF",39,1984,8,2,218,2.4,0,0,0,0,0,0,1,0,0.0,0.0,0.0,0.0,0.0,GER,2023-2024,standard,fbref_soccerdata,2026-08-10 21:50:01
GER-Bundesliga,2324,Frankfurt,Mario Götze,GER,MF,31,1992,30,23,2068,23.0,3,2,5,3,0,0,5,1,0.13,0.09,0.22,0.13,0.22,GER,2023-2024,standard,fbref_soccerdata,2026-08-10 21:50:01
GER-Bundesliga,2324,Frankfurt,Marko Mladenović,SRB,MF,18,2005,1,0,6,0.1,0,0,0,0,0,0,0,0,0.0,0.0,0.0,0.0,0.0,GER,2023-2024,standard,fbref_soccerdata,2026-08-10 21:50:01
GER-Bundesliga,2324,Frankfurt,Nacho Ferri,ESP,FW,18,2004,8,0,74,0.8,1,0,1,1,0,0,0,0,1.22,0.0,1.22,1.22,1.22,GER,2023-2024,standard,fbref_soccerdata,2026-08-10 21:50:01
GER-Bundesliga,2324,Frankfurt,Niels Nkounkou,FRA,"MF,DF",22,2000,29,13,1309,14.5,3,2,5,3,0,0,5,1,0.21,0.14,0.34,0.21,0.34,GER,2023-2024,standard,fbref_soccerdata,2026-08-10 21:50:01
GER-Bundesliga,2324,Frankfurt,Nnamdi Collins,GER,DF,19,2004,2,1,90,1.0,0,0,0,0,0,0,0,0,0.0,0.0,0.0,0.0,0.0,GER,2023-2024,standard,fbref_soccerdata,2026-08-10 21:50:01
GER-Bundesliga,2324,Frankfurt,Omar Marmoush,EGY,"FW,MF",24,1999,29,27,2301,25.6,12,6,18,10,2,2,7,0,0.47,0.23,0.7,0.39,0.63,GER,2023-2024,standard,fbref_soccerdata,2026-08-10 21:50:01
GER-Bundesliga,2324,Frankfurt,Paxten Aaronson,USA,MF,19,2003,7,1,101,1.1,0,1,1,0,0,0,0,0,0.0,0.89,0.89,0.0,0.89,GER,2023-2024,standard,fbref_soccerdata,2026-08-10 21:50:01
GER-Bundesliga,2324,Frankfurt,Philipp Max,GER,"MF,DF",29,1993,23,17,1350,15.0,1,2,3,1,0,0,2,0,0.07,0.13,0.2,0.07,0.2,GER,2023-2024,standard,fbref_soccerdata,2026-08-10 21:50:01
GER-Bundesliga,2324,Frankfurt,Randal Kolo Muani,FRA,FW,24,1998,2,2,153,1.7,1,0,1,1,0,0,0,0,0.59,0.0,0.59,0.59,0.59,GER,2023-2024,standard,fbref_soccerdata,2026-08-10 21:50:01
GER-Bundesliga,2324,Frankfurt,Robin Koch,GER,DF,27,1996,31,31,2738,30.4,2,0,2,2,0,0,10,0,0.07,0.0,0.07,0.07,0.07,GER,2023-2024,standard,fbref_soccerdata,2026-08-10 21:50:01
GER-Bundesliga,2324,Frankfurt,Saša Kalajdžić,AUT,FW,26,1997,5,5,325,3.6,0,1,1,0,0,0,0,0,0.0,0.28,0.28,0.0,0.28,GER,2023-2024,standard,fbref_soccerdata,2026-08-10 21:50:01
GER-Bundesliga,2324,Frankfurt,Sebastian Rode,GER,MF,32,1990,8,1,61,0.7,0,0,0,0,0,0,0,0,0.0,0.0,0.0,0.0,0.0,GER,2023-2024,standard,fbref_soccerdata,2026-08-10 21:50:01
GER-Bundesliga,2324,Frankfurt,Timothy Chandler,USA,"DF,MF",33,1990,6,0,18,0.2,0,1,1,0,0,0,0,0,0.0,5.0,5.0,0.0,5.0,GER,2023-2024,standard,fbref_soccerdata,2026-08-10 21:50:01
GER-Bundesliga,2324,Frankfurt,Tuta,BRA,"DF,MF",24,1999,30,30,2600,28.9,1,2,3,1,0,0,3,2,0.03,0.07,0.1,0.03,0.1,GER,2023-2024,standard,fbref_soccerdata,2026-08-10 21:50:01
GER-Bundesliga,2324,Frankfurt,Willian Pacho,ECU,DF,21,2001,33,33,2970,33.0,0,3,3,0,0,0,7,0,0.0,0.09,0.09,0.0,0.09,GER,2023-2024,standard,fbref_soccerdata,2026-08-10 21:50:01
GER-Bundesliga,2324,Freiburg,Attila Szalai,HUN,"DF,MF",25,1998,3,0,103,1.1,0,0,0,0,0,0,0,0,0.0,0.0,0.0,0.0,0.0,GER,2023-2024,standard,fbref_soccerdata,2026-08-10 21:50:01
GER-Bundesliga,2324,Freiburg,Christian Günter,GER,"MF,DF",30,1993,15,13,1060,11.8,1,2,3,1,0,0,1,0,0.08,0.17,0.25,0.08,0.25,GER,2023-2024,standard,fbref_soccerdata,2026-08-10 21:50:01
GER-Bundesliga,2324,Freiburg,Fabian Rüdlin,GER,MF,26,1997,1,0,7,0.1,0,0,0,0,0,0,0,0,0.0,0.0,0.0,0.0,0.0,GER,2023-2024,standard,fbref_soccerdata,2026-08-10 21:50:01
GER-Bundesliga,2324,Freiburg,Florent Muslija,KVX,"FW,MF",25,1998,10,0,105,1.2,0,0,0,0,0,0,0,0,0.0,0.0,0.0,0.0,0.0,GER,2023-2024,standard,fbref_soccerdata,2026-08-10 21:50:01
GER-Bundesliga,2324,Freiburg,Jordy Makengo,FRA,"DF,MF",21,2001,20,10,1026,11.4,0,0,0,0,0,0,1,0,0.0,0.0,0.0,0.0,0.0,GER,2023-2024,standard,fbref_soccerdata,2026-08-10 21:50:01
GER-Bundesliga,2324,Freiburg,Junior Adamu,AUT,FW,22,2001,15,0,105,1.2,0,0,0,0,0,0,0,0,0.0,0.0,0.0,0.0,0.0,GER,2023-2024,standard,fbref_soccerdata,2026-08-10 21:50:01
GER-Bundesliga,2324,Freiburg,Kenneth Schmidt,GER,DF,21,2002,5,0,68,0.8,0,0,0,0,0,0,0,0,0.0,0.0,0.0,0.0,0.0,GER,2023-2024,standard,fbref_soccerdata,2026-08-10 21:50:01
GER-Bundesliga,2324,Freiburg,Kiliann Sildillia,FRA,DF,21,2002,27,20,1806,20.1,0,1,1,0,0,0,2,1,0.0,0.05,0.05,0.0,0.05,GER,2023-2024,standard,fbref_soccerdata,2026-08-10 21:50:01
GER-Bundesliga,2324,Freiburg,Lucas Höler,GER,"FW,MF",29,1994,33,26,2305,25.6,7,2,9,6,1,2,7,0,0.27,0.08,0.35,0.23,0.31,GER,2023-2024,standard,fbref_soccerdata,2026-08-10 21:50:01
GER-Bundesliga,2324,Freiburg,Lukas Kübler,GER,DF,30,1992,26,22,1847,20.5,1,0,1,1,0,0,7,0,0.05,0.0,0.05,0.05,0.05,GER,2023-2024,standard,fbref_soccerdata,2026-08-10 21:50:01
GER-Bundesliga,2324,Freiburg,Manuel Gulde,GER,DF,32,1991,27,23,2047,22.7,1,0,1,1,0,0,5,1,0.04,0.0,0.04,0.04,0.04,GER,2023-2024,standard,fbref_soccerdata,2026-08-10 21:50:01
GER-Bundesliga,2324,Freiburg,Matthias Ginter,GER,DF,29,1994,23,22,1913,21.3,0,2,2,0,0,0,3,0,0.0,0.09,0.09,0.0,0.09,GER,2023-2024,standard,fbref_soccerdata,2026-08-10 21:50:01
GER-Bundesliga,2324,Freiburg,Maximilian Breunig,GER,FW,22,2000,2,0,9,0.1,0,0,0,0,0,0,0,0,0.0,0.0,0.0,0.0,0.0,GER,2023-2024,standard,fbref_soccerdata,2026-08-10 21:50:01
GER-Bundesliga,2324,Freiburg,Maximilian Eggestein,GER,MF,26,1996,33,33,2914,32.4,1,2,3,1,0,0,6,0,0.03,0.06,0.09,0.03,0.09,GER,2023-2024,standard,fbref_soccerdata,2026-08-10 21:50:01
GER-Bundesliga,2324,Freiburg,Maximilian Philipp,GER,FW,29,1994,17,1,323,3.6,1,0,1,1,0,0,2,0,0.28,0.0,0.28,0.28,0.28,GER,2023-2024,standard,fbref_soccerdata,2026-08-10 21:50:01
GER-Bundesliga,2324,Freiburg,Merlin Röhl,GER,"MF,FW",21,2002,24,17,1477,16.4,2,4,6,2,0,0,3,1,0.12,0.24,0.37,0.12,0.37,GER,2023-2024,standard,fbref_soccerdata,2026-08-10 21:50:01
GER-Bundesliga,2324,Freiburg,Michael Gregoritsch,AUT,FW,29,1994,32,19,1682,18.7,7,4,11,7,0,0,2,0,0.37,0.21,0.59,0.37,0.59,GER,2023-2024,standard,fbref_soccerdata,2026-08-10 21:50:01
GER-Bundesliga,2324,Freiburg,Nicolas Höfler,GER,MF,33,1990,28,26,2330,25.9,1,1,2,1,0,0,10,1,0.04,0.04,0.08,0.04,0.08,GER,2023-2024,standard,fbref_soccerdata,2026-08-10 21:50:01
GER-Bundesliga,2324,Freiburg,Noah Atubolu,GER,GK,21,2002,34,34,3060,34.0,0,0,0,0,0,0,0,0,0.0,0.0,0.0,0.0,0.0,GER,2023-2024,standard,fbref_soccerdata,2026-08-10 21:50:01
GER-Bundesliga,2324,Freiburg,Noah Weißhaupt,GER,MF,21,2001,24,6,759,8.4,1,2,3,1,0,0,1,0,0.12,0.24,0.36,0.12,0.36,GER,2023-2024,standard,fbref_soccerdata,2026-08-10 21:50:01
GER-Bundesliga,2324,Freiburg,Philipp Lienhart,AUT,DF,27,1996,15,14,1265,14.1,1,0,1,1,0,0,3,0,0.07,0.0,0.07,0.07,0.07,GER,2023-2024,standard,fbref_soccerdata,2026-08-10 21:50:01
GER-Bundesliga,2324,Freiburg,Ritsu Doan,JPN,MF,25,1998,30,26,2246,25.0,7,2,9,7,0,0,2,0,0.28,0.08,0.36,0.28,0.36,GER,2023-2024,standard,fbref_soccerdata,2026-08-10 21:50:01
GER-Bundesliga,2324,Freiburg,Roland Sallai,HUN,"MF,FW",26,1997,27,22,1840,20.4,3,2,5,3,0,1,6,0,0.15,0.1,0.24,0.15,0.24,GER,2023-2024,standard,fbref_soccerdata,2026-08-10 21:50:01
GER-Bundesliga,2324,Freiburg,Vincenzo Grifo,ITA,MF,30,1993,32,29,2325,25.8,8,8,16,2,6,6,3,0,0.31,0.31,0.62,0.08,0.39,GER,2023-2024,standard,fbref_soccerdata,2026-08-10 21:50:01
GER-Bundesliga,2324,Freiburg,Yannik Keitel,GER,"DF,MF",23,2000,15,11,920,10.2,1,0,1,1,0,0,0,0,0.1,0.0,0.1,0.1,0.1,GER,2023-2024,standard,fbref_soccerdata,2026-08-10 21:50:01
GER-Bundesliga,2324,Gladbach,Alassane Pléa,FRA,"FW,MF",30,1993,27,24,1913,21.3,7,4,11,6,1,1,1,0,0.33,0.19,0.52,0.28,0.47,GER,2023-2024,standard,fbref_soccerdata,2026-08-10 21:50:01
GER-Bundesliga,2324,Gladbach,Christoph Kramer,GER,MF,32,1991,14,1,249,2.8,0,0,0,0,0,0,4,0,0.0,0.0,0.0,0.0,0.0,GER,2023-2024,standard,fbref_soccerdata,2026-08-10 21:50:01
GER-Bundesliga,2324,Gladbach,Fabio Chiarodia,ITA,DF,18,2005,7,1,152,1.7,0,0,0,0,0,0,0,0,0.0,0.0,0.0,0.0,0.0,GER,2023-2024,standard,fbref_soccerdata,2026-08-10 21:50:01
GER-Bundesliga,2324,Gladbach,Florian Neuhaus,GER,MF,26,1997,25,15,1224,13.6,4,2,6,3,1,1,4,0,0.29,0.15,0.44,0.22,0.37,GER,2023-2024,standard,fbref_soccerdata,2026-08-10 21:50:01
GER-Bundesliga,2324,Gladbach,Franck Honorat,FRA,"MF,FW",26,1996,32,28,2345,26.1,3,9,12,3,0,0,1,0,0.12,0.35,0.46,0.12,0.46,GER,2023-2024,standard,fbref_soccerdata,2026-08-10 21:50:01
GER-Bundesliga,2324,Gladbach,Grant Ranos,ARM,FW,20,2003,9,0,49,0.5,0,0,0,0,0,0,0,0,0.0,0.0,0.0,0.0,0.0,GER,2023-2024,standard,fbref_soccerdata,2026-08-10 21:50:01
GER-Bundesliga,2324,Gladbach,Joe Scally,USA,"DF,MF",20,2002,31,25,2236,24.8,1,4,5,1,0,0,4,0,0.04,0.16,0.2,0.04,0.2,GER,2023-2024,standard,fbref_soccerdata,2026-08-10 21:50:01
GER-Bundesliga,2324,Gladbach,Jonas Omlin,SUI,GK,29,1994,7,7,630,7.0,0,1,1,0,0,0,1,0,0.0,0.14,0.14,0.0,0.14,GER,2023-2024,standard,fbref_soccerdata,2026-08-10 21:50:01
GER-Bundesliga,2324,Gladbach,Jordan Pefok,USA,FW,27,1996,25,18,1420,15.8,5,3,8,5,0,0,2,0,0.32,0.19,0.51,0.32,0.51,GER,2023-2024,standard,fbref_soccerdata,2026-08-10 21:50:01
GER-Bundesliga,2324,Gladbach,Julian Weigl,GER,MF,27,1995,31,31,2764,30.7,2,3,5,0,2,2,10,0,0.07,0.1,0.16,0.0,0.1,GER,2023-2024,standard,fbref_soccerdata,2026-08-10 21:50:01
GER-Bundesliga,2324,Gladbach,Ko Itakura,JPN,"DF,MF",26,1997,20,18,1596,17.7,3,0,3,3,0,0,9,0,0.17,0.0,0.17,0.17,0.17,GER,2023-2024,standard,fbref_soccerdata,2026-08-10 21:50:01
GER-Bundesliga,2324,Gladbach,Luca Netz,GER,"MF,DF",20,2003,30,25,2225,24.7,0,4,4,0,0,0,2,0,0.0,0.16,0.16,0.0,0.16,GER,2023-2024,standard,fbref_soccerdata,2026-08-10 21:50:01
GER-Bundesliga,2324,Gladbach,Lukas Ullrich,GER,DF,19,2004,4,0,47,0.5,0,0,0,0,0,0,0,0,0.0,0.0,0.0,0.0,0.0,GER,2023-2024,standard,fbref_soccerdata,2026-08-10 21:50:01
GER-Bundesliga,2324,Gladbach,Manu Koné,FRA,MF,22,2001,22,18,1561,17.3,1,0,1,1,0,0,4,1,0.06,0.0,0.06,0.06,0.06,GER,2023-2024,standard,fbref_soccerdata,2026-08-10 21:50:01
GER-Bundesliga,2324,Gladbach,Marvin Friedrich,GER,DF,27,1995,24,17,1566,17.4,0,0,0,0,0,0,1,0,0.0,0.0,0.0,0.0,0.0,GER,2023-2024,standard,fbref_soccerdata,2026-08-10 21:50:01
GER-Bundesliga,2324,Gladbach,Maximilian Wöber,AUT,DF,25,1998,25,24,2066,23.0,2,3,5,2,0,0,4,1,0.09,0.13,0.22,0.09,0.22,GER,2023-2024,standard,fbref_soccerdata,2026-08-10 21:50:01
GER-Bundesliga,2324,Gladbach,Moritz Nicolas,GER,GK,25,1997,27,27,2430,27.0,0,0,0,0,0,0,2,0,0.0,0.0,0.0,0.0,0.0,GER,2023-2024,standard,fbref_soccerdata,2026-08-10 21:50:01
GER-Bundesliga,2324,Gladbach,Nathan N'Goumou,CMR,"MF,FW",23,2000,32,14,1385,15.4,5,2,7,5,0,0,1,0,0.32,0.13,0.45,0.32,0.45,GER,2023-2024,standard,fbref_soccerdata,2026-08-10 21:50:01
GER-Bundesliga,2324,Gladbach,Nico Elvedi,SUI,DF,26,1996,30,28,2482,27.6,2,1,3,2,0,0,5,0,0.07,0.04,0.11,0.07,0.11,GER,2023-2024,standard,fbref_soccerdata,2026-08-10 21:50:01
GER-Bundesliga,2324,Gladbach,Patrick Herrmann,GER,"FW,MF",32,1991,8,0,86,1.0,0,0,0,0,0,0,1,0,0.0,0.0,0.0,0.0,0.0,GER,2023-2024,standard,fbref_soccerdata,2026-08-10 21:50:01
GER-Bundesliga,2324,Gladbach,Robin Hack,GER,"FW,MF",24,1998,29,14,1348,15.0,10,2,12,10,0,0,2,0,0.67,0.13,0.8,0.67,0.8,GER,2023-2024,standard,fbref_soccerdata,2026-08-10 21:50:01
GER-Bundesliga,2324,Gladbach,Rocco Reitz,GER,MF,21,2002,34,24,2136,23.7,6,3,9,6,0,0,2,0,0.25,0.13,0.38,0.25,0.38,GER,2023-2024,standard,fbref_soccerdata,2026-08-10 21:50:01
GER-Bundesliga,2324,Gladbach,Shiō Fukuda,JPN,FW,19,2004,5,0,36,0.4,0,0,0,0,0,0,0,0,0.0,0.0,0.0,0.0,0.0,GER,2023-2024,standard,fbref_soccerdata,2026-08-10 21:50:01
GER-Bundesliga,2324,Gladbach,Stefan Lainer,AUT,"MF,DF",30,1992,15,8,751,8.3,0,1,1,0,0,0,2,0,0.0,0.12,0.12,0.0,0.12,GER,2023-2024,standard,fbref_soccerdata,2026-08-10 21:50:01
GER-Bundesliga,2324,Gladbach,Tomáš Čvančara,CZE,"FW,MF",22,2000,21,7,896,10.0,4,1,5,3,1,2,4,0,0.4,0.1,0.5,0.3,0.4,GER,2023-2024,standard,fbref_soccerdata,2026-08-10 21:50:01
GER-Bundesliga,2324,Gladbach,Tony Jantschke,GER,"DF,MF",33,1990,4,0,27,0.3,0,0,0,0,0,0,0,0,0.0,0.0,0.0,0.0,0.0,GER,2023-2024,standard,fbref_soccerdata,2026-08-10 21:50:01
GER-Bundesliga,2324,Gladbach,Yvandro Borges Sanches,LUX,MF,19,2004,3,0,18,0.2,0,0,0,0,0,0,0,0,0.0,0.0,0.0,0.0,0.0,GER,2023-2024,standard,fbref_soccerdata,2026-08-10 21:50:01
GER-Bundesliga,2324,Heidenheim,Adrian Beck,GER,MF,26,1997,23,11,974,10.8,1,1,2,1,0,0,1,0,0.09,0.09,0.18,0.09,0.18,GER,2023-2024,standard,fbref_soccerdata,2026-08-10 21:50:01
GER-Bundesliga,2324,Heidenheim,Benedikt Gimber,GER,DF,26,1997,24,24,2021,22.5,1,1,2,1,0,0,9,0,0.04,0.04,0.09,0.04,0.09,GER,2023-2024,standard,fbref_soccerdata,2026-08-10 21:50:01
GER-Bundesliga,2324,Heidenheim,Christian Kühlwetter,GER,"FW,MF",27,1996,1,0,8,0.1,0,1,1,0,0,0,0,0,0.0,11.25,11.25,0.0,11.25,GER,2023-2024,standard,fbref_soccerdata,2026-08-10 21:50:01
GER-Bundesliga,2324,Heidenheim,Denis Thomalla,GER,MF,30,1992,21,3,446,5.0,0,0,0,0,0,0,0,0,0.0,0.0,0.0,0.0,0.0,GER,2023-2024,standard,fbref_soccerdata,2026-08-10 21:50:01
GER-Bundesliga,2324,Heidenheim,Eren Dinkçi,GER,MF,21,2001,33,33,2650,29.4,10,5,15,10,0,0,8,0,0.34,0.17,0.51,0.34,0.51,GER,2023-2024,standard,fbref_soccerdata,2026-08-10 21:50:01
GER-Bundesliga,2324,Heidenheim,Florian Pick,GER,MF,27,1995,22,1,327,3.6,0,1,1,0,0,0,2,0,0.0,0.28,0.28,0.0,0.28,GER,2023-2024,standard,fbref_soccerdata,2026-08-10 21:50:01
GER-Bundesliga,2324,Heidenheim,Jan Schöppner,GER,MF,24,1999,26,23,1998,22.2,2,2,4,2,0,0,3,0,0.09,0.09,0.18,0.09,0.18,GER,2023-2024,standard,fbref_soccerdata,2026-08-10 21:50:01
GER-Bundesliga,2324,Heidenheim,Jan-Niklas Beste,GER,MF,24,1999,31,31,2603,28.9,8,11,19,8,0,1,4,0,0.28,0.38,0.66,0.28,0.66,GER,2023-2024,standard,fbref_soccerdata,2026-08-10 21:50:01
GER-Bundesliga,2324,Heidenheim,Jonas Föhrenbach,GER,DF,27,1996,33,32,2788,31.0,0,0,0,0,0,0,2,0,0.0,0.0,0.0,0.0,0.0,GER,2023-2024,standard,fbref_soccerdata,2026-08-10 21:50:01
GER-Bundesliga,2324,Heidenheim,Kevin Müller,GER,GK,32,1991,34,34,3060,34.0,0,0,0,0,0,0,1,0,0.0,0.0,0.0,0.0,0.0,GER,2023-2024,standard,fbref_soccerdata,2026-08-10 21:50:01
GER-Bundesliga,2324,Heidenheim,Kevin Sessa,GER,MF,23,2000,30,7,1011,11.2,3,0,3,3,0,0,1,0,0.27,0.0,0.27,0.27,0.27,GER,2023-2024,standard,fbref_soccerdata,2026-08-10 21:50:01
GER-Bundesliga,2324,Heidenheim,Lennard Maloney,USA,MF,23,1999,29,27,2284,25.4,1,1,2,1,0,0,1,0,0.04,0.04,0.08,0.04,0.08,GER,2023-2024,standard,fbref_soccerdata,2026-08-10 21:50:01
GER-Bundesliga,2324,Heidenheim,Marnon Busch,GER,DF,28,1994,16,5,595,6.6,0,0,0,0,0,0,1,0,0.0,0.0,0.0,0.0,0.0,GER,2023-2024,standard,fbref_soccerdata,2026-08-10 21:50:01
GER-Bundesliga,2324,Heidenheim,Marvin Pieringer,GER,"FW,MF",23,1999,31,18,1513,16.8,3,3,6,3,0,0,5,0,0.18,0.18,0.36,0.18,0.36,GER,2023-2024,standard,fbref_soccerdata,2026-08-10 21:50:01
GER-Bundesliga,2324,Heidenheim,Nikola Dovedan,AUT,MF,29,1994,21,5,656,7.3,3,1,4,3,0,0,0,1,0.41,0.14,0.55,0.41,0.55,GER,2023-2024,standard,fbref_soccerdata,2026-08-10 21:50:01
GER-Bundesliga,2324,Heidenheim,Norman Theuerkauf,GER,"MF,DF",36,1987,25,14,1259,14.0,0,1,1,0,0,0,3,0,0.0,0.07,0.07,0.0,0.07,GER,2023-2024,standard,fbref_soccerdata,2026-08-10 21:50:01
GER-Bundesliga,2324,Heidenheim,Omar Traoré,GER,DF,25,1998,31,29,2472,27.5,0,2,2,0,0,0,5,0,0.0,0.07,0.07,0.0,0.07,GER,2023-2024,standard,fbref_soccerdata,2026-08-10 21:50:01
GER-Bundesliga,2324,Heidenheim,Patrick Mainka,GER,DF,28,1994,34,34,3060,34.0,2,0,2,2,0,0,1,0,0.06,0.0,0.06,0.06,0.06,GER,2023-2024,standard,fbref_soccerdata,2026-08-10 21:50:01
GER-Bundesliga,2324,Heidenheim,Stefan Schimmer,GER,FW,29,1994,16,0,153,1.7,0,1,1,0,0,0,0,0,0.0,0.59,0.59,0.0,0.59,GER,2023-2024,standard,fbref_soccerdata,2026-08-10 21:50:01
GER-Bundesliga,2324,Heidenheim,Thomas Keller,GER,"DF,MF",23,1999,2,0,2,0.0,0,0,0,0,0,0,0,0,0.0,0.0,0.0,0.0,0.0,GER,2023-2024,standard,fbref_soccerdata,2026-08-10 21:50:01
GER-Bundesliga,2324,Heidenheim,Tim Kleindienst,GER,FW,27,1995,33,33,2869,31.9,12,3,15,10,2,2,6,0,0.38,0.09,0.47,0.31,0.41,GER,2023-2024,standard,fbref_soccerdata,2026-08-10 21:50:01
GER-Bundesliga,2324,Heidenheim,Tim Siersleben,GER,DF,23,2000,14,10,910,10.1,0,0,0,0,0,0,1,0,0.0,0.0,0.0,0.0,0.0,GER,2023-2024,standard,fbref_soccerdata,2026-08-10 21:50:01
GER-Bundesliga,2324,Hoffenheim,Andrej Kramarić,CRO,"MF,FW",32,1991,30,25,2199,24.4,15,6,21,10,5,5,4,0,0.61,0.25,0.86,0.41,0.65,GER,2023-2024,standard,fbref_soccerdata,2026-08-10 21:50:01
GER-Bundesliga,2324,Hoffenheim,Angelo Stiller,GER,MF,22,2001,1,1,84,0.9,0,0,0,0,0,0,0,0,0.0,0.0,0.0,0.0,0.0,GER,2023-2024,standard,fbref_soccerdata,2026-08-10 21:50:01
GER-Bundesliga,2324,Hoffenheim,Anton Stach,GER,MF,24,1998,31,26,2321,25.8,2,3,5,2,0,0,4,0,0.08,0.12,0.19,0.08,0.19,GER,2023-2024,standard,fbref_soccerdata,2026-08-10 21:50:01
GER-Bundesliga,2324,Hoffenheim,Attila Szalai,HUN,DF,25,1998,4,4,288,3.2,0,0,0,0,0,0,1,0,0.0,0.0,0.0,0.0,0.0,GER,2023-2024,standard,fbref_soccerdata,2026-08-10 21:50:01
GER-Bundesliga,2324,Hoffenheim,Bambasé Conté,GER,MF,20,2003,7,0,48,0.5,0,0,0,0,0,0,0,0,0.0,0.0,0.0,0.0,0.0,GER,2023-2024,standard,fbref_soccerdata,2026-08-10 21:50:01
GER-Bundesliga,2324,Hoffenheim,David Jurásek,CZE,"MF,DF",22,2000,13,4,496,5.5,0,1,1,0,0,0,1,0,0.0,0.18,0.18,0.0,0.18,GER,2023-2024,standard,fbref_soccerdata,2026-08-10 21:50:01
GER-Bundesliga,2324,Hoffenheim,Dennis Geiger,GER,MF,25,1998,3,0,64,0.7,0,0,0,0,0,0,1,0,0.0,0.0,0.0,0.0,0.0,GER,2023-2024,standard,fbref_soccerdata,2026-08-10 21:50:01
GER-Bundesliga,2324,Hoffenheim,Diadie Samassékou,MLI,MF,27,1996,1,0,1,0.0,0,0,0,0,0,0,0,0,0.0,0.0,0.0,0.0,0.0,GER,2023-2024,standard,fbref_soccerdata,2026-08-10 21:50:01
GER-Bundesliga,2324,Hoffenheim,Finn Ole Becker,GER,MF,23,2000,22,5,606,6.7,0,0,0,0,0,0,1,0,0.0,0.0,0.0,0.0,0.0,GER,2023-2024,standard,fbref_soccerdata,2026-08-10 21:50:01
GER-Bundesliga,2324,Hoffenheim,Florian Grillitsch,AUT,"DF,MF",27,1995,30,25,2295,25.5,1,6,7,1,0,0,8,0,0.04,0.24,0.27,0.04,0.27,GER,2023-2024,standard,fbref_soccerdata,2026-08-10 21:50:01
GER-Bundesliga,2324,Hoffenheim,Grischa Prömel,GER,MF,28,1995,28,27,2139,23.8,4,5,9,4,0,0,10,1,0.17,0.21,0.38,0.17,0.38,GER,2023-2024,standard,fbref_soccerdata,2026-08-10 21:50:01
GER-Bundesliga,2324,Hoffenheim,Ihlas Bebou,TOG,"FW,MF",29,1994,32,16,1636,18.2,7,5,12,7,0,0,3,0,0.39,0.28,0.66,0.39,0.66,GER,2023-2024,standard,fbref_soccerdata,2026-08-10 21:50:01
GER-Bundesliga,2324,Hoffenheim,John Brooks,USA,DF,30,1993,21,18,1539,17.1,2,0,2,2,0,0,6,1,0.12,0.0,0.12,0.12,0.12,GER,2023-2024,standard,fbref_soccerdata,2026-08-10 21:50:01
GER-Bundesliga,2324,Hoffenheim,Julian Justvan,GER,"FW,MF",25,1998,4,0,49,0.5,0,0,0,0,0,0,0,0,0.0,0.0,0.0,0.0,0.0,GER,2023-2024,standard,fbref_soccerdata,2026-08-10 21:50:01
GER-Bundesliga,2324,Hoffenheim,Kasim Nuhu,GHA,DF,28,1995,1,0,5,0.1,0,0,0,0,0,0,0,0,0.0,0.0,0.0,0.0,0.0,GER,2023-2024,standard,fbref_soccerdata,2026-08-10 21:50:01
GER-Bundesliga,2324,Hoffenheim,Kevin Akpoguma,NGA,DF,28,1995,17,11,1097,12.2,0,0,0,0,0,0,7,0,0.0,0.0,0.0,0.0,0.0,GER,2023-2024,standard,fbref_soccerdata,2026-08-10 21:50:01
GER-Bundesliga,2324,Hoffenheim,Kevin Vogt,GER,DF,31,1991,16,14,1319,14.7,0,0,0,0,0,0,2,0,0.0,0.0,0.0,0.0,0.0,GER,2023-2024,standard,fbref_soccerdata,2026-08-10 21:50:01
GER-Bundesliga,2324,Hoffenheim,Marius Bülter,GER,MF,30,1993,30,15,1351,15.0,1,4,5,1,0,0,3,1,0.07,0.27,0.33,0.07,0.33,GER,2023-2024,standard,fbref_soccerdata,2026-08-10 21:50:01
GER-Bundesliga,2324,Hoffenheim,Max Moerstedt,GER,FW,17,2006,1,0,12,0.1,0,0,0,0,0,0,0,0,0.0,0.0,0.0,0.0,0.0,GER,2023-2024,standard,fbref_soccerdata,2026-08-10 21:50:01
GER-Bundesliga,2324,Hoffenheim,Maximilian Beier,GER,"FW,MF",20,2002,33,29,2420,26.9,16,1,17,16,0,0,0,0,0.6,0.04,0.63,0.6,0.63,GER,2023-2024,standard,fbref_soccerdata,2026-08-10 21:50:01
GER-Bundesliga,2324,Hoffenheim,Mergim Berisha,GER,FW,25,1998,6,0,144,1.6,0,0,0,0,0,0,0,0,0.0,0.0,0.0,0.0,0.0,GER,2023-2024,standard,fbref_soccerdata,2026-08-10 21:50:01
GER-Bundesliga,2324,Hoffenheim,Oliver Baumann,GER,GK,33,1990,34,34,3060,34.0,0,1,1,0,0,0,1,0,0.0,0.03,0.03,0.0,0.03,GER,2023-2024,standard,fbref_soccerdata,2026-08-10 21:50:01
GER-Bundesliga,2324,Hoffenheim,Ozan Kabak,TUR,DF,23,2000,28,28,2282,25.4,4,0,4,4,0,0,11,1,0.16,0.0,0.16,0.16,0.16,GER,2023-2024,standard,fbref_soccerdata,2026-08-10 21:50:01
GER-Bundesliga,2324,Hoffenheim,Pavel Kadeřábek,CZE,"MF,DF",31,1992,29,28,2412,26.8,3,4,7,3,0,0,7,0,0.11,0.15,0.26,0.11,0.26,GER,2023-2024,standard,fbref_soccerdata,2026-08-10 21:50:01
GER-Bundesliga,2324,Hoffenheim,Robert Skov,DEN,MF,27,1996,25,14,1260,14.0,3,4,7,3,0,0,2,0,0.21,0.29,0.5,0.21,0.5,GER,2023-2024,standard,fbref_soccerdata,2026-08-10 21:50:01
GER-Bundesliga,2324,Hoffenheim,Stanley N'Soki,FRA,"DF,MF",24,1999,11,7,631,7.0,0,0,0,0,0,0,3,1,0.0,0.0,0.0,0.0,0.0,GER,2023-2024,standard,fbref_soccerdata,2026-08-10 21:50:01
GER-Bundesliga,2324,Hoffenheim,Tim Drexler,GER,DF,18,2005,8,6,573,6.4,0,0,0,0,0,0,1,0,0.0,0.0,0.0,0.0,0.0,GER,2023-2024,standard,fbref_soccerdata,2026-08-10 21:50:01
GER-Bundesliga,2324,Hoffenheim,Tom Bischof,GER,MF,18,2005,13,1,178,2.0,0,2,2,0,0,0,0,0,0.0,1.01,1.01,0.0,1.01,GER,2023-2024,standard,fbref_soccerdata,2026-08-10 21:50:01
GER-Bundesliga,2324,Hoffenheim,Umut Tohumcu,GER,MF,18,2004,20,12,1011,11.2,0,2,2,0,0,0,5,0,0.0,0.18,0.18,0.0,0.18,GER,2023-2024,standard,fbref_soccerdata,2026-08-10 21:50:01
GER-Bundesliga,2324,Hoffenheim,Wout Weghorst,NED,FW,30,1992,28,24,1977,22.0,7,3,10,6,1,1,4,0,0.32,0.14,0.46,0.27,0.41,GER,2023-2024,standard,fbref_soccerdata,2026-08-10 21:50:01
GER-Bundesliga,2324,Köln,Benno Schmitz,GER,DF,28,1994,22,13,1155,12.8,0,1,1,0,0,0,5,0,0.0,0.08,0.08,0.0,0.08,GER,2023-2024,standard,fbref_soccerdata,2026-08-10 21:50:01
GER-Bundesliga,2324,Köln,Damion Downs,USA,FW,19,2004,10,0,181,2.0,2,0,2,2,0,0,0,0,0.99,0.0,0.99,0.99,0.99,GER,2023-2024,standard,fbref_soccerdata,2026-08-10 21:50:01
GER-Bundesliga,2324,Köln,Davie Selke,GER,FW,28,1995,19,16,1265,14.1,6,0,6,6,0,0,3,0,0.43,0.0,0.43,0.43,0.43,GER,2023-2024,standard,fbref_soccerdata,2026-08-10 21:50:01
GER-Bundesliga,2324,Köln,Dejan Ljubičić,AUT,MF,25,1997,26,24,2048,22.8,0,2,2,0,0,0,6,0,0.0,0.09,0.09,0.0,0.09,GER,2023-2024,standard,fbref_soccerdata,2026-08-10 21:50:01
GER-Bundesliga,2324,Köln,Denis Huseinbasic,BIH,MF,22,2001,26,18,1627,18.1,0,3,3,0,0,0,5,0,0.0,0.17,0.17,0.0,0.17,GER,2023-2024,standard,fbref_soccerdata,2026-08-10 21:50:01
GER-Bundesliga,2324,Köln,Dominique Heintz,GER,DF,29,1993,12,6,568,6.3,0,0,0,0,0,0,0,0,0.0,0.0,0.0,0.0,0.0,GER,2023-2024,standard,fbref_soccerdata,2026-08-10 21:50:01
GER-Bundesliga,2324,Köln,Eric Martel,GER,MF,21,2002,30,29,2457,27.3,1,1,2,1,0,0,6,0,0.04,0.04,0.07,0.04,0.07,GER,2023-2024,standard,fbref_soccerdata,2026-08-10 21:50:01
GER-Bundesliga,2324,Köln,Faride Alidou,GER,"MF,FW",22,2001,26,14,1282,14.2,4,0,4,4,0,0,4,0,0.28,0.0,0.28,0.28,0.28,GER,2023-2024,standard,fbref_soccerdata,2026-08-10 21:50:01
GER-Bundesliga,2324,Köln,Florian Dietz,GER,FW,24,1998,5,0,70,0.8,0,0,0,0,0,0,0,0,0.0,0.0,0.0,0.0,0.0,GER,2023-2024,standard,fbref_soccerdata,2026-08-10 21:50:01
GER-Bundesliga,2324,Köln,Florian Kainz,AUT,MF,30,1992,33,29,2197,24.4,5,4,9,0,5,5,4,0,0.2,0.16,0.37,0.0,0.16,GER,2023-2024,standard,fbref_soccerdata,2026-08-10 21:50:01
GER-Bundesliga,2324,Köln,Jacob Christensen,DEN,MF,22,2001,7,2,219,2.4,0,0,0,0,0,0,1,0,0.0,0.0,0.0,0.0,0.0,GER,2023-2024,standard,fbref_soccerdata,2026-08-10 21:50:01
GER-Bundesliga,2324,Köln,Jan Thielmann,GER,"FW,MF",21,2002,22,20,1579,17.5,1,0,1,1,0,0,4,1,0.06,0.0,0.06,0.06,0.06,GER,2023-2024,standard,fbref_soccerdata,2026-08-10 21:50:01
GER-Bundesliga,2324,Köln,Julian Chabot,GER,DF,25,1998,32,32,2703,30.0,0,0,0,0,0,0,9,1,0.0,0.0,0.0,0.0,0.0,GER,2023-2024,standard,fbref_soccerdata,2026-08-10 21:50:01
GER-Bundesliga,2324,Köln,Justin Diehl,GER,MF,18,2004,7,1,168,1.9,0,0,0,0,0,0,0,0,0.0,0.0,0.0,0.0,0.0,GER,2023-2024,standard,fbref_soccerdata,2026-08-10 21:50:01
GER-Bundesliga,2324,Köln,Leart Paqarada,KVX,DF,28,1994,17,11,1075,11.9,0,0,0,0,0,0,0,0,0.0,0.0,0.0,0.0,0.0,GER,2023-2024,standard,fbref_soccerdata,2026-08-10 21:50:01
GER-Bundesliga,2324,Köln,Linton Maina,GER,MF,24,1999,31,21,1901,21.1,1,3,4,1,0,0,4,0,0.05,0.14,0.19,0.05,0.19,GER,2023-2024,standard,fbref_soccerdata,2026-08-10 21:50:01
GER-Bundesliga,2324,Köln,Luca Kilian,GER,DF,23,1999,13,6,635,7.1,0,0,0,0,0,0,1,0,0.0,0.0,0.0,0.0,0.0,GER,2023-2024,standard,fbref_soccerdata,2026-08-10 21:50:01
GER-Bundesliga,2324,Köln,Luca Waldschmidt,GER,MF,27,1996,22,14,1146,12.7,3,0,3,3,0,1,0,0,0.24,0.0,0.24,0.24,0.24,GER,2023-2024,standard,fbref_soccerdata,2026-08-10 21:50:01
GER-Bundesliga,2324,Köln,Mark Uth,GER,"MF,FW",31,1991,11,3,373,4.1,0,1,1,0,0,0,2,0,0.0,0.24,0.24,0.0,0.24,GER,2023-2024,standard,fbref_soccerdata,2026-08-10 21:50:01
GER-Bundesliga,2324,Köln,Marvin Schwäbe,GER,GK,28,1995,34,34,3060,34.0,0,0,0,0,0,0,0,0,0.0,0.0,0.0,0.0,0.0,GER,2023-2024,standard,fbref_soccerdata,2026-08-10 21:50:01
GER-Bundesliga,2324,Köln,Mathias Olesen,LUX,MF,22,2001,6,0,112,1.2,0,0,0,0,0,0,2,1,0.0,0.0,0.0,0.0,0.0,GER,2023-2024,standard,fbref_soccerdata,2026-08-10 21:50:01
GER-Bundesliga,2324,Köln,Max Finkgräfe,GER,DF,19,2004,24,18,1756,19.5,1,0,1,1,0,0,4,0,0.05,0.0,0.05,0.05,0.05,GER,2023-2024,standard,fbref_soccerdata,2026-08-10 21:50:01
GER-Bundesliga,2324,Köln,Rasmus Carstensen,DEN,"DF,MF",22,2000,23,18,1659,18.4,0,0,0,0,0,0,2,1,0.0,0.0,0.0,0.0,0.0,GER,2023-2024,standard,fbref_soccerdata,2026-08-10 21:50:01
GER-Bundesliga,2324,Köln,Sargis Adamyan,ARM,"FW,MF",30,1993,20,8,801,8.9,1,2,3,1,0,0,2,0,0.11,0.22,0.34,0.11,0.34,GER,2023-2024,standard,fbref_soccerdata,2026-08-10 21:50:01
GER-Bundesliga,2324,Köln,Steffen Tigges,GER,FW,25,1998,25,6,727,8.1,3,0,3,3,0,0,0,0,0.37,0.0,0.37,0.37,0.37,GER,2023-2024,standard,fbref_soccerdata,2026-08-10 21:50:01
GER-Bundesliga,2324,Köln,Timo Hübers,GER,DF,27,1996,31,31,2778,30.9,0,0,0,0,0,0,6,0,0.0,0.0,0.0,0.0,0.0,GER,2023-2024,standard,fbref_soccerdata,2026-08-10 21:50:01
GER-Bundesliga,2324,Leverkusen,Adam Hložek,CZE,"MF,FW",21,2002,23,5,459,5.1,2,3,5,2,0,0,1,0,0.39,0.59,0.98,0.39,0.98,GER,2023-2024,standard,fbref_soccerdata,2026-08-10 21:50:01
GER-Bundesliga,2324,Leverkusen,Amine Adli,MAR,"MF,FW",23,2000,23,8,898,10.0,4,6,10,4,0,0,5,0,0.4,0.6,1.0,0.4,1.0,GER,2023-2024,standard,fbref_soccerdata,2026-08-10 21:50:01
GER-Bundesliga,2324,Leverkusen,Arthur,BRA,MF,20,2003,4,2,184,2.0,0,2,2,0,0,0,0,0,0.0,0.98,0.98,0.0,0.98,GER,2023-2024,standard,fbref_soccerdata,2026-08-10 21:50:01
GER-Bundesliga,2324,Leverkusen,Borja Iglesias,ESP,FW,30,1993,7,2,256,2.8,0,0,0,0,0,0,0,0,0.0,0.0,0.0,0.0,0.0,GER,2023-2024,standard,fbref_soccerdata,2026-08-10 21:50:01
GER-Bundesliga,2324,Leverkusen,Edmond Tapsoba,BFA,DF,24,1999,28,23,2087,23.2,0,1,1,0,0,0,4,0,0.0,0.04,0.04,0.0,0.04,GER,2023-2024,standard,fbref_soccerdata,2026-08-10 21:50:01
GER-Bundesliga,2324,Leverkusen,Exequiel Palacios,ARG,MF,24,1998,24,21,1831,20.3,4,4,8,2,2,2,6,0,0.2,0.2,0.39,0.1,0.29,GER,2023-2024,standard,fbref_soccerdata,2026-08-10 21:50:01
GER-Bundesliga,2324,Leverkusen,Florian Wirtz,GER,MF,20,2003,32,26,2372,26.4,11,11,22,10,1,1,3,0,0.42,0.42,0.83,0.38,0.8,GER,2023-2024,standard,fbref_soccerdata,2026-08-10 21:50:01
GER-Bundesliga,2324,Leverkusen,Granit Xhaka,SUI,MF,30,1992,33,32,2821,31.3,3,0,3,3,0,0,5,0,0.1,0.0,0.1,0.1,0.1,GER,2023-2024,standard,fbref_soccerdata,2026-08-10 21:50:01
GER-Bundesliga,2324,Leverkusen,Gustavo Puerta,COL,MF,20,2003,7,0,46,0.5,0,0,0,0,0,0,0,0,0.0,0.0,0.0,0.0,0.0,GER,2023-2024,standard,fbref_soccerdata,2026-08-10 21:50:01
GER-Bundesliga,2324,Leverkusen,Jeremie Frimpong,NED,MF,22,2000,31,27,2251,25.0,9,7,16,9,0,0,6,0,0.36,0.28,0.64,0.36,0.64,GER,2023-2024,standard,fbref_soccerdata,2026-08-10 21:50:01
GER-Bundesliga,2324,Leverkusen,Jonas Hofmann,GER,MF,31,1992,32,26,2204,24.5,5,7,12,5,0,0,3,0,0.2,0.29,0.49,0.2,0.49,GER,2023-2024,standard,fbref_soccerdata,2026-08-10 21:50:01
GER-Bundesliga,2324,Leverkusen,Jonathan Tah,GER,DF,27,1996,31,30,2631,29.2,4,1,5,4,0,0,6,0,0.14,0.03,0.17,0.14,0.17,GER,2023-2024,standard,fbref_soccerdata,2026-08-10 21:50:01
GER-Bundesliga,2324,Leverkusen,Josip Stanišić,CRO,"DF,MF",23,2000,20,13,1261,14.0,3,1,4,3,0,0,3,0,0.21,0.07,0.29,0.21,0.29,GER,2023-2024,standard,fbref_soccerdata,2026-08-10 21:50:01
GER-Bundesliga,2324,Leverkusen,Lukáš Hrádecký,FIN,GK,33,1989,33,33,2970,33.0,0,0,0,0,0,0,2,0,0.0,0.0,0.0,0.0,0.0,GER,2023-2024,standard,fbref_soccerdata,2026-08-10 21:50:01
GER-Bundesliga,2324,Leverkusen,Matej Kovar,CZE,GK,23,2000,1,1,90,1.0,0,0,0,0,0,0,0,0,0.0,0.0,0.0,0.0,0.0,GER,2023-2024,standard,fbref_soccerdata,2026-08-10 21:50:01
GER-Bundesliga,2324,Leverkusen,Nadiem Amiri,GER,MF,26,1996,8,1,86,1.0,0,0,0,0,0,0,0,0,0.0,0.0,0.0,0.0,0.0,GER,2023-2024,standard,fbref_soccerdata,2026-08-10 21:50:01
GER-Bundesliga,2324,Leverkusen,Nathan Tella,NGA,MF,24,1999,24,8,819,9.1,5,2,7,5,0,0,2,0,0.55,0.22,0.77,0.55,0.77,GER,2023-2024,standard,fbref_soccerdata,2026-08-10 21:50:01
GER-Bundesliga,2324,Leverkusen,Noah Mbamba,BEL,MF,18,2005,3,0,16,0.2,0,1,1,0,0,0,0,0,0.0,5.63,5.63,0.0,5.63,GER,2023-2024,standard,fbref_soccerdata,2026-08-10 21:50:01
GER-Bundesliga,2324,Leverkusen,Odilon Kossounou,CIV,DF,22,2001,22,21,1811,20.1,1,0,1,1,0,0,3,0,0.05,0.0,0.05,0.05,0.05,GER,2023-2024,standard,fbref_soccerdata,2026-08-10 21:50:01
GER-Bundesliga,2324,Leverkusen,Patrik Schick,CZE,FW,27,1996,20,12,1063,11.8,7,0,7,6,1,1,1,0,0.59,0.0,0.59,0.51,0.51,GER,2023-2024,standard,fbref_soccerdata,2026-08-10 21:50:01
GER-Bundesliga,2324,Leverkusen,Piero Hincapié,ECU,DF,21,2002,26,16,1484,16.5,1,2,3,1,0,0,2,0,0.06,0.12,0.18,0.06,0.18,GER,2023-2024,standard,fbref_soccerdata,2026-08-10 21:50:01
GER-Bundesliga,2324,Leverkusen,Robert Andrich,GER,"MF,DF",28,1994,28,18,1690,18.8,4,2,6,4,0,0,4,0,0.21,0.11,0.32,0.21,0.32,GER,2023-2024,standard,fbref_soccerdata,2026-08-10 21:50:01
GER-Bundesliga,2324,Leverkusen,Victor Boniface,NGA,FW,22,2000,23,18,1546,17.2,14,8,22,10,4,4,2,0,0.82,0.47,1.28,0.58,1.05,GER,2023-2024,standard,fbref_soccerdata,2026-08-10 21:50:01
GER-Bundesliga,2324,Leverkusen,Álex Grimaldo,ESP,MF,27,1995,33,31,2784,30.9,10,13,23,10,0,0,1,0,0.32,0.42,0.74,0.32,0.74,GER,2023-2024,standard,fbref_soccerdata,2026-08-10 21:50:01
GER-Bundesliga,2324,Mainz 05,Andreas Hanche-Olsen,NOR,DF,26,1997,15,12,992,11.0,1,0,1,1,0,0,5,0,0.09,0.0,0.09,0.09,0.09,GER,2023-2024,standard,fbref_soccerdata,2026-08-10 21:50:01
GER-Bundesliga,2324,Mainz 05,Anthony Caci,FRA,"MF,DF",26,1997,31,29,2486,27.6,2,3,5,2,0,0,8,0,0.07,0.11,0.18,0.07,0.18,GER,2023-2024,standard,fbref_soccerdata,2026-08-10 21:50:01
GER-Bundesliga,2324,Mainz 05,Anton Stach,GER,MF,24,1998,2,2,170,1.9,0,0,0,0,0,0,0,0,0.0,0.0,0.0,0.0,0.0,GER,2023-2024,standard,fbref_soccerdata,2026-08-10 21:50:01
GER-Bundesliga,2324,Mainz 05,Anwar El Ghazi,NED,"FW,MF",28,1995,3,0,54,0.6,0,1,1,0,0,0,0,0,0.0,1.67,1.67,0.0,1.67,GER,2023-2024,standard,fbref_soccerdata,2026-08-10 21:50:01
GER-Bundesliga,2324,Mainz 05,Aymen Barkok,MAR,MF,25,1998,13,1,321,3.6,1,0,1,1,0,1,2,0,0.28,0.0,0.28,0.28,0.28,GER,2023-2024,standard,fbref_soccerdata,2026-08-10 21:50:01
GER-Bundesliga,2324,Mainz 05,Brajan Gruda,GER,"MF,FW",19,2004,28,19,1641,18.2,4,3,7,4,0,0,5,0,0.22,0.16,0.38,0.22,0.38,GER,2023-2024,standard,fbref_soccerdata,2026-08-10 21:50:01
GER-Bundesliga,2324,Mainz 05,Daniel Batz,GER,GK,32,1991,4,4,360,4.0,0,0,0,0,0,0,0,0,0.0,0.0,0.0,0.0,0.0,GER,2023-2024,standard,fbref_soccerdata,2026-08-10 21:50:01
GER-Bundesliga,2324,Mainz 05,Danny da Costa,GER,"MF,DF",30,1993,19,9,830,9.2,0,1,1,0,0,0,1,0,0.0,0.11,0.11,0.0,0.11,GER,2023-2024,standard,fbref_soccerdata,2026-08-10 21:50:01
GER-Bundesliga,2324,Mainz 05,David Mamutovic,GER,MF,22,2000,2,0,11,0.1,0,0,0,0,0,0,0,0,0.0,0.0,0.0,0.0,0.0,GER,2023-2024,standard,fbref_soccerdata,2026-08-10 21:50:01
GER-Bundesliga,2324,Mainz 05,Dominik Kohr,GER,"DF,MF",29,1994,31,27,2184,24.3,1,0,1,1,0,0,15,1,0.04,0.0,0.04,0.04,0.04,GER,2023-2024,standard,fbref_soccerdata,2026-08-10 21:50:01
GER-Bundesliga,2324,Mainz 05,Edimilson Fernandes,SUI,DF,27,1996,21,13,1290,14.3,0,2,2,0,0,0,4,0,0.0,0.14,0.14,0.0,0.14,GER,2023-2024,standard,fbref_soccerdata,2026-08-10 21:50:01
GER-Bundesliga,2324,Mainz 05,Jessic Ngankam,GER,"MF,FW",23,2000,7,2,184,2.0,0,0,0,0,0,0,0,1,0.0,0.0,0.0,0.0,0.0,GER,2023-2024,standard,fbref_soccerdata,2026-08-10 21:50:01
GER-Bundesliga,2324,Mainz 05,Jonathan Burkardt,GER,"FW,MF",23,2000,21,18,1538,17.1,8,2,10,7,1,1,2,0,0.47,0.12,0.59,0.41,0.53,GER,2023-2024,standard,fbref_soccerdata,2026-08-10 21:50:01
GER-Bundesliga,2324,Mainz 05,Josuha Guilavogui,FRA,DF,32,1990,11,5,409,4.5,0,1,1,0,0,0,1,0,0.0,0.22,0.22,0.0,0.22,GER,2023-2024,standard,fbref_soccerdata,2026-08-10 21:50:01
GER-Bundesliga,2324,Mainz 05,Karim Onisiwo,AUT,"FW,MF",31,1992,24,17,1493,16.6,1,3,4,1,0,0,1,0,0.06,0.18,0.24,0.06,0.24,GER,2023-2024,standard,fbref_soccerdata,2026-08-10 21:50:01
GER-Bundesliga,2324,Mainz 05,Leandro Barreiro Martins,LUX,MF,23,2000,31,29,2606,29.0,4,1,5,4,0,0,8,0,0.14,0.03,0.17,0.14,0.17,GER,2023-2024,standard,fbref_soccerdata,2026-08-10 21:50:01
GER-Bundesliga,2324,Mainz 05,Lee Jae-sung,KOR,MF,30,1992,29,24,2113,23.5,6,3,9,6,0,0,6,0,0.26,0.13,0.38,0.26,0.38,GER,2023-2024,standard,fbref_soccerdata,2026-08-10 21:50:01
GER-Bundesliga,2324,Mainz 05,Ludovic Ajorque,FRA,FW,29,1994,26,15,1360,15.1,2,0,2,2,0,2,4,0,0.13,0.0,0.13,0.13,0.13,GER,2023-2024,standard,fbref_soccerdata,2026-08-10 21:50:01
GER-Bundesliga,2324,Mainz 05,Marco Richter,GER,MF,25,1997,20,7,717,8.0,1,0,1,1,0,0,3,0,0.13,0.0,0.13,0.13,0.13,GER,2023-2024,standard,fbref_soccerdata,2026-08-10 21:50:01
GER-Bundesliga,2324,Mainz 05,Marcus Müller,GER,FW,20,2002,1,0,18,0.2,0,0,0,0,0,0,0,0,0.0,0.0,0.0,0.0,0.0,GER,2023-2024,standard,fbref_soccerdata,2026-08-10 21:50:01
GER-Bundesliga,2324,Mainz 05,Maxim Leitsch,GER,DF,25,1998,7,4,379,4.2,0,0,0,0,0,0,0,0,0.0,0.0,0.0,0.0,0.0,GER,2023-2024,standard,fbref_soccerdata,2026-08-10 21:50:01
GER-Bundesliga,2324,Mainz 05,Merveille Papela,GER,MF,22,2001,11,3,257,2.9,0,0,0,0,0,0,1,0,0.0,0.0,0.0,0.0,0.0,GER,2023-2024,standard,fbref_soccerdata,2026-08-10 21:50:01
GER-Bundesliga,2324,Mainz 05,Nadiem Amiri,GER,MF,26,1996,15,15,1315,14.6,1,4,5,1,0,1,5,0,0.07,0.27,0.34,0.07,0.34,GER,2023-2024,standard,fbref_soccerdata,2026-08-10 21:50:01
GER-Bundesliga,2324,Mainz 05,Nelson Weiper,GER,FW,18,2005,5,1,124,1.4,0,0,0,0,0,0,0,0,0.0,0.0,0.0,0.0,0.0,GER,2023-2024,standard,fbref_soccerdata,2026-08-10 21:50:01
GER-Bundesliga,2324,Mainz 05,Phillipp Mwene,AUT,"MF,DF",29,1994,23,23,1996,22.2,1,2,3,1,0,0,4,1,0.05,0.09,0.14,0.05,0.14,GER,2023-2024,standard,fbref_soccerdata,2026-08-10 21:50:01
GER-Bundesliga,2324,Mainz 05,Robin Zentner,GER,GK,28,1994,30,30,2700,30.0,0,0,0,0,0,0,3,0,0.0,0.0,0.0,0.0,0.0,GER,2023-2024,standard,fbref_soccerdata,2026-08-10 21:50:01
GER-Bundesliga,2324,Mainz 05,Sepp van den Berg,NED,DF,21,2001,33,31,2839,31.5,3,0,3,3,0,0,9,0,0.1,0.0,0.1,0.1,0.1,GER,2023-2024,standard,fbref_soccerdata,2026-08-10 21:50:01
GER-Bundesliga,2324,Mainz 05,Silvan Widmer,SUI,"MF,DF",30,1993,20,13,1242,13.8,1,3,4,1,0,0,4,0,0.07,0.22,0.29,0.07,0.29,GER,2023-2024,standard,fbref_soccerdata,2026-08-10 21:50:01
GER-Bundesliga,2324,Mainz 05,Stefan Bell,GER,DF,31,1991,10,8,666,7.4,0,0,0,0,0,0,3,0,0.0,0.0,0.0,0.0,0.0,GER,2023-2024,standard,fbref_soccerdata,2026-08-10 21:50:01
GER-Bundesliga,2324,Mainz 05,Tom Krauß,GER,MF,22,2001,29,13,1346,15.0,1,2,3,1,0,0,5,0,0.07,0.13,0.2,0.07,0.2,GER,2023-2024,standard,fbref_soccerdata,2026-08-10 21:50:01
GER-Bundesliga,2324,RB Leipzig,Amadou Haidara,MLI,MF,25,1998,21,19,1526,17.0,2,1,3,2,0,0,5,0,0.12,0.06,0.18,0.12,0.18,GER,2023-2024,standard,fbref_soccerdata,2026-08-10 21:50:01
GER-Bundesliga,2324,RB Leipzig,Benjamin Henrichs,GER,"DF,MF",26,1997,33,28,2526,28.1,1,5,6,1,0,0,5,0,0.04,0.18,0.21,0.04,0.21,GER,2023-2024,standard,fbref_soccerdata,2026-08-10 21:50:01
GER-Bundesliga,2324,RB Leipzig,Benjamin Šeško,SVN,FW,20,2003,31,17,1526,17.0,14,2,16,14,0,0,0,0,0.83,0.12,0.94,0.83,0.94,GER,2023-2024,standard,fbref_soccerdata,2026-08-10 21:50:01
GER-Bundesliga,2324,RB Leipzig,Castello Lukeba,FRA,DF,20,2002,32,24,2191,24.3,1,0,1,1,0,0,3,0,0.04,0.0,0.04,0.04,0.04,GER,2023-2024,standard,fbref_soccerdata,2026-08-10 21:50:01
GER-Bundesliga,2324,RB Leipzig,Christoph Baumgartner,AUT,"MF,FW",23,1999,32,11,1158,12.9,5,1,6,5,0,0,3,0,0.39,0.08,0.47,0.39,0.47,GER,2023-2024,standard,fbref_soccerdata,2026-08-10 21:50:01
GER-Bundesliga,2324,RB Leipzig,Christopher Lenz,GER,"DF,MF",28,1994,5,0,47,0.5,0,0,0,0,0,0,0,0,0.0,0.0,0.0,0.0,0.0,GER,2023-2024,standard,fbref_soccerdata,2026-08-10 21:50:01
GER-Bundesliga,2324,RB Leipzig,Dani Olmo,ESP,MF,25,1998,21,17,1449,16.1,4,5,9,4,0,0,0,0,0.25,0.31,0.56,0.25,0.56,GER,2023-2024,standard,fbref_soccerdata,2026-08-10 21:50:01
GER-Bundesliga,2324,RB Leipzig,David Raum,GER,DF,25,1998,31,31,2739,30.4,2,8,10,2,0,0,6,0,0.07,0.26,0.33,0.07,0.33,GER,2023-2024,standard,fbref_soccerdata,2026-08-10 21:50:01
GER-Bundesliga,2324,RB Leipzig,El Chadaille Bitshiabu,FRA,DF,18,2005,6,0,34,0.4,0,0,0,0,0,0,0,0,0.0,0.0,0.0,0.0,0.0,GER,2023-2024,standard,fbref_soccerdata,2026-08-10 21:50:01
GER-Bundesliga,2324,RB Leipzig,Elif Elmas,MKD,MF,23,1999,14,2,266,3.0,0,0,0,0,0,0,0,0,0.0,0.0,0.0,0.0,0.0,GER,2023-2024,standard,fbref_soccerdata,2026-08-10 21:50:01
GER-Bundesliga,2324,RB Leipzig,Emil Forsberg,SWE,MF,31,1991,14,5,464,5.2,2,1,3,2,0,1,0,0,0.39,0.19,0.58,0.39,0.58,GER,2023-2024,standard,fbref_soccerdata,2026-08-10 21:50:01
GER-Bundesliga,2324,RB Leipzig,Fabio Carvalho,POR,MF,20,2002,9,1,165,1.8,0,0,0,0,0,0,0,0,0.0,0.0,0.0,0.0,0.0,GER,2023-2024,standard,fbref_soccerdata,2026-08-10 21:50:01
GER-Bundesliga,2324,RB Leipzig,Janis Blaswich,GER,GK,32,1991,21,21,1890,21.0,0,0,0,0,0,0,0,0,0.0,0.0,0.0,0.0,0.0,GER,2023-2024,standard,fbref_soccerdata,2026-08-10 21:50:01
GER-Bundesliga,2324,RB Leipzig,Jonathan Norbye,NOR,DF,16,2007,1,0,1,0.0,0,0,0,0,0,0,0,0,0.0,0.0,0.0,0.0,0.0,GER,2023-2024,standard,fbref_soccerdata,2026-08-10 21:50:01
GER-Bundesliga,2324,RB Leipzig,Kevin Kampl,SVN,MF,32,1990,26,14,1363,15.1,1,0,1,1,0,0,3,0,0.07,0.0,0.07,0.07,0.07,GER,2023-2024,standard,fbref_soccerdata,2026-08-10 21:50:01
GER-Bundesliga,2324,RB Leipzig,Loïs Openda,BEL,FW,23,2000,34,33,2697,30.0,24,7,31,22,2,3,4,0,0.8,0.23,1.03,0.73,0.97,GER,2023-2024,standard,fbref_soccerdata,2026-08-10 21:50:01
GER-Bundesliga,2324,RB Leipzig,Lukas Klostermann,GER,DF,27,1996,25,16,1436,16.0,1,0,1,1,0,0,3,0,0.06,0.0,0.06,0.06,0.06,GER,2023-2024,standard,fbref_soccerdata,2026-08-10 21:50:01
GER-Bundesliga,2324,RB Leipzig,Mohamed Simakan,FRA,DF,23,2000,32,23,2138,23.8,2,3,5,2,0,0,8,0,0.08,0.13,0.21,0.08,0.21,GER,2023-2024,standard,fbref_soccerdata,2026-08-10 21:50:01
GER-Bundesliga,2324,RB Leipzig,Nicolas Seiwald,AUT,MF,22,2001,21,6,718,8.0,0,2,2,0,0,0,1,0,0.0,0.25,0.25,0.0,0.25,GER,2023-2024,standard,fbref_soccerdata,2026-08-10 21:50:01
GER-Bundesliga,2324,RB Leipzig,Nuha Jatta,GAM,MF,17,2006,1,0,1,0.0,0,0,0,0,0,0,0,0,0.0,0.0,0.0,0.0,0.0,GER,2023-2024,standard,fbref_soccerdata,2026-08-10 21:50:01
GER-Bundesliga,2324,RB Leipzig,Péter Gulácsi,HUN,GK,33,1990,13,13,1170,13.0,0,0,0,0,0,0,0,0,0.0,0.0,0.0,0.0,0.0,GER,2023-2024,standard,fbref_soccerdata,2026-08-10 21:50:01
GER-Bundesliga,2324,RB Leipzig,Timo Werner,GER,"MF,FW",27,1996,8,2,207,2.3,2,0,2,1,1,1,0,0,0.87,0.0,0.87,0.43,0.43,GER,2023-2024,standard,fbref_soccerdata,2026-08-10 21:50:01
GER-Bundesliga,2324,RB Leipzig,Willi Orban,HUN,DF,30,1992,19,18,1582,17.6,0,0,0,0,0,0,2,0,0.0,0.0,0.0,0.0,0.0,GER,2023-2024,standard,fbref_soccerdata,2026-08-10 21:50:01
GER-Bundesliga,2324,RB Leipzig,Xaver Schlager,AUT,MF,25,1997,29,29,2477,27.5,0,5,5,0,0,0,7,0,0.0,0.18,0.18,0.0,0.18,GER,2023-2024,standard,fbref_soccerdata,2026-08-10 21:50:01
GER-Bundesliga,2324,RB Leipzig,Xavi Simons,NED,MF,20,2003,32,32,2653,29.5,8,11,19,7,1,2,11,1,0.27,0.37,0.64,0.24,0.61,GER,2023-2024,standard,fbref_soccerdata,2026-08-10 21:50:01
GER-Bundesliga,2324,RB Leipzig,Yussuf Poulsen,DEN,FW,29,1994,28,12,1217,13.5,5,2,7,5,0,0,0,0,0.37,0.15,0.52,0.37,0.52,GER,2023-2024,standard,fbref_soccerdata,2026-08-10 21:50:01
GER-Bundesliga,2324,Stuttgart,Alexander Nübel,GER,GK,26,1996,30,30,2700,30.0,0,0,0,0,0,0,1,0,0.0,0.0,0.0,0.0,0.0,GER,2023-2024,standard,fbref_soccerdata,2026-08-10 21:50:01
GER-Bundesliga,2324,Stuttgart,Angelo Stiller,GER,MF,22,2001,31,30,2694,29.9,1,5,6,1,0,0,5,0,0.03,0.17,0.2,0.03,0.2,GER,2023-2024,standard,fbref_soccerdata,2026-08-10 21:50:01
GER-Bundesliga,2324,Stuttgart,Anthony Rouault,FRA,DF,22,2001,22,11,1010,11.2,0,2,2,0,0,0,3,0,0.0,0.18,0.18,0.0,0.18,GER,2023-2024,standard,fbref_soccerdata,2026-08-10 21:50:01
GER-Bundesliga,2324,Stuttgart,Atakan Karazor,TUR,MF,26,1996,33,31,2623,29.1,0,4,4,0,0,0,9,0,0.0,0.14,0.14,0.0,0.14,GER,2023-2024,standard,fbref_soccerdata,2026-08-10 21:50:01
GER-Bundesliga,2324,Stuttgart,Borna Sosa,CRO,"DF,MF",25,1998,2,0,46,0.5,0,0,0,0,0,0,0,0,0.0,0.0,0.0,0.0,0.0,GER,2023-2024,standard,fbref_soccerdata,2026-08-10 21:50:01
GER-Bundesliga,2324,Stuttgart,Chris Führich,GER,MF,25,1998,34,33,2567,28.5,8,7,15,8,0,1,2,0,0.28,0.25,0.53,0.28,0.53,GER,2023-2024,standard,fbref_soccerdata,2026-08-10 21:50:01
GER-Bundesliga,2324,Stuttgart,Dan-Axel Zagadou,FRA,DF,24,1999,19,16,1453,16.1,1,0,1,1,0,0,1,0,0.06,0.0,0.06,0.06,0.06,GER,2023-2024,standard,fbref_soccerdata,2026-08-10 21:50:01
GER-Bundesliga,2324,Stuttgart,Deniz Undav,GER,"FW,MF",27,1996,30,23,2089,23.2,18,10,28,18,0,1,5,0,0.78,0.43,1.21,0.78,1.21,GER,2023-2024,standard,fbref_soccerdata,2026-08-10 21:50:01
GER-Bundesliga,2324,Stuttgart,Enzo Millot,FRA,MF,21,2002,31,27,2241,24.9,5,4,9,4,1,1,5,0,0.2,0.16,0.36,0.16,0.32,GER,2023-2024,standard,fbref_soccerdata,2026-08-10 21:50:01
GER-Bundesliga,2324,Stuttgart,Fabian Bredlow,GER,GK,28,1995,4,4,360,4.0,0,0,0,0,0,0,0,0,0.0,0.0,0.0,0.0,0.0,GER,2023-2024,standard,fbref_soccerdata,2026-08-10 21:50:01
GER-Bundesliga,2324,Stuttgart,Genki Haraguchi,JPN,"FW,MF",32,1991,2,0,27,0.3,0,0,0,0,0,0,0,0,0.0,0.0,0.0,0.0,0.0,GER,2023-2024,standard,fbref_soccerdata,2026-08-10 21:50:01
GER-Bundesliga,2324,Stuttgart,Hiroki Ito,JPN,DF,24,1999,26,25,2228,24.8,0,2,2,0,0,0,1,0,0.0,0.08,0.08,0.0,0.08,GER,2023-2024,standard,fbref_soccerdata,2026-08-10 21:50:01
GER-Bundesliga,2324,Stuttgart,Jamie Leweling,GER,MF,22,2001,34,17,1523,16.9,4,4,8,4,0,0,3,0,0.24,0.24,0.47,0.24,0.47,GER,2023-2024,standard,fbref_soccerdata,2026-08-10 21:50:01
GER-Bundesliga,2324,Stuttgart,Jeong Woo-yeong,KOR,MF,23,1999,26,5,633,7.0,2,3,5,2,0,0,1,0,0.28,0.43,0.71,0.28,0.71,GER,2023-2024,standard,fbref_soccerdata,2026-08-10 21:50:01
GER-Bundesliga,2324,Stuttgart,Josha Vagnoman,GER,"MF,DF",22,2000,18,12,1183,13.1,2,2,4,2,0,0,2,0,0.15,0.15,0.3,0.15,0.3,GER,2023-2024,standard,fbref_soccerdata,2026-08-10 21:50:01
GER-Bundesliga,2324,Stuttgart,Jovan Milošević,SRB,FW,18,2005,5,0,28,0.3,0,0,0,0,0,0,0,0,0.0,0.0,0.0,0.0,0.0,GER,2023-2024,standard,fbref_soccerdata,2026-08-10 21:50:01
GER-Bundesliga,2324,Stuttgart,Leonidas Stergiou,SUI,DF,21,2002,15,6,594,6.6,1,0,1,1,0,0,0,0,0.15,0.0,0.15,0.15,0.15,GER,2023-2024,standard,fbref_soccerdata,2026-08-10 21:50:01
GER-Bundesliga,2324,Stuttgart,Lilian Egloff,GER,MF,20,2002,5,1,106,1.2,0,0,0,0,0,0,1,0,0.0,0.0,0.0,0.0,0.0,GER,2023-2024,standard,fbref_soccerdata,2026-08-10 21:50:01
GER-Bundesliga,2324,Stuttgart,Luca Raimund,GER,MF,18,2005,3,0,30,0.3,0,0,0,0,0,0,1,0,0.0,0.0,0.0,0.0,0.0,GER,2023-2024,standard,fbref_soccerdata,2026-08-10 21:50:01
GER-Bundesliga,2324,Stuttgart,Mahmoud Dahoud,GER,MF,27,1996,13,1,227,2.5,1,0,1,1,0,0,0,0,0.4,0.0,0.4,0.4,0.4,GER,2023-2024,standard,fbref_soccerdata,2026-08-10 21:50:01
GER-Bundesliga,2324,Stuttgart,Maximilian Mittelstädt,GER,"DF,MF",26,1997,31,23,2103,23.4,2,4,6,2,0,0,5,0,0.09,0.17,0.26,0.09,0.26,GER,2023-2024,standard,fbref_soccerdata,2026-08-10 21:50:01
GER-Bundesliga,2324,Stuttgart,Pascal Stenzel,GER,DF,27,1996,23,14,1064,11.8,0,5,5,0,0,0,3,1,0.0,0.42,0.42,0.0,0.42,GER,2023-2024,standard,fbref_soccerdata,2026-08-10 21:50:01
GER-Bundesliga,2324,Stuttgart,Roberto Massimo,GER,"FW,MF",22,2000,5,0,84,0.9,0,0,0,0,0,0,1,0,0.0,0.0,0.0,0.0,0.0,GER,2023-2024,standard,fbref_soccerdata,2026-08-10 21:50:01
GER-Bundesliga,2324,Stuttgart,Samuele Di Benedetto,GER,MF,18,2005,1,0,7,0.1,0,0,0,0,0,0,0,0,0.0,0.0,0.0,0.0,0.0,GER,2023-2024,standard,fbref_soccerdata,2026-08-10 21:50:01
GER-Bundesliga,2324,Stuttgart,Serhou Guirassy,GUI,FW,27,1996,28,25,2208,24.5,28,3,31,24,4,4,0,0,1.14,0.12,1.26,0.98,1.1,GER,2023-2024,standard,fbref_soccerdata,2026-08-10 21:50:01
GER-Bundesliga,2324,Stuttgart,Silas Katompa,COD,MF,24,1998,27,8,900,10.0,5,2,7,5,0,1,0,0,0.5,0.2,0.7,0.5,0.7,GER,2023-2024,standard,fbref_soccerdata,2026-08-10 21:50:01
GER-Bundesliga,2324,Stuttgart,Waldemar Anton,GER,DF,27,1996,33,32,2886,32.1,0,3,3,0,0,0,7,0,0.0,0.09,0.09,0.0,0.09,GER,2023-2024,standard,fbref_soccerdata,2026-08-10 21:50:01
GER-Bundesliga,2324,Union Berlin,Alex Král,CZE,MF,25,1998,24,13,1370,15.2,0,0,0,0,0,0,2,0,0.0,0.0,0.0,0.0,0.0,GER,2023-2024,standard,fbref_soccerdata,2026-08-10 21:50:01
GER-Bundesliga,2324,Union Berlin,Alexander Schwolow,GER,GK,31,1992,1,1,90,1.0,0,0,0,0,0,0,0,0,0.0,0.0,0.0,0.0,0.0,GER,2023-2024,standard,fbref_soccerdata,2026-08-10 21:50:01
GER-Bundesliga,2324,Union Berlin,Aljoscha Kemlein,GER,MF,18,2004,2,0,29,0.3,0,0,0,0,0,0,0,0,0.0,0.0,0.0,0.0,0.0,GER,2023-2024,standard,fbref_soccerdata,2026-08-10 21:50:01
GER-Bundesliga,2324,Union Berlin,András Schäfer,HUN,MF,24,1999,20,14,1214,13.5,1,2,3,1,0,0,1,1,0.07,0.15,0.22,0.07,0.22,GER,2023-2024,standard,fbref_soccerdata,2026-08-10 21:50:01
GER-Bundesliga,2324,Union Berlin,Aïssa Laïdouni,TUN,MF,26,1996,23,10,1071,11.9,0,3,3,0,0,0,2,0,0.0,0.25,0.25,0.0,0.25,GER,2023-2024,standard,fbref_soccerdata,2026-08-10 21:50:01
GER-Bundesliga,2324,Union Berlin,Benedict Hollerbach,GER,"FW,MF",22,2001,28,15,1282,14.2,5,0,5,5,0,0,2,0,0.35,0.0,0.35,0.35,0.35,GER,2023-2024,standard,fbref_soccerdata,2026-08-10 21:50:01
GER-Bundesliga,2324,Union Berlin,Brenden Aaronson,USA,"MF,FW",22,2000,30,14,1267,14.1,2,2,4,2,0,0,3,1,0.14,0.14,0.28,0.14,0.28,GER,2023-2024,standard,fbref_soccerdata,2026-08-10 21:50:01
GER-Bundesliga,2324,Union Berlin,Chris Bedia,CIV,FW,27,1996,7,0,145,1.6,1,0,1,1,0,0,0,0,0.62,0.0,0.62,0.62,0.62,GER,2023-2024,standard,fbref_soccerdata,2026-08-10 21:50:01
GER-Bundesliga,2324,Union Berlin,Christopher Trimmel,AUT,"MF,DF",36,1987,26,19,1646,18.3,0,2,2,0,0,0,2,1,0.0,0.11,0.11,0.0,0.11,GER,2023-2024,standard,fbref_soccerdata,2026-08-10 21:50:01
GER-Bundesliga,2324,Union Berlin,Danilho Doekhi,NED,DF,25,1998,24,24,2160,24.0,2,0,2,2,0,0,2,0,0.08,0.0,0.08,0.08,0.08,GER,2023-2024,standard,fbref_soccerdata,2026-08-10 21:50:01
GER-Bundesliga,2324,Union Berlin,David Datro Fofana,CIV,"FW,MF",20,2002,12,8,682,7.6,1,0,1,1,0,0,0,0,0.13,0.0,0.13,0.13,0.13,GER,2023-2024,standard,fbref_soccerdata,2026-08-10 21:50:01
GER-Bundesliga,2324,Union Berlin,Diogo Leite,POR,DF,24,1999,32,31,2702,30.0,0,0,0,0,0,0,6,0,0.0,0.0,0.0,0.0,0.0,GER,2023-2024,standard,fbref_soccerdata,2026-08-10 21:50:01
GER-Bundesliga,2324,Union Berlin,Frederik Rønnow,DEN,GK,30,1992,33,33,2970,33.0,0,0,0,0,0,0,2,0,0.0,0.0,0.0,0.0,0.0,GER,2023-2024,standard,fbref_soccerdata,2026-08-10 21:50:01
GER-Bundesliga,2324,Union Berlin,Janik Haberer,GER,MF,29,1994,21,14,1221,13.6,1,1,2,1,0,0,7,0,0.07,0.07,0.15,0.07,0.15,GER,2023-2024,standard,fbref_soccerdata,2026-08-10 21:50:01
GER-Bundesliga,2324,Union Berlin,Jordan Pefok,USA,FW,27,1996,1,0,27,0.3,0,0,0,0,0,0,0,0,0.0,0.0,0.0,0.0,0.0,GER,2023-2024,standard,fbref_soccerdata,2026-08-10 21:50:01
GER-Bundesliga,2324,Union Berlin,Josip Juranović,CRO,"MF,DF",27,1995,21,14,1294,14.4,0,2,2,0,0,1,4,0,0.0,0.14,0.14,0.0,0.14,GER,2023-2024,standard,fbref_soccerdata,2026-08-10 21:50:01
GER-Bundesliga,2324,Union Berlin,Jérôme Roussillon,GLP,"DF,MF",30,1993,23,8,752,8.4,0,1,1,0,0,0,2,0,0.0,0.12,0.12,0.0,0.12,GER,2023-2024,standard,fbref_soccerdata,2026-08-10 21:50:01
GER-Bundesliga,2324,Union Berlin,Kevin Behrens,GER,FW,32,1991,18,14,1262,14.0,4,0,4,4,0,0,3,0,0.29,0.0,0.29,0.29,0.29,GER,2023-2024,standard,fbref_soccerdata,2026-08-10 21:50:01
GER-Bundesliga,2324,Union Berlin,Kevin Vogt,GER,DF,31,1991,16,16,1323,14.7,0,0,0,0,0,0,5,0,0.0,0.0,0.0,0.0,0.0,GER,2023-2024,standard,fbref_soccerdata,2026-08-10 21:50:01
GER-Bundesliga,2324,Union Berlin,Kevin Volland,GER,"FW,MF",31,1992,26,17,1345,14.9,3,4,7,1,2,3,3,2,0.2,0.27,0.47,0.07,0.33,GER,2023-2024,standard,fbref_soccerdata,2026-08-10 21:50:01
GER-Bundesliga,2324,Union Berlin,Leonardo Bonucci,ITA,DF,36,1987,7,6,460,5.1,1,0,1,0,1,1,0,0,0.2,0.0,0.2,0.0,0.0,GER,2023-2024,standard,fbref_soccerdata,2026-08-10 21:50:01
GER-Bundesliga,2324,Union Berlin,Lucas Tousart,FRA,MF,26,1997,23,18,1572,17.5,0,0,0,0,0,0,5,0,0.0,0.0,0.0,0.0,0.0,GER,2023-2024,standard,fbref_soccerdata,2026-08-10 21:50:01
GER-Bundesliga,2324,Union Berlin,Mikkel Kaufmann,DEN,FW,22,2001,18,4,486,5.4,1,0,1,1,0,0,0,0,0.19,0.0,0.19,0.19,0.19,GER,2023-2024,standard,fbref_soccerdata,2026-08-10 21:50:01
GER-Bundesliga,2324,Union Berlin,Miloš Pantović,SRB,"FW,MF",27,1996,1,0,15,0.2,1,0,1,1,0,0,0,0,6.0,0.0,6.0,6.0,6.0,GER,2023-2024,standard,fbref_soccerdata,2026-08-10 21:50:01
GER-Bundesliga,2324,Union Berlin,Paul Jaeckel,GER,DF,25,1998,6,2,234,2.6,0,0,0,0,0,0,0,0,0.0,0.0,0.0,0.0,0.0,GER,2023-2024,standard,fbref_soccerdata,2026-08-10 21:50:01
GER-Bundesliga,2324,Union Berlin,Rani Khedira,TUN,MF,29,1994,20,18,1343,14.9,0,0,0,0,0,0,5,1,0.0,0.0,0.0,0.0,0.0,GER,2023-2024,standard,fbref_soccerdata,2026-08-10 21:50:01
GER-Bundesliga,2324,Union Berlin,Robin Gosens,GER,"MF,DF",29,1994,30,27,2283,25.4,6,3,9,6,0,0,9,1,0.24,0.12,0.35,0.24,0.35,GER,2023-2024,standard,fbref_soccerdata,2026-08-10 21:50:01
GER-Bundesliga,2324,Union Berlin,Robin Knoche,GER,DF,31,1992,24,20,1917,21.3,1,0,1,1,0,1,1,0,0.05,0.0,0.05,0.05,0.05,GER,2023-2024,standard,fbref_soccerdata,2026-08-10 21:50:01
GER-Bundesliga,2324,Union Berlin,Sheraldo Becker,SUR,"FW,MF",28,1995,11,7,645,7.2,0,1,1,0,0,0,0,0,0.0,0.14,0.14,0.0,0.14,GER,2023-2024,standard,fbref_soccerdata,2026-08-10 21:50:01
GER-Bundesliga,2324,Union Berlin,Yorbe Vertessen,BEL,"FW,MF",22,2001,13,7,593,6.6,3,2,5,3,0,0,1,0,0.46,0.3,0.76,0.46,0.76,GER,2023-2024,standard,fbref_soccerdata,2026-08-10 21:50:01
GER-Bundesliga,2324,Werder Bremen,Amos Pieper,GER,DF,25,1998,7,7,590,6.6,0,0,0,0,0,0,0,0,0.0,0.0,0.0,0.0,0.0,GER,2023-2024,standard,fbref_soccerdata,2026-08-10 21:50:01
GER-Bundesliga,2324,Werder Bremen,Anthony Jung,GER,"DF,MF",31,1991,31,30,2579,28.7,1,0,1,1,0,0,4,1,0.03,0.0,0.03,0.03,0.03,GER,2023-2024,standard,fbref_soccerdata,2026-08-10 21:50:01
GER-Bundesliga,2324,Werder Bremen,Christian Groß,GER,"DF,MF",34,1989,20,8,797,8.9,0,1,1,0,0,0,1,0,0.0,0.11,0.11,0.0,0.11,GER,2023-2024,standard,fbref_soccerdata,2026-08-10 21:50:01
GER-Bundesliga,2324,Werder Bremen,Dawid Kownacki,POL,FW,26,1997,22,3,380,4.2,0,0,0,0,0,0,0,0,0.0,0.0,0.0,0.0,0.0,GER,2023-2024,standard,fbref_soccerdata,2026-08-10 21:50:01
GER-Bundesliga,2324,Werder Bremen,Felix Agu,NGA,MF,23,1999,24,19,1614,17.9,0,0,0,0,0,0,2,0,0.0,0.0,0.0,0.0,0.0,GER,2023-2024,standard,fbref_soccerdata,2026-08-10 21:50:01
GER-Bundesliga,2324,Werder Bremen,Ilia Gruev,BUL,MF,23,2000,1,0,4,0.0,0,0,0,0,0,0,0,0,0.0,0.0,0.0,0.0,0.0,GER,2023-2024,standard,fbref_soccerdata,2026-08-10 21:50:01
GER-Bundesliga,2324,Werder Bremen,Isak Hansen-Aarøen,NOR,MF,18,2004,3,0,27,0.3,0,0,0,0,0,0,1,0,0.0,0.0,0.0,0.0,0.0,GER,2023-2024,standard,fbref_soccerdata,2026-08-10 21:50:01
GER-Bundesliga,2324,Werder Bremen,Jens Stage,DEN,MF,26,1996,30,26,2327,25.9,3,1,4,3,0,0,5,1,0.12,0.04,0.15,0.12,0.15,GER,2023-2024,standard,fbref_soccerdata,2026-08-10 21:50:01
GER-Bundesliga,2324,Werder Bremen,Jiří Pavlenka,CZE,GK,31,1992,7,7,630,7.0,0,0,0,0,0,0,0,0,0.0,0.0,0.0,0.0,0.0,GER,2023-2024,standard,fbref_soccerdata,2026-08-10 21:50:01
GER-Bundesliga,2324,Werder Bremen,Joel Imasuen,USA,FW,18,2004,1,0,2,0.0,0,0,0,0,0,0,0,0,0.0,0.0,0.0,0.0,0.0,GER,2023-2024,standard,fbref_soccerdata,2026-08-10 21:50:01
GER-Bundesliga,2324,Werder Bremen,Julián Malatini,ARG,DF,22,2001,11,6,602,6.7,1,0,1,1,0,0,1,0,0.15,0.0,0.15,0.15,0.15,GER,2023-2024,standard,fbref_soccerdata,2026-08-10 21:50:01
GER-Bundesliga,2324,Werder Bremen,Justin Njinmah,GER,FW,22,2000,24,10,1016,11.3,6,2,8,6,0,0,1,0,0.53,0.18,0.71,0.53,0.71,GER,2023-2024,standard,fbref_soccerdata,2026-08-10 21:50:01
GER-Bundesliga,2324,Werder Bremen,Leon Opitz,GER,MF,18,2005,3,0,18,0.2,0,0,0,0,0,0,0,0,0.0,0.0,0.0,0.0,0.0,GER,2023-2024,standard,fbref_soccerdata,2026-08-10 21:50:01
GER-Bundesliga,2324,Werder Bremen,Leonardo Bittencourt,GER,MF,29,1993,29,19,1578,17.5,1,2,3,1,0,0,9,0,0.06,0.11,0.17,0.06,0.17,GER,2023-2024,standard,fbref_soccerdata,2026-08-10 21:50:01
GER-Bundesliga,2324,Werder Bremen,Marco Friedl,AUT,DF,25,1998,25,25,2197,24.4,1,0,1,1,0,0,6,0,0.04,0.0,0.04,0.04,0.04,GER,2023-2024,standard,fbref_soccerdata,2026-08-10 21:50:01
GER-Bundesliga,2324,Werder Bremen,Marvin Ducksch,GER,FW,29,1994,33,32,2696,30.0,12,9,21,7,5,6,9,0,0.4,0.3,0.7,0.23,0.53,GER,2023-2024,standard,fbref_soccerdata,2026-08-10 21:50:01
GER-Bundesliga,2324,Werder Bremen,Michael Zetterer,GER,GK,28,1995,27,27,2430,27.0,0,0,0,0,0,0,2,0,0.0,0.0,0.0,0.0,0.0,GER,2023-2024,standard,fbref_soccerdata,2026-08-10 21:50:01
GER-Bundesliga,2324,Werder Bremen,Miloš Veljković,SRB,DF,27,1995,23,21,1920,21.3,2,1,3,2,0,0,2,0,0.09,0.05,0.14,0.09,0.14,GER,2023-2024,standard,fbref_soccerdata,2026-08-10 21:50:01
GER-Bundesliga,2324,Werder Bremen,Mitchell Weiser,GER,MF,29,1994,30,30,2636,29.3,3,7,10,3,0,0,5,0,0.1,0.24,0.34,0.1,0.34,GER,2023-2024,standard,fbref_soccerdata,2026-08-10 21:50:01
GER-Bundesliga,2324,Werder Bremen,Naby Keïta,GUI,MF,28,1995,5,1,109,1.2,0,0,0,0,0,0,2,0,0.0,0.0,0.0,0.0,0.0,GER,2023-2024,standard,fbref_soccerdata,2026-08-10 21:50:01
GER-Bundesliga,2324,Werder Bremen,Nick Woltemade,GER,"FW,MF",21,2002,30,12,1189,13.2,2,0,2,2,0,0,1,0,0.15,0.0,0.15,0.15,0.15,GER,2023-2024,standard,fbref_soccerdata,2026-08-10 21:50:01
GER-Bundesliga,2324,Werder Bremen,Niclas Füllkrug,GER,FW,30,1993,2,2,180,2.0,0,0,0,0,0,0,0,0,0.0,0.0,0.0,0.0,0.0,GER,2023-2024,standard,fbref_soccerdata,2026-08-10 21:50:01
GER-Bundesliga,2324,Werder Bremen,Nicolai Rapp,GER,DF,26,1996,2,1,76,0.8,0,0,0,0,0,0,1,0,0.0,0.0,0.0,0.0,0.0,GER,2023-2024,standard,fbref_soccerdata,2026-08-10 21:50:01
GER-Bundesliga,2324,Werder Bremen,Niklas Stark,GER,DF,28,1995,17,12,1088,12.1,2,0,2,2,0,0,4,0,0.17,0.0,0.17,0.17,0.17,GER,2023-2024,standard,fbref_soccerdata,2026-08-10 21:50:01
GER-Bundesliga,2324,Werder Bremen,Oliver Burke,SCO,"FW,MF",26,1997,1,0,32,0.4,0,0,0,0,0,0,0,0,0.0,0.0,0.0,0.0,0.0,GER,2023-2024,standard,fbref_soccerdata,2026-08-10 21:50:01
GER-Bundesliga,2324,Werder Bremen,Olivier Deman,BEL,MF,23,2000,29,14,1365,15.2,2,1,3,2,0,0,5,0,0.13,0.07,0.2,0.13,0.2,GER,2023-2024,standard,fbref_soccerdata,2026-08-10 21:50:01
GER-Bundesliga,2324,Werder Bremen,Rafael Borré,COL,FW,27,1995,19,11,991,11.0,4,0,4,4,0,0,0,0,0.36,0.0,0.36,0.36,0.36,GER,2023-2024,standard,fbref_soccerdata,2026-08-10 21:50:01
GER-Bundesliga,2324,Werder Bremen,Romano Schmid,AUT,"MF,FW",23,2000,33,30,2601,28.9,4,6,10,4,0,0,5,0,0.14,0.21,0.35,0.14,0.35,GER,2023-2024,standard,fbref_soccerdata,2026-08-10 21:50:01
GER-Bundesliga,2324,Werder Bremen,Senne Lynen,BEL,MF,24,1999,32,20,1797,20.0,0,3,3,0,0,0,6,0,0.0,0.15,0.15,0.0,0.15,GER,2023-2024,standard,fbref_soccerdata,2026-08-10 21:50:01
GER-Bundesliga,2324,Werder Bremen,Skelly Alvero,FRA,MF,21,2002,6,1,123,1.4,1,0,1,1,0,0,1,0,0.73,0.0,0.73,0.73,0.73,GER,2023-2024,standard,fbref_soccerdata,2026-08-10 21:50:01
GER-Bundesliga,2324,Wolfsburg,Amin Sarr,SWE,"MF,FW",22,2001,14,2,386,4.3,0,0,0,0,0,0,0,0,0.0,0.0,0.0,0.0,0.0,GER,2023-2024,standard,fbref_soccerdata,2026-08-10 21:50:01
GER-Bundesliga,2324,Wolfsburg,Aster Vranckx,BEL,MF,20,2002,24,12,1153,12.8,0,0,0,0,0,0,6,0,0.0,0.0,0.0,0.0,0.0,GER,2023-2024,standard,fbref_soccerdata,2026-08-10 21:50:01
GER-Bundesliga,2324,Wolfsburg,Bennit Bröger,GER,MF,17,2006,1,0,11,0.1,0,0,0,0,0,0,0,0,0.0,0.0,0.0,0.0,0.0,GER,2023-2024,standard,fbref_soccerdata,2026-08-10 21:50:01
GER-Bundesliga,2324,Wolfsburg,Cedric Zesiger,SUI,DF,25,1998,23,18,1634,18.2,0,0,0,0,0,0,5,0,0.0,0.0,0.0,0.0,0.0,GER,2023-2024,standard,fbref_soccerdata,2026-08-10 21:50:01
GER-Bundesliga,2324,Wolfsburg,Dženan Pejčinović,GER,FW,18,2005,4,0,37,0.4,0,0,0,0,0,0,1,0,0.0,0.0,0.0,0.0,0.0,GER,2023-2024,standard,fbref_soccerdata,2026-08-10 21:50:01
GER-Bundesliga,2324,Wolfsburg,Jakub Kamiński,POL,MF,21,2002,17,4,473,5.3,0,2,2,0,0,0,0,0,0.0,0.38,0.38,0.0,0.38,GER,2023-2024,standard,fbref_soccerdata,2026-08-10 21:50:01
GER-Bundesliga,2324,Wolfsburg,Joakim Mæhle,DEN,"DF,MF",26,1997,30,27,2452,27.2,2,3,5,2,0,0,5,0,0.07,0.11,0.18,0.07,0.18,GER,2023-2024,standard,fbref_soccerdata,2026-08-10 21:50:01
GER-Bundesliga,2324,Wolfsburg,Jonas Wind,DEN,FW,24,1999,34,31,2651,29.5,11,7,18,11,0,1,3,0,0.37,0.24,0.61,0.37,0.61,GER,2023-2024,standard,fbref_soccerdata,2026-08-10 21:50:01
GER-Bundesliga,2324,Wolfsburg,Kevin Behrens,GER,FW,32,1991,13,7,616,6.8,1,1,2,1,0,0,1,0,0.15,0.15,0.29,0.15,0.29,GER,2023-2024,standard,fbref_soccerdata,2026-08-10 21:50:01
GER-Bundesliga,2324,Wolfsburg,Kevin Paredes,USA,"MF,DF",20,2003,28,15,1432,15.9,3,0,3,3,0,0,4,0,0.19,0.0,0.19,0.19,0.19,GER,2023-2024,standard,fbref_soccerdata,2026-08-10 21:50:01
GER-Bundesliga,2324,Wolfsburg,Kilian Fischer,GER,"MF,DF",22,2000,6,4,291,3.2,0,0,0,0,0,0,1,0,0.0,0.0,0.0,0.0,0.0,GER,2023-2024,standard,fbref_soccerdata,2026-08-10 21:50:01
GER-Bundesliga,2324,Wolfsburg,Koen Casteels,BEL,GK,31,1992,25,25,2250,25.0,0,0,0,0,0,0,2,0,0.0,0.0,0.0,0.0,0.0,GER,2023-2024,standard,fbref_soccerdata,2026-08-10 21:50:01
GER-Bundesliga,2324,Wolfsburg,Kofi Amoako,GER,MF,18,2005,2,0,2,0.0,0,0,0,0,0,0,0,0,0.0,0.0,0.0,0.0,0.0,GER,2023-2024,standard,fbref_soccerdata,2026-08-10 21:50:01
GER-Bundesliga,2324,Wolfsburg,Lovro Majer,CRO,"MF,FW",25,1998,32,25,2106,23.4,5,5,10,3,2,2,5,0,0.21,0.21,0.43,0.13,0.34,GER,2023-2024,standard,fbref_soccerdata,2026-08-10 21:50:01
GER-Bundesliga,2324,Wolfsburg,Lukas Nmecha,GER,FW,24,1998,3,0,42,0.5,1,0,1,1,0,0,0,0,2.14,0.0,2.14,2.14,2.14,GER,2023-2024,standard,fbref_soccerdata,2026-08-10 21:50:01
GER-Bundesliga,2324,Wolfsburg,Mattias Svanberg,SWE,MF,24,1999,25,20,1715,19.1,1,3,4,1,0,0,8,0,0.05,0.16,0.21,0.05,0.21,GER,2023-2024,standard,fbref_soccerdata,2026-08-10 21:50:01
GER-Bundesliga,2324,Wolfsburg,Maxence Lacroix,FRA,DF,23,2000,28,27,2362,26.2,4,1,5,4,0,0,5,3,0.15,0.04,0.19,0.15,0.19,GER,2023-2024,standard,fbref_soccerdata,2026-08-10 21:50:01
GER-Bundesliga,2324,Wolfsburg,Maximilian Arnold,GER,MF,29,1994,30,27,2506,27.8,2,1,3,2,0,0,9,0,0.07,0.04,0.11,0.07,0.11,GER,2023-2024,standard,fbref_soccerdata,2026-08-10 21:50:01
GER-Bundesliga,2324,Wolfsburg,Moritz Jenz,GER,DF,24,1999,22,21,1742,19.4,0,1,1,0,0,0,7,1,0.0,0.05,0.05,0.0,0.05,GER,2023-2024,standard,fbref_soccerdata,2026-08-10 21:50:01
GER-Bundesliga,2324,Wolfsburg,Nicolas Cozza,FRA,DF,24,1999,6,3,276,3.1,0,0,0,0,0,0,1,0,0.0,0.0,0.0,0.0,0.0,GER,2023-2024,standard,fbref_soccerdata,2026-08-10 21:50:01
GER-Bundesliga,2324,Wolfsburg,Patrick Wimmer,AUT,"MF,FW",22,2001,14,8,589,6.5,2,0,2,2,0,0,3,1,0.31,0.0,0.31,0.31,0.31,GER,2023-2024,standard,fbref_soccerdata,2026-08-10 21:50:01
GER-Bundesliga,2324,Wolfsburg,Pavao Pervan,AUT,GK,35,1987,9,9,810,9.0,0,0,0,0,0,0,1,0,0.0,0.0,0.0,0.0,0.0,GER,2023-2024,standard,fbref_soccerdata,2026-08-10 21:50:01
GER-Bundesliga,2324,Wolfsburg,Ridle Baku,GER,"MF,DF",25,1998,33,22,2013,22.4,1,0,1,1,0,0,4,0,0.04,0.0,0.04,0.04,0.04,GER,2023-2024,standard,fbref_soccerdata,2026-08-10 21:50:01
GER-Bundesliga,2324,Wolfsburg,Rogério,BRA,"DF,MF",25,1998,13,10,906,10.1,1,0,1,1,0,0,0,0,0.1,0.0,0.1,0.1,0.1,GER,2023-2024,standard,fbref_soccerdata,2026-08-10 21:50:01
GER-Bundesliga,2324,Wolfsburg,Sebastiaan Bornauw,BEL,DF,24,1999,20,16,1431,15.9,0,0,0,0,0,0,5,0,0.0,0.0,0.0,0.0,0.0,GER,2023-2024,standard,fbref_soccerdata,2026-08-10 21:50:01
GER-Bundesliga,2324,Wolfsburg,Tiago Tomás,POR,"FW,MF",21,2002,26,11,1032,11.5,1,1,2,1,0,0,3,0,0.09,0.09,0.17,0.09,0.17,GER,2023-2024,standard,fbref_soccerdata,2026-08-10 21:50:01
GER-Bundesliga,2324,Wolfsburg,Václav Černý,CZE,"MF,FW",25,1997,22,12,921,10.2,4,1,5,4,0,0,2,0,0.39,0.1,0.49,0.39,0.49,GER,2023-2024,standard,fbref_soccerdata,2026-08-10 21:50:01
GER-Bundesliga,2324,Wolfsburg,Yannick Gerhardt,GER,MF,29,1994,25,18,1630,18.1,2,1,3,2,0,0,5,0,0.11,0.06,0.17,0.11,0.17,GER,2023-2024,standard,fbref_soccerdata,2026-08-10 21:50:01
