league,season,team,player,nation,pos,age,born,90s,Standard_Gls,Standard_Sh,Standard_SoT,Standard_SoT%,Standard_Sh/90,Standard_SoT/90,Standard_G/Sh,Standard_G/SoT,Standard_PK,Standard_PKatt,_league_id,_season,_stat_type,_source,_scraped_at
ENG-Premier League,2526,Arsenal,Ben White,ENG,DF,27,1997,7.8,0,5,1,20.0,0.64,0.13,0.0,0.0,0,0,ENG,2025-2026,shooting,fbref_soccerdata,2026-08-10 21:43:43
ENG-Premier League,2526,Arsenal,Bukayo Saka,ENG,"FW,MF",23,2001,24.7,7,71,27,38.0,2.88,1.09,0.08,0.22,1,1,ENG,2025-2026,shooting,fbref_soccerdata,2026-08-10 21:43:43
ENG-Premier League,2526,Arsenal,Christian Nørgaard,DEN,MF,31,1994,1.2,0,2,1,50.0,1.7,0.85,0.0,0.0,0,0,ENG,2025-2026,shooting,fbref_soccerdata,2026-08-10 21:43:43
ENG-Premier League,2526,Arsenal,Cristhian Mosquera,ESP,DF,21,2004,11.0,0,1,0,0.0,0.09,0.0,0.0,,0,0,ENG,2025-2026,shooting,fbref_soccerdata,2026-08-10 21:43:43
ENG-Premier League,2526,Arsenal,David Raya,ESP,GK,29,1995,37.0,0,0,0,,0.0,0.0,,,0,0,ENG,2025-2026,shooting,fbref_soccerdata,2026-08-10 21:43:43
ENG-Premier League,2526,Arsenal,Declan Rice,ENG,MF,26,1999,34.4,4,40,13,32.5,1.16,0.38,0.1,0.31,0,0,ENG,2025-2026,shooting,fbref_soccerdata,2026-08-10 21:43:43
ENG-Premier League,2526,Arsenal,Eberechi Eze,ENG,"MF,FW",27,1998,20.1,7,57,18,31.6,2.83,0.89,0.12,0.39,0,0,ENG,2025-2026,shooting,fbref_soccerdata,2026-08-10 21:43:43
ENG-Premier League,2526,Arsenal,Ethan Nwaneri,ENG,MF,18,2007,1.9,0,6,0,0.0,3.16,0.0,0.0,,0,0,ENG,2025-2026,shooting,fbref_soccerdata,2026-08-10 21:43:43
ENG-Premier League,2526,Arsenal,Gabriel Jesus,BRA,FW,28,1997,4.8,3,19,12,63.2,3.99,2.52,0.16,0.25,0,0,ENG,2025-2026,shooting,fbref_soccerdata,2026-08-10 21:43:43
ENG-Premier League,2526,Arsenal,Gabriel Magalhães,BRA,DF,27,1997,30.6,3,27,7,25.9,0.88,0.23,0.11,0.43,0,0,ENG,2025-2026,shooting,fbref_soccerdata,2026-08-10 21:43:43
ENG-Premier League,2526,Arsenal,Gabriel Martinelli,BRA,"FW,MF",24,2001,12.0,1,29,13,44.8,2.41,1.08,0.03,0.08,0,0,ENG,2025-2026,shooting,fbref_soccerdata,2026-08-10 21:43:43
ENG-Premier League,2526,Arsenal,Jurriën Timber,NED,DF,24,2001,27.3,3,25,7,28.0,0.92,0.26,0.12,0.43,0,0,ENG,2025-2026,shooting,fbref_soccerdata,2026-08-10 21:43:43
ENG-Premier League,2526,Arsenal,Kai Havertz,GER,"FW,MF",26,1999,6.5,2,18,4,22.2,2.79,0.62,0.11,0.5,0,0,ENG,2025-2026,shooting,fbref_soccerdata,2026-08-10 21:43:43
ENG-Premier League,2526,Arsenal,Kepa Arrizabalaga,ESP,GK,30,1994,1.0,0,0,0,,0.0,0.0,,,0,0,ENG,2025-2026,shooting,fbref_soccerdata,2026-08-10 21:43:43
ENG-Premier League,2526,Arsenal,Leandro Trossard,BEL,"FW,MF",30,1994,22.2,6,53,15,28.3,2.39,0.68,0.11,0.4,0,0,ENG,2025-2026,shooting,fbref_soccerdata,2026-08-10 21:43:43
ENG-Premier League,2526,Arsenal,Martin Ødegaard,NOR,MF,26,1998,15.2,1,22,8,36.4,1.45,0.53,0.05,0.13,0,0,ENG,2025-2026,shooting,fbref_soccerdata,2026-08-10 21:43:43
ENG-Premier League,2526,Arsenal,Martín Zubimendi,ESP,MF,26,1999,33.2,5,27,9,33.3,0.81,0.27,0.19,0.56,0,0,ENG,2025-2026,shooting,fbref_soccerdata,2026-08-10 21:43:43
ENG-Premier League,2526,Arsenal,Max Dowman,ENG,MF,15,2009,1.7,1,6,1,16.7,3.44,0.57,0.17,1.0,0,0,ENG,2025-2026,shooting,fbref_soccerdata,2026-08-10 21:43:43
ENG-Premier League,2526,Arsenal,Mikel Merino,ESP,"MF,FW",29,1996,11.5,4,22,8,36.4,1.91,0.69,0.18,0.5,0,0,ENG,2025-2026,shooting,fbref_soccerdata,2026-08-10 21:43:43
ENG-Premier League,2526,Arsenal,Myles Lewis-Skelly,ENG,"MF,DF",18,2006,7.9,0,2,0,0.0,0.25,0.0,0.0,,0,0,ENG,2025-2026,shooting,fbref_soccerdata,2026-08-10 21:43:43
ENG-Premier League,2526,Arsenal,Noni Madueke,ENG,"FW,MF",23,2002,13.5,3,25,9,36.0,1.86,0.67,0.12,0.33,0,0,ENG,2025-2026,shooting,fbref_soccerdata,2026-08-10 21:43:43
ENG-Premier League,2526,Arsenal,Piero Hincapié,ECU,DF,23,2002,19.9,1,3,2,66.7,0.15,0.1,0.33,0.5,0,0,ENG,2025-2026,shooting,fbref_soccerdata,2026-08-10 21:43:43
ENG-Premier League,2526,Arsenal,Riccardo Calafiori,ITA,DF,23,2002,18.9,1,32,8,25.0,1.7,0.42,0.03,0.13,0,0,ENG,2025-2026,shooting,fbref_soccerdata,2026-08-10 21:43:43
ENG-Premier League,2526,Arsenal,Viktor Gyökeres,SWE,FW,27,1998,24.7,14,55,22,40.0,2.23,0.89,0.2,0.5,3,3,ENG,2025-2026,shooting,fbref_soccerdata,2026-08-10 21:43:43
ENG-Premier League,2526,Arsenal,William Saliba,FRA,DF,24,2001,29.0,1,5,1,20.0,0.17,0.03,0.2,1.0,0,0,ENG,2025-2026,shooting,fbref_soccerdata,2026-08-10 21:43:43
ENG-Premier League,2526,Aston Villa,Alysson,BRA,MF,19,2006,0.5,0,1,0,0.0,1.84,0.0,0.0,,0,0,ENG,2025-2026,shooting,fbref_soccerdata,2026-08-10 21:43:43
ENG-Premier League,2526,Aston Villa,Amadou Onana,BEL,MF,23,2001,19.5,2,19,7,36.8,0.97,0.36,0.11,0.29,0,0,ENG,2025-2026,shooting,fbref_soccerdata,2026-08-10 21:43:43
ENG-Premier League,2526,Aston Villa,Andrés García,ESP,DF,22,2003,1.0,0,0,0,,0.0,0.0,,,0,0,ENG,2025-2026,shooting,fbref_soccerdata,2026-08-10 21:43:43
ENG-Premier League,2526,Aston Villa,Boubacar Kamara,FRA,MF,25,1999,15.7,1,7,4,57.1,0.45,0.26,0.14,0.25,0,0,ENG,2025-2026,shooting,fbref_soccerdata,2026-08-10 21:43:43
ENG-Premier League,2526,Aston Villa,Bradley Burrowes,ENG,MF,17,2008,0.2,0,0,0,,0.0,0.0,,,0,0,ENG,2025-2026,shooting,fbref_soccerdata,2026-08-10 21:43:43
ENG-Premier League,2526,Aston Villa,Donyell Malen,NED,"FW,MF",26,1999,7.3,4,27,9,33.3,3.7,1.23,0.15,0.44,0,0,ENG,2025-2026,shooting,fbref_soccerdata,2026-08-10 21:43:43
ENG-Premier League,2526,Aston Villa,Douglas Luiz,BRA,MF,27,1998,6.7,1,6,4,66.7,0.89,0.6,0.17,0.25,0,0,ENG,2025-2026,shooting,fbref_soccerdata,2026-08-10 21:43:43
ENG-Premier League,2526,Aston Villa,Emi Buendía,ARG,MF,28,1996,19.5,6,49,13,26.5,2.51,0.67,0.12,0.46,0,0,ENG,2025-2026,shooting,fbref_soccerdata,2026-08-10 21:43:43
ENG-Premier League,2526,Aston Villa,Emiliano Martínez,ARG,GK,32,1992,31.5,0,0,0,,0.0,0.0,,,0,0,ENG,2025-2026,shooting,fbref_soccerdata,2026-08-10 21:43:43
ENG-Premier League,2526,Aston Villa,Evann Guessand,CIV,MF,24,2001,6.5,0,8,5,62.5,1.22,0.77,0.0,0.0,0,0,ENG,2025-2026,shooting,fbref_soccerdata,2026-08-10 21:43:43
ENG-Premier League,2526,Aston Villa,Ezri Konsa,ENG,DF,27,1997,33.7,0,11,2,18.2,0.33,0.06,0.0,0.0,0,0,ENG,2025-2026,shooting,fbref_soccerdata,2026-08-10 21:43:43
ENG-Premier League,2526,Aston Villa,George Hemmings,ENG,MF,18,2007,0.3,0,1,0,0.0,3.33,0.0,0.0,,0,0,ENG,2025-2026,shooting,fbref_soccerdata,2026-08-10 21:43:43
ENG-Premier League,2526,Aston Villa,Harvey Elliott,ENG,MF,22,2003,1.2,0,5,0,0.0,4.02,0.0,0.0,,0,0,ENG,2025-2026,shooting,fbref_soccerdata,2026-08-10 21:43:43
ENG-Premier League,2526,Aston Villa,Ian Maatsen,NED,DF,23,2002,17.8,0,20,5,25.0,1.12,0.28,0.0,0.0,0,0,ENG,2025-2026,shooting,fbref_soccerdata,2026-08-10 21:43:43
ENG-Premier League,2526,Aston Villa,Jadon Sancho,ENG,MF,25,2000,9.7,0,10,3,30.0,1.03,0.31,0.0,0.0,0,0,ENG,2025-2026,shooting,fbref_soccerdata,2026-08-10 21:43:43
ENG-Premier League,2526,Aston Villa,Jamaldeen Jimoh,ENG,MF,18,2006,0.1,0,0,0,,0.0,0.0,,,0,0,ENG,2025-2026,shooting,fbref_soccerdata,2026-08-10 21:43:43
ENG-Premier League,2526,Aston Villa,John McGinn,SCO,MF,30,1994,23.7,5,28,12,42.9,1.18,0.51,0.18,0.42,0,0,ENG,2025-2026,shooting,fbref_soccerdata,2026-08-10 21:43:43
ENG-Premier League,2526,Aston Villa,Lamare Bogarde,NED,"MF,DF",21,2004,11.7,0,0,0,,0.0,0.0,,,0,0,ENG,2025-2026,shooting,fbref_soccerdata,2026-08-10 21:43:43
ENG-Premier League,2526,Aston Villa,Leon Bailey,JAM,MF,27,1997,5.1,0,8,1,12.5,1.57,0.2,0.0,0.0,0,0,ENG,2025-2026,shooting,fbref_soccerdata,2026-08-10 21:43:43
ENG-Premier League,2526,Aston Villa,Lucas Digne,FRA,DF,32,1993,20.6,0,14,5,35.7,0.68,0.24,0.0,0.0,0,0,ENG,2025-2026,shooting,fbref_soccerdata,2026-08-10 21:43:43
ENG-Premier League,2526,Aston Villa,Marco Bizot,NED,GK,34,1991,6.5,0,0,0,,0.0,0.0,,,0,0,ENG,2025-2026,shooting,fbref_soccerdata,2026-08-10 21:43:43
ENG-Premier League,2526,Aston Villa,Matty Cash,POL,DF,27,1997,33.5,3,30,10,33.3,0.9,0.3,0.1,0.3,0,0,ENG,2025-2026,shooting,fbref_soccerdata,2026-08-10 21:43:43
ENG-Premier League,2526,Aston Villa,Morgan Rogers,ENG,MF,23,2002,36.4,10,84,32,38.1,2.3,0.88,0.12,0.31,0,0,ENG,2025-2026,shooting,fbref_soccerdata,2026-08-10 21:43:43
ENG-Premier League,2526,Aston Villa,Ollie Watkins,ENG,FW,29,1995,31.5,16,83,38,45.8,2.63,1.2,0.19,0.42,0,0,ENG,2025-2026,shooting,fbref_soccerdata,2026-08-10 21:43:43
ENG-Premier League,2526,Aston Villa,Pau Torres,ESP,DF,28,1997,18.6,0,9,1,11.1,0.48,0.05,0.0,0.0,0,0,ENG,2025-2026,shooting,fbref_soccerdata,2026-08-10 21:43:43
ENG-Premier League,2526,Aston Villa,Ross Barkley,ENG,MF,31,1993,9.5,3,18,8,44.4,1.89,0.84,0.17,0.38,0,0,ENG,2025-2026,shooting,fbref_soccerdata,2026-08-10 21:43:43
ENG-Premier League,2526,Aston Villa,Tammy Abraham,ENG,FW,27,1997,3.2,2,9,3,33.3,2.83,0.94,0.22,0.67,0,0,ENG,2025-2026,shooting,fbref_soccerdata,2026-08-10 21:43:43
ENG-Premier League,2526,Aston Villa,Tyrone Mings,ENG,DF,32,1993,14.7,0,9,1,11.1,0.61,0.07,0.0,0.0,0,0,ENG,2025-2026,shooting,fbref_soccerdata,2026-08-10 21:43:43
ENG-Premier League,2526,Aston Villa,Victor Lindelöf,SWE,"DF,MF",31,1994,10.5,0,3,0,0.0,0.28,0.0,0.0,,0,0,ENG,2025-2026,shooting,fbref_soccerdata,2026-08-10 21:43:43
ENG-Premier League,2526,Aston Villa,Youri Tielemans,BEL,MF,28,1997,20.7,0,24,7,29.2,1.16,0.34,0.0,0.0,0,0,ENG,2025-2026,shooting,fbref_soccerdata,2026-08-10 21:43:43
ENG-Premier League,2526,Bournemouth,Adam Smith,ENG,DF,34,1991,12.0,0,0,0,,0.0,0.0,,,0,0,ENG,2025-2026,shooting,fbref_soccerdata,2026-08-10 21:43:43
ENG-Premier League,2526,Bournemouth,Adrien Truffert,FRA,DF,23,2001,37.5,1,16,6,37.5,0.43,0.16,0.06,0.17,0,0,ENG,2025-2026,shooting,fbref_soccerdata,2026-08-10 21:43:43
ENG-Premier League,2526,Bournemouth,Alex Scott,ENG,MF,21,2003,31.7,3,44,13,29.5,1.39,0.41,0.07,0.23,0,0,ENG,2025-2026,shooting,fbref_soccerdata,2026-08-10 21:43:43
ENG-Premier League,2526,Bournemouth,Alex Tóth,HUN,MF,19,2005,1.6,0,2,0,0.0,1.29,0.0,0.0,,0,0,ENG,2025-2026,shooting,fbref_soccerdata,2026-08-10 21:43:43
ENG-Premier League,2526,Bournemouth,Amine Adli,MAR,MF,25,2000,12.2,3,20,9,45.0,1.65,0.74,0.15,0.33,0,0,ENG,2025-2026,shooting,fbref_soccerdata,2026-08-10 21:43:43
ENG-Premier League,2526,Bournemouth,Antoine Semenyo,GHA,MF,25,2000,20.0,10,49,27,55.1,2.45,1.35,0.18,0.33,1,2,ENG,2025-2026,shooting,fbref_soccerdata,2026-08-10 21:43:43
ENG-Premier League,2526,Bournemouth,Bafodé Diakité,FRA,DF,24,2001,14.2,0,1,0,0.0,0.07,0.0,0.0,,0,0,ENG,2025-2026,shooting,fbref_soccerdata,2026-08-10 21:43:43
ENG-Premier League,2526,Bournemouth,Ben Gannon-Doak,SCO,MF,19,2005,1.3,0,3,1,33.3,2.39,0.8,0.0,0.0,0,0,ENG,2025-2026,shooting,fbref_soccerdata,2026-08-10 21:43:43
ENG-Premier League,2526,Bournemouth,Ben Winterburn,ENG,MF,20,2004,0.1,0,0,0,,0.0,0.0,,,0,0,ENG,2025-2026,shooting,fbref_soccerdata,2026-08-10 21:43:43
ENG-Premier League,2526,Bournemouth,David Brooks,WAL,MF,28,1997,13.4,1,48,13,27.1,3.59,0.97,0.02,0.08,0,0,ENG,2025-2026,shooting,fbref_soccerdata,2026-08-10 21:43:43
ENG-Premier League,2526,Bournemouth,Eli Junior Kroupi,FRA,"MF,FW",19,2006,18.6,13,52,22,42.3,2.8,1.18,0.21,0.5,2,2,ENG,2025-2026,shooting,fbref_soccerdata,2026-08-10 21:43:43
ENG-Premier League,2526,Bournemouth,Enes Ünal,TUR,FW,28,1997,2.6,1,15,3,20.0,5.82,1.16,0.07,0.33,0,0,ENG,2025-2026,shooting,fbref_soccerdata,2026-08-10 21:43:43
ENG-Premier League,2526,Bournemouth,Evanilson,BRA,FW,25,1999,30.5,6,72,23,31.9,2.36,0.75,0.08,0.26,0,0,ENG,2025-2026,shooting,fbref_soccerdata,2026-08-10 21:43:43
ENG-Premier League,2526,Bournemouth,Hamed Junior Traorè,CIV,MF,25,2000,0.2,0,0,0,,0.0,0.0,,,0,0,ENG,2025-2026,shooting,fbref_soccerdata,2026-08-10 21:43:43
ENG-Premier League,2526,Bournemouth,James Hill,ENG,DF,23,2002,23.4,0,12,2,16.7,0.51,0.09,0.0,0.0,0,0,ENG,2025-2026,shooting,fbref_soccerdata,2026-08-10 21:43:43
ENG-Premier League,2526,Bournemouth,Julio Soler,ARG,DF,20,2005,0.4,0,0,0,,0.0,0.0,,,0,0,ENG,2025-2026,shooting,fbref_soccerdata,2026-08-10 21:43:43
ENG-Premier League,2526,Bournemouth,Justin Kluivert,NED,MF,26,1999,10.6,2,17,4,23.5,1.61,0.38,0.12,0.5,0,0,ENG,2025-2026,shooting,fbref_soccerdata,2026-08-10 21:43:43
ENG-Premier League,2526,Bournemouth,Lewis Cook,ENG,"MF,DF",28,1997,9.7,0,3,0,0.0,0.31,0.0,0.0,,0,0,ENG,2025-2026,shooting,fbref_soccerdata,2026-08-10 21:43:43
ENG-Premier League,2526,Bournemouth,Marcos Senesi,ARG,DF,28,1997,36.5,0,17,5,29.4,0.47,0.14,0.0,0.0,0,0,ENG,2025-2026,shooting,fbref_soccerdata,2026-08-10 21:43:43
ENG-Premier League,2526,Bournemouth,Marcus Tavernier,ENG,MF,26,1999,30.3,7,70,24,34.3,2.31,0.79,0.07,0.21,2,2,ENG,2025-2026,shooting,fbref_soccerdata,2026-08-10 21:43:43
ENG-Premier League,2526,Bournemouth,Rayan,BRA,MF,18,2006,12.3,5,28,8,28.6,2.27,0.65,0.18,0.63,0,0,ENG,2025-2026,shooting,fbref_soccerdata,2026-08-10 21:43:43
ENG-Premier League,2526,Bournemouth,Ryan Christie,SCO,MF,30,1995,11.0,2,25,8,32.0,2.26,0.72,0.08,0.25,0,0,ENG,2025-2026,shooting,fbref_soccerdata,2026-08-10 21:43:43
ENG-Premier League,2526,Bournemouth,Tyler Adams,USA,MF,26,1999,19.7,2,10,6,60.0,0.51,0.3,0.2,0.33,0,0,ENG,2025-2026,shooting,fbref_soccerdata,2026-08-10 21:43:43
ENG-Premier League,2526,Bournemouth,Veljko Milosavljević,SRB,DF,18,2007,4.1,0,1,0,0.0,0.24,0.0,0.0,,0,0,ENG,2025-2026,shooting,fbref_soccerdata,2026-08-10 21:43:43
ENG-Premier League,2526,Bournemouth,Álex Jiménez,ESP,"DF,MF",20,2005,25.7,1,21,4,19.0,0.82,0.16,0.05,0.25,0,0,ENG,2025-2026,shooting,fbref_soccerdata,2026-08-10 21:43:43
ENG-Premier League,2526,Bournemouth,Đorđe Petrović,SRB,GK,25,1999,38.0,0,0,0,,0.0,0.0,,,0,0,ENG,2025-2026,shooting,fbref_soccerdata,2026-08-10 21:43:43
ENG-Premier League,2526,Brentford,Aaron Hickey,SCO,"DF,MF",23,2002,7.7,0,6,1,16.7,0.78,0.13,0.0,0.0,0,0,ENG,2025-2026,shooting,fbref_soccerdata,2026-08-10 21:43:43
ENG-Premier League,2526,Brentford,Antoni Milambo,NED,MF,20,2005,0.5,0,0,0,,0.0,0.0,,,0,0,ENG,2025-2026,shooting,fbref_soccerdata,2026-08-10 21:43:43
ENG-Premier League,2526,Brentford,Caoimhín Kelleher,IRL,GK,26,1998,37.0,0,0,0,,0.0,0.0,,,0,0,ENG,2025-2026,shooting,fbref_soccerdata,2026-08-10 21:43:43
ENG-Premier League,2526,Brentford,Dango Ouattara,BFA,MF,23,2002,25.3,7,56,20,35.7,2.21,0.79,0.13,0.35,0,0,ENG,2025-2026,shooting,fbref_soccerdata,2026-08-10 21:43:43
ENG-Premier League,2526,Brentford,Ethan Pinnock,JAM,DF,32,1993,3.5,0,1,1,100.0,0.28,0.28,0.0,0.0,0,0,ENG,2025-2026,shooting,fbref_soccerdata,2026-08-10 21:43:43
ENG-Premier League,2526,Brentford,Fabio Carvalho,POR,MF,22,2002,1.1,1,2,1,50.0,1.76,0.88,0.5,1.0,0,0,ENG,2025-2026,shooting,fbref_soccerdata,2026-08-10 21:43:43
ENG-Premier League,2526,Brentford,Frank Onyeka,NGA,MF,27,1998,1.0,0,0,0,,0.0,0.0,,,0,0,ENG,2025-2026,shooting,fbref_soccerdata,2026-08-10 21:43:43
ENG-Premier League,2526,Brentford,Hákon Valdimarsson,ISL,GK,23,2001,1.0,0,0,0,,0.0,0.0,,,0,0,ENG,2025-2026,shooting,fbref_soccerdata,2026-08-10 21:43:43
ENG-Premier League,2526,Brentford,Igor Thiago,BRA,FW,24,2001,36.5,22,84,43,51.2,2.3,1.18,0.17,0.33,8,9,ENG,2025-2026,shooting,fbref_soccerdata,2026-08-10 21:43:43
ENG-Premier League,2526,Brentford,Jordan Henderson,ENG,MF,35,1990,21.3,1,6,1,16.7,0.28,0.05,0.17,1.0,0,0,ENG,2025-2026,shooting,fbref_soccerdata,2026-08-10 21:43:43
ENG-Premier League,2526,Brentford,Josh Dasilva,ENG,MF,26,1998,0.0,0,1,0,0.0,30.0,0.0,0.0,,0,0,ENG,2025-2026,shooting,fbref_soccerdata,2026-08-10 21:43:43
ENG-Premier League,2526,Brentford,Kaye Furo,BEL,FW,18,2007,0.0,0,0,0,,0.0,0.0,,,0,0,ENG,2025-2026,shooting,fbref_soccerdata,2026-08-10 21:43:43
ENG-Premier League,2526,Brentford,Keane Lewis-Potter,ENG,"DF,MF",24,2001,21.9,3,31,9,29.0,1.41,0.41,0.1,0.33,0,0,ENG,2025-2026,shooting,fbref_soccerdata,2026-08-10 21:43:43
ENG-Premier League,2526,Brentford,Kevin Schade,GER,"MF,FW",23,2001,30.5,8,57,24,42.1,1.87,0.79,0.14,0.33,0,1,ENG,2025-2026,shooting,fbref_soccerdata,2026-08-10 21:43:43
ENG-Premier League,2526,Brentford,Kristoffer Ajer,NOR,DF,27,1998,20.1,0,10,3,30.0,0.5,0.15,0.0,0.0,0,0,ENG,2025-2026,shooting,fbref_soccerdata,2026-08-10 21:43:43
ENG-Premier League,2526,Brentford,Mathias Jensen,DEN,MF,29,1996,25.0,3,29,8,27.6,1.16,0.32,0.1,0.38,0,0,ENG,2025-2026,shooting,fbref_soccerdata,2026-08-10 21:43:43
ENG-Premier League,2526,Brentford,Michael Kayode,ITA,DF,21,2004,36.2,1,9,3,33.3,0.25,0.08,0.11,0.33,0,0,ENG,2025-2026,shooting,fbref_soccerdata,2026-08-10 21:43:43
ENG-Premier League,2526,Brentford,Mikkel Damsgaard,DEN,MF,25,2000,22.8,4,29,11,37.9,1.27,0.48,0.14,0.36,0,0,ENG,2025-2026,shooting,fbref_soccerdata,2026-08-10 21:43:43
ENG-Premier League,2526,Brentford,Myles Peart-Harris,ENG,MF,22,2002,0.0,0,0,0,,0.0,0.0,,,0,0,ENG,2025-2026,shooting,fbref_soccerdata,2026-08-10 21:43:43
ENG-Premier League,2526,Brentford,Nathan Collins,IRL,DF,24,2001,33.1,1,20,6,30.0,0.61,0.18,0.05,0.17,0,0,ENG,2025-2026,shooting,fbref_soccerdata,2026-08-10 21:43:43
ENG-Premier League,2526,Brentford,Reiss Nelson,ENG,"FW,MF",25,1999,1.4,0,5,1,20.0,3.57,0.71,0.0,0.0,0,0,ENG,2025-2026,shooting,fbref_soccerdata,2026-08-10 21:43:43
ENG-Premier League,2526,Brentford,Rico Henry,JAM,DF,28,1997,14.8,0,5,0,0.0,0.34,0.0,0.0,,0,0,ENG,2025-2026,shooting,fbref_soccerdata,2026-08-10 21:43:43
ENG-Premier League,2526,Brentford,Romelle Donovan,ENG,FW,18,2006,0.5,0,3,1,33.3,6.59,2.2,0.0,0.0,0,0,ENG,2025-2026,shooting,fbref_soccerdata,2026-08-10 21:43:43
ENG-Premier League,2526,Brentford,Sepp van den Berg,NED,DF,23,2001,30.7,0,23,7,30.4,0.75,0.23,0.0,0.0,0,0,ENG,2025-2026,shooting,fbref_soccerdata,2026-08-10 21:43:43
ENG-Premier League,2526,Brentford,Vitaly Janelt,GER,MF,27,1998,16.0,1,12,3,25.0,0.75,0.19,0.08,0.33,0,0,ENG,2025-2026,shooting,fbref_soccerdata,2026-08-10 21:43:43
ENG-Premier League,2526,Brentford,Yehor Yarmoliuk,UKR,MF,21,2004,29.5,1,16,4,25.0,0.54,0.14,0.06,0.25,0,0,ENG,2025-2026,shooting,fbref_soccerdata,2026-08-10 21:43:43
ENG-Premier League,2526,Brighton,Bart Verbruggen,NED,GK,22,2002,38.0,0,0,0,,0.0,0.0,,,0,0,ENG,2025-2026,shooting,fbref_soccerdata,2026-08-10 21:43:43
ENG-Premier League,2526,Brighton,Brajan Gruda,GER,MF,21,2004,8.0,1,16,6,37.5,2.0,0.75,0.06,0.17,0,0,ENG,2025-2026,shooting,fbref_soccerdata,2026-08-10 21:43:43
ENG-Premier League,2526,Brighton,Carlos Baleba,CMR,MF,21,2004,18.4,0,20,2,10.0,1.09,0.11,0.0,0.0,0,0,ENG,2025-2026,shooting,fbref_soccerdata,2026-08-10 21:43:43
ENG-Premier League,2526,Brighton,Charalampos Kostoulas,GRE,FW,18,2007,4.1,2,21,8,38.1,5.12,1.95,0.1,0.25,0,0,ENG,2025-2026,shooting,fbref_soccerdata,2026-08-10 21:43:43
ENG-Premier League,2526,Brighton,Danny Welbeck,ENG,FW,34,1990,25.1,13,56,28,50.0,2.23,1.12,0.21,0.43,1,3,ENG,2025-2026,shooting,fbref_soccerdata,2026-08-10 21:43:43
ENG-Premier League,2526,Brighton,Diego Coppola,ITA,DF,21,2003,2.2,0,0,0,,0.0,0.0,,,0,0,ENG,2025-2026,shooting,fbref_soccerdata,2026-08-10 21:43:43
ENG-Premier League,2526,Brighton,Diego Gómez,PAR,"MF,FW",22,2003,23.6,5,42,14,33.3,1.78,0.59,0.12,0.36,0,0,ENG,2025-2026,shooting,fbref_soccerdata,2026-08-10 21:43:43
ENG-Premier League,2526,Brighton,Ferdi Kadioglu,TUR,"DF,MF",25,1999,34.8,1,28,13,46.4,0.8,0.37,0.04,0.08,0,0,ENG,2025-2026,shooting,fbref_soccerdata,2026-08-10 21:43:43
ENG-Premier League,2526,Brighton,Georginio Rutter,FRA,"MF,FW",23,2002,19.8,3,42,14,33.3,2.12,0.71,0.07,0.21,0,0,ENG,2025-2026,shooting,fbref_soccerdata,2026-08-10 21:43:43
ENG-Premier League,2526,Brighton,Harry Howell,ENG,MF,17,2008,1.0,0,0,0,,0.0,0.0,,,0,0,ENG,2025-2026,shooting,fbref_soccerdata,2026-08-10 21:43:43
ENG-Premier League,2526,Brighton,Jack Hinshelwood,ENG,MF,20,2005,19.3,4,37,15,40.5,1.91,0.78,0.11,0.27,0,0,ENG,2025-2026,shooting,fbref_soccerdata,2026-08-10 21:43:43
ENG-Premier League,2526,Brighton,James Milner,ENG,MF,39,1986,8.7,1,8,2,25.0,0.92,0.23,0.0,0.0,1,1,ENG,2025-2026,shooting,fbref_soccerdata,2026-08-10 21:43:43
ENG-Premier League,2526,Brighton,Jan Paul van Hecke,NED,DF,25,2000,35.7,3,23,10,43.5,0.64,0.28,0.13,0.3,0,0,ENG,2025-2026,shooting,fbref_soccerdata,2026-08-10 21:43:43
ENG-Premier League,2526,Brighton,Joe Knight,ENG,MF,19,2005,0.0,0,0,0,,0.0,0.0,,,0,0,ENG,2025-2026,shooting,fbref_soccerdata,2026-08-10 21:43:43
ENG-Premier League,2526,Brighton,Joël Veltman,NED,DF,33,1992,11.8,1,4,1,25.0,0.34,0.09,0.25,1.0,0,0,ENG,2025-2026,shooting,fbref_soccerdata,2026-08-10 21:43:43
ENG-Premier League,2526,Brighton,Kaoru Mitoma,JPN,"MF,FW",28,1997,19.1,3,32,13,40.6,1.67,0.68,0.09,0.23,0,0,ENG,2025-2026,shooting,fbref_soccerdata,2026-08-10 21:43:43
ENG-Premier League,2526,Brighton,Lewis Dunk,ENG,DF,33,1991,31.5,1,23,3,13.0,0.73,0.1,0.04,0.33,0,0,ENG,2025-2026,shooting,fbref_soccerdata,2026-08-10 21:43:43
ENG-Premier League,2526,Brighton,Mats Wieffer,NED,DF,25,1999,21.1,2,18,6,33.3,0.85,0.28,0.11,0.33,0,0,ENG,2025-2026,shooting,fbref_soccerdata,2026-08-10 21:43:43
ENG-Premier League,2526,Brighton,Matt O'Riley,DEN,MF,24,2000,2.3,1,4,2,50.0,1.76,0.88,0.0,0.0,1,1,ENG,2025-2026,shooting,fbref_soccerdata,2026-08-10 21:43:43
ENG-Premier League,2526,Brighton,Maxim De Cuyper,BEL,"DF,MF",24,2000,15.7,2,13,6,46.2,0.83,0.38,0.15,0.33,0,0,ENG,2025-2026,shooting,fbref_soccerdata,2026-08-10 21:43:43
ENG-Premier League,2526,Brighton,Nehemiah Oriola,ENG,MF,18,2007,0.0,0,0,0,,0.0,0.0,,,0,0,ENG,2025-2026,shooting,fbref_soccerdata,2026-08-10 21:43:43
ENG-Premier League,2526,Brighton,Olivier Boscagli,FRA,DF,27,1997,8.9,0,1,0,0.0,0.11,0.0,0.0,,0,0,ENG,2025-2026,shooting,fbref_soccerdata,2026-08-10 21:43:43
ENG-Premier League,2526,Brighton,Pascal Groß,GER,MF,34,1991,18.2,1,18,9,50.0,0.99,0.5,0.06,0.11,0,0,ENG,2025-2026,shooting,fbref_soccerdata,2026-08-10 21:43:43
ENG-Premier League,2526,Brighton,Solly March,ENG,MF,31,1994,0.5,0,1,1,100.0,2.2,2.2,0.0,0.0,0,0,ENG,2025-2026,shooting,fbref_soccerdata,2026-08-10 21:43:43
ENG-Premier League,2526,Brighton,Stefanos Tzimas,GRE,FW,19,2006,1.5,1,4,1,25.0,2.59,0.65,0.25,1.0,0,0,ENG,2025-2026,shooting,fbref_soccerdata,2026-08-10 21:43:43
ENG-Premier League,2526,Brighton,Tom Watson,ENG,MF,19,2006,0.7,0,1,1,100.0,1.45,1.45,0.0,0.0,0,0,ENG,2025-2026,shooting,fbref_soccerdata,2026-08-10 21:43:43
ENG-Premier League,2526,Brighton,Yankuba Minteh,GAM,MF,21,2004,26.6,3,41,11,26.8,1.54,0.41,0.07,0.27,0,0,ENG,2025-2026,shooting,fbref_soccerdata,2026-08-10 21:43:43
ENG-Premier League,2526,Brighton,Yasin Ayari,SWE,MF,21,2003,21.4,3,41,10,24.4,1.91,0.47,0.07,0.3,0,0,ENG,2025-2026,shooting,fbref_soccerdata,2026-08-10 21:43:43
ENG-Premier League,2526,Burnley,Armando Broja,ALB,FW,23,2001,9.6,1,16,6,37.5,1.67,0.63,0.06,0.17,0,0,ENG,2025-2026,shooting,fbref_soccerdata,2026-08-10 21:43:43
ENG-Premier League,2526,Burnley,Ashley Barnes,ENG,"FW,MF",35,1989,0.5,0,2,1,50.0,3.91,1.96,0.0,0.0,0,0,ENG,2025-2026,shooting,fbref_soccerdata,2026-08-10 21:43:43
ENG-Premier League,2526,Burnley,Axel Tuanzebe,COD,DF,27,1997,13.3,1,2,1,50.0,0.15,0.07,0.5,1.0,0,0,ENG,2025-2026,shooting,fbref_soccerdata,2026-08-10 21:43:43
ENG-Premier League,2526,Burnley,Bashir Humphreys,ENG,"DF,MF",22,2003,17.5,0,9,3,33.3,0.51,0.17,0.0,0.0,0,0,ENG,2025-2026,shooting,fbref_soccerdata,2026-08-10 21:43:43
ENG-Premier League,2526,Burnley,Florentino Luís,POR,MF,25,1999,23.4,0,13,2,15.4,0.56,0.09,0.0,0.0,0,0,ENG,2025-2026,shooting,fbref_soccerdata,2026-08-10 21:43:43
ENG-Premier League,2526,Burnley,Hannibal Mejbri,TUN,MF,22,2003,13.7,1,19,5,26.3,1.39,0.37,0.05,0.2,0,0,ENG,2025-2026,shooting,fbref_soccerdata,2026-08-10 21:43:43
ENG-Premier League,2526,Burnley,Hjalmar Ekdal,SWE,DF,26,1998,17.1,0,6,1,16.7,0.35,0.06,0.0,0.0,0,0,ENG,2025-2026,shooting,fbref_soccerdata,2026-08-10 21:43:43
ENG-Premier League,2526,Burnley,Jacob Bruun Larsen,DEN,"MF,FW",26,1998,11.4,0,17,4,23.5,1.49,0.35,0.0,0.0,0,0,ENG,2025-2026,shooting,fbref_soccerdata,2026-08-10 21:43:43
ENG-Premier League,2526,Burnley,Jaidon Anthony,ENG,MF,25,1999,30.2,8,55,23,41.8,1.82,0.76,0.15,0.35,0,0,ENG,2025-2026,shooting,fbref_soccerdata,2026-08-10 21:43:43
ENG-Premier League,2526,Burnley,James Ward-Prowse,ENG,MF,30,1994,7.6,0,3,2,66.7,0.39,0.26,0.0,0.0,0,0,ENG,2025-2026,shooting,fbref_soccerdata,2026-08-10 21:43:43
ENG-Premier League,2526,Burnley,Jaydon Amauri Banel,NED,"FW,MF",20,2004,0.1,0,0,0,,0.0,0.0,,,0,0,ENG,2025-2026,shooting,fbref_soccerdata,2026-08-10 21:43:43
ENG-Premier League,2526,Burnley,Joe Worrall,ENG,DF,28,1997,5.6,0,1,0,0.0,0.18,0.0,0.0,,0,0,ENG,2025-2026,shooting,fbref_soccerdata,2026-08-10 21:43:43
ENG-Premier League,2526,Burnley,Josh Cullen,IRL,MF,29,1996,16.8,2,11,6,54.5,0.65,0.36,0.18,0.33,0,0,ENG,2025-2026,shooting,fbref_soccerdata,2026-08-10 21:43:43
ENG-Premier League,2526,Burnley,Josh Laurent,ENG,"DF,MF",30,1995,19.6,1,15,4,26.7,0.77,0.2,0.07,0.25,0,0,ENG,2025-2026,shooting,fbref_soccerdata,2026-08-10 21:43:43
ENG-Premier League,2526,Burnley,Kyle Walker,ENG,"DF,MF",35,1990,34.4,0,4,0,0.0,0.12,0.0,0.0,,0,0,ENG,2025-2026,shooting,fbref_soccerdata,2026-08-10 21:43:43
ENG-Premier League,2526,Burnley,Lesley Ugochukwu,FRA,MF,21,2004,26.0,3,23,8,34.8,0.89,0.31,0.13,0.38,0,0,ENG,2025-2026,shooting,fbref_soccerdata,2026-08-10 21:43:43
ENG-Premier League,2526,Burnley,Loum Tchaouna,FRA,"MF,FW",21,2003,14.1,2,23,9,39.1,1.63,0.64,0.09,0.22,0,0,ENG,2025-2026,shooting,fbref_soccerdata,2026-08-10 21:43:43
ENG-Premier League,2526,Burnley,Lucas,BRA,"MF,DF",24,2001,15.7,0,16,4,25.0,1.02,0.26,0.0,0.0,0,0,ENG,2025-2026,shooting,fbref_soccerdata,2026-08-10 21:43:43
ENG-Premier League,2526,Burnley,Lyle Foster,RSA,"FW,MF",24,2000,15.2,3,20,6,30.0,1.31,0.39,0.15,0.5,0,0,ENG,2025-2026,shooting,fbref_soccerdata,2026-08-10 21:43:43
ENG-Premier League,2526,Burnley,Marcus Edwards,ENG,"MF,FW",26,1998,11.9,1,23,6,26.1,1.94,0.51,0.04,0.17,0,0,ENG,2025-2026,shooting,fbref_soccerdata,2026-08-10 21:43:43
ENG-Premier League,2526,Burnley,Martin Dúbravka,SVK,GK,36,1989,35.0,0,0,0,,0.0,0.0,,,0,0,ENG,2025-2026,shooting,fbref_soccerdata,2026-08-10 21:43:43
ENG-Premier League,2526,Burnley,Max Weiß,GER,GK,21,2004,3.0,0,0,0,,0.0,0.0,,,0,0,ENG,2025-2026,shooting,fbref_soccerdata,2026-08-10 21:43:43
ENG-Premier League,2526,Burnley,Maxime Estève,FRA,DF,23,2002,32.6,0,10,1,10.0,0.31,0.03,0.0,0.0,0,0,ENG,2025-2026,shooting,fbref_soccerdata,2026-08-10 21:43:43
ENG-Premier League,2526,Burnley,Mike Trésor,BEL,"FW,MF",26,1999,0.5,0,0,0,,0.0,0.0,,,0,0,ENG,2025-2026,shooting,fbref_soccerdata,2026-08-10 21:43:43
ENG-Premier League,2526,Burnley,Oliver Sonne,PER,DF,24,2000,1.9,1,3,1,33.3,1.6,0.53,0.33,1.0,0,0,ENG,2025-2026,shooting,fbref_soccerdata,2026-08-10 21:43:43
ENG-Premier League,2526,Burnley,Quilindschy Hartman,NED,DF,23,2001,20.3,0,9,3,33.3,0.44,0.15,0.0,0.0,0,0,ENG,2025-2026,shooting,fbref_soccerdata,2026-08-10 21:43:43
ENG-Premier League,2526,Burnley,Zeki Amdouni,SUI,"FW,MF",24,2000,0.8,0,3,1,33.3,3.7,1.23,0.0,0.0,0,0,ENG,2025-2026,shooting,fbref_soccerdata,2026-08-10 21:43:43
ENG-Premier League,2526,Burnley,Zian Flemming,NED,FW,26,1998,19.7,11,52,21,40.4,2.65,1.07,0.17,0.43,2,2,ENG,2025-2026,shooting,fbref_soccerdata,2026-08-10 21:43:43
ENG-Premier League,2526,Chelsea,Alejandro Garnacho,ARG,MF,21,2004,14.1,1,33,7,21.2,2.34,0.5,0.03,0.14,0,0,ENG,2025-2026,shooting,fbref_soccerdata,2026-08-10 21:43:43
ENG-Premier League,2526,Chelsea,Andrey Santos,BRA,MF,21,2004,14.0,1,11,2,18.2,0.79,0.14,0.09,0.5,0,0,ENG,2025-2026,shooting,fbref_soccerdata,2026-08-10 21:43:43
ENG-Premier League,2526,Chelsea,Benoît Badiashile,FRA,DF,24,2001,5.2,0,0,0,,0.0,0.0,,,0,0,ENG,2025-2026,shooting,fbref_soccerdata,2026-08-10 21:43:43
ENG-Premier League,2526,Chelsea,Cole Palmer,ENG,MF,23,2002,21.7,10,64,25,39.1,2.95,1.15,0.08,0.2,5,6,ENG,2025-2026,shooting,fbref_soccerdata,2026-08-10 21:43:43
ENG-Premier League,2526,Chelsea,Dario Essugo,POR,MF,20,2005,0.3,0,0,0,,0.0,0.0,,,0,0,ENG,2025-2026,shooting,fbref_soccerdata,2026-08-10 21:43:43
ENG-Premier League,2526,Chelsea,Enzo Fernández,ARG,MF,24,2001,34.6,10,72,31,43.1,2.08,0.9,0.11,0.26,2,2,ENG,2025-2026,shooting,fbref_soccerdata,2026-08-10 21:43:43
ENG-Premier League,2526,Chelsea,Estêvão Willian,BRA,MF,18,2007,9.4,2,28,8,28.6,2.97,0.85,0.07,0.25,0,0,ENG,2025-2026,shooting,fbref_soccerdata,2026-08-10 21:43:43
ENG-Premier League,2526,Chelsea,Facundo Buonanotte,ARG,MF,20,2004,0.5,0,0,0,,0.0,0.0,,,0,0,ENG,2025-2026,shooting,fbref_soccerdata,2026-08-10 21:43:43
ENG-Premier League,2526,Chelsea,Filip Jørgensen,DEN,GK,23,2002,4.2,0,0,0,,0.0,0.0,,,0,0,ENG,2025-2026,shooting,fbref_soccerdata,2026-08-10 21:43:43
ENG-Premier League,2526,Chelsea,Jamie Gittens,ENG,MF,20,2004,5.5,0,10,2,20.0,1.82,0.36,0.0,0.0,0,0,ENG,2025-2026,shooting,fbref_soccerdata,2026-08-10 21:43:43
ENG-Premier League,2526,Chelsea,Jesse Derry,ENG,MF,18,2007,0.5,0,2,1,50.0,4.09,2.05,0.0,0.0,0,0,ENG,2025-2026,shooting,fbref_soccerdata,2026-08-10 21:43:43
ENG-Premier League,2526,Chelsea,Jorrel Hato,NED,DF,19,2006,12.8,0,4,0,0.0,0.31,0.0,0.0,,0,0,ENG,2025-2026,shooting,fbref_soccerdata,2026-08-10 21:43:43
ENG-Premier League,2526,Chelsea,Joshua Acheampong,ENG,DF,19,2006,7.4,1,4,2,50.0,0.54,0.27,0.25,0.5,0,0,ENG,2025-2026,shooting,fbref_soccerdata,2026-08-10 21:43:43
ENG-Premier League,2526,Chelsea,João Pedro,BRA,"FW,MF",23,2001,29.6,15,73,28,38.4,2.47,0.95,0.21,0.54,0,0,ENG,2025-2026,shooting,fbref_soccerdata,2026-08-10 21:43:43
ENG-Premier League,2526,Chelsea,Levi Colwill,ENG,DF,22,2003,2.5,0,0,0,,0.0,0.0,,,0,0,ENG,2025-2026,shooting,fbref_soccerdata,2026-08-10 21:43:43
ENG-Premier League,2526,Chelsea,Liam Delap,ENG,FW,22,2003,12.3,1,36,11,30.6,2.93,0.89,0.03,0.09,0,0,ENG,2025-2026,shooting,fbref_soccerdata,2026-08-10 21:43:43
ENG-Premier League,2526,Chelsea,Malo Gusto,FRA,"DF,MF",22,2003,25.1,2,12,6,50.0,0.48,0.24,0.17,0.33,0,0,ENG,2025-2026,shooting,fbref_soccerdata,2026-08-10 21:43:43
ENG-Premier League,2526,Chelsea,Mamadou Sarr,SEN,DF,19,2005,1.1,0,1,0,0.0,0.88,0.0,0.0,,0,0,ENG,2025-2026,shooting,fbref_soccerdata,2026-08-10 21:43:43
ENG-Premier League,2526,Chelsea,Marc Cucurella,ESP,DF,27,1998,30.1,1,20,6,30.0,0.66,0.2,0.05,0.17,0,0,ENG,2025-2026,shooting,fbref_soccerdata,2026-08-10 21:43:43
ENG-Premier League,2526,Chelsea,Marc Guiu,ESP,FW,19,2006,2.9,0,12,2,16.7,4.2,0.7,0.0,0.0,0,0,ENG,2025-2026,shooting,fbref_soccerdata,2026-08-10 21:43:43
ENG-Premier League,2526,Chelsea,Moisés Caicedo,ECU,MF,23,2001,31.1,3,27,7,25.9,0.87,0.23,0.11,0.43,0,0,ENG,2025-2026,shooting,fbref_soccerdata,2026-08-10 21:43:43
ENG-Premier League,2526,Chelsea,Pedro Neto,POR,"MF,FW",25,2000,29.2,5,46,13,28.3,1.57,0.44,0.11,0.38,0,0,ENG,2025-2026,shooting,fbref_soccerdata,2026-08-10 21:43:43
ENG-Premier League,2526,Chelsea,Reece James,ENG,"DF,MF",25,1999,21.8,2,22,7,31.8,1.01,0.32,0.09,0.29,0,0,ENG,2025-2026,shooting,fbref_soccerdata,2026-08-10 21:43:43
ENG-Premier League,2526,Chelsea,Robert Sánchez,ESP,GK,27,1997,33.8,0,0,0,,0.0,0.0,,,0,0,ENG,2025-2026,shooting,fbref_soccerdata,2026-08-10 21:43:43
ENG-Premier League,2526,Chelsea,Roméo Lavia,BEL,MF,21,2004,4.2,0,3,0,0.0,0.71,0.0,0.0,,0,0,ENG,2025-2026,shooting,fbref_soccerdata,2026-08-10 21:43:43
ENG-Premier League,2526,Chelsea,Shumaira Mheuka,ENG,FW,17,2007,0.0,0,0,0,,0.0,0.0,,,0,0,ENG,2025-2026,shooting,fbref_soccerdata,2026-08-10 21:43:43
ENG-Premier League,2526,Chelsea,Tosin Adarabioyo,ENG,DF,27,1997,8.8,0,2,0,0.0,0.23,0.0,0.0,,0,0,ENG,2025-2026,shooting,fbref_soccerdata,2026-08-10 21:43:43
ENG-Premier League,2526,Chelsea,Trevoh Chalobah,ENG,DF,26,1999,30.9,3,16,5,31.3,0.52,0.16,0.19,0.6,0,0,ENG,2025-2026,shooting,fbref_soccerdata,2026-08-10 21:43:43
ENG-Premier League,2526,Chelsea,Tyrique George,ENG,FW,19,2006,1.6,0,3,2,66.7,1.86,1.24,0.0,0.0,0,0,ENG,2025-2026,shooting,fbref_soccerdata,2026-08-10 21:43:43
ENG-Premier League,2526,Chelsea,Wesley Fofana,FRA,DF,24,2000,19.1,0,8,1,12.5,0.42,0.05,0.0,0.0,0,0,ENG,2025-2026,shooting,fbref_soccerdata,2026-08-10 21:43:43
ENG-Premier League,2526,Crystal Palace,Adam Wharton,ENG,MF,21,2004,28.4,1,32,6,18.8,1.13,0.21,0.03,0.17,0,0,ENG,2025-2026,shooting,fbref_soccerdata,2026-08-10 21:43:43
ENG-Premier League,2526,Crystal Palace,Borna Sosa,CRO,"DF,MF",27,1998,1.1,0,1,0,0.0,0.89,0.0,0.0,,0,0,ENG,2025-2026,shooting,fbref_soccerdata,2026-08-10 21:43:43
ENG-Premier League,2526,Crystal Palace,Brennan Johnson,WAL,"MF,FW",24,2001,12.4,0,17,3,17.6,1.38,0.24,0.0,0.0,0,0,ENG,2025-2026,shooting,fbref_soccerdata,2026-08-10 21:43:43
ENG-Premier League,2526,Crystal Palace,Chadi Riad,MAR,DF,22,2003,6.1,0,4,2,50.0,0.65,0.33,0.0,0.0,0,0,ENG,2025-2026,shooting,fbref_soccerdata,2026-08-10 21:43:43
ENG-Premier League,2526,Crystal Palace,Chris Richards,USA,DF,25,2000,31.4,1,15,2,13.3,0.48,0.06,0.07,0.5,0,0,ENG,2025-2026,shooting,fbref_soccerdata,2026-08-10 21:43:43
ENG-Premier League,2526,Crystal Palace,Christantus Uche,NGA,FW,22,2003,1.9,0,6,2,33.3,3.12,1.04,0.0,0.0,0,0,ENG,2025-2026,shooting,fbref_soccerdata,2026-08-10 21:43:43
ENG-Premier League,2526,Crystal Palace,Daichi Kamada,JPN,MF,28,1996,21.1,0,19,4,21.1,0.9,0.19,0.0,0.0,0,0,ENG,2025-2026,shooting,fbref_soccerdata,2026-08-10 21:43:43
ENG-Premier League,2526,Crystal Palace,Daniel Muñoz,COL,MF,29,1996,26.7,4,26,12,46.2,0.98,0.45,0.15,0.33,0,0,ENG,2025-2026,shooting,fbref_soccerdata,2026-08-10 21:43:43
ENG-Premier League,2526,Crystal Palace,Dean Henderson,ENG,GK,28,1997,37.0,0,0,0,,0.0,0.0,,,0,0,ENG,2025-2026,shooting,fbref_soccerdata,2026-08-10 21:43:43
ENG-Premier League,2526,Crystal Palace,Eberechi Eze,ENG,MF,27,1998,0.9,0,6,2,33.3,6.51,2.17,0.0,0.0,0,0,ENG,2025-2026,shooting,fbref_soccerdata,2026-08-10 21:43:43
ENG-Premier League,2526,Crystal Palace,Eddie Nketiah,ENG,MF,26,1999,4.7,2,15,6,40.0,3.18,1.27,0.13,0.33,0,0,ENG,2025-2026,shooting,fbref_soccerdata,2026-08-10 21:43:43
ENG-Premier League,2526,Crystal Palace,Evann Guessand,CIV,MF,24,2001,3.7,1,3,1,33.3,0.82,0.27,0.33,1.0,0,0,ENG,2025-2026,shooting,fbref_soccerdata,2026-08-10 21:43:43
ENG-Premier League,2526,Crystal Palace,Ismaila Sarr,SEN,MF,27,1998,24.2,9,48,21,43.8,1.99,0.87,0.13,0.29,3,3,ENG,2025-2026,shooting,fbref_soccerdata,2026-08-10 21:43:43
ENG-Premier League,2526,Crystal Palace,Jaydee Canvot,FRA,DF,19,2006,14.8,0,7,1,14.3,0.47,0.07,0.0,0.0,0,0,ENG,2025-2026,shooting,fbref_soccerdata,2026-08-10 21:43:43
ENG-Premier League,2526,Crystal Palace,Jean-Philippe Mateta,FRA,FW,28,1997,24.6,12,63,32,50.8,2.56,1.3,0.13,0.25,4,4,ENG,2025-2026,shooting,fbref_soccerdata,2026-08-10 21:43:43
ENG-Premier League,2526,Crystal Palace,Jefferson Lerma,COL,"MF,DF",30,1994,19.3,0,19,7,36.8,0.99,0.36,0.0,0.0,0,0,ENG,2025-2026,shooting,fbref_soccerdata,2026-08-10 21:43:43
ENG-Premier League,2526,Crystal Palace,Joél Drakes-Thomas,ENG,MF,16,2009,0.1,0,0,0,,0.0,0.0,,,0,0,ENG,2025-2026,shooting,fbref_soccerdata,2026-08-10 21:43:43
ENG-Premier League,2526,Crystal Palace,Justin Devenny,NIR,"MF,FW",21,2003,8.8,1,13,4,30.8,1.47,0.45,0.0,0.0,1,1,ENG,2025-2026,shooting,fbref_soccerdata,2026-08-10 21:43:43
ENG-Premier League,2526,Crystal Palace,Jørgen Strand Larsen,NOR,FW,25,2000,10.0,3,23,7,30.4,2.29,0.7,0.13,0.43,0,0,ENG,2025-2026,shooting,fbref_soccerdata,2026-08-10 21:43:43
ENG-Premier League,2526,Crystal Palace,Kaden Rodney,ENG,"DF,MF",20,2004,0.0,0,0,0,,0.0,0.0,,,0,0,ENG,2025-2026,shooting,fbref_soccerdata,2026-08-10 21:43:43
ENG-Premier League,2526,Crystal Palace,Marc Guéhi,ENG,DF,25,2000,20.0,2,15,4,26.7,0.75,0.2,0.13,0.5,0,0,ENG,2025-2026,shooting,fbref_soccerdata,2026-08-10 21:43:43
ENG-Premier League,2526,Crystal Palace,Maxence Lacroix,FRA,DF,25,2000,34.3,1,25,7,28.0,0.73,0.2,0.04,0.14,0,0,ENG,2025-2026,shooting,fbref_soccerdata,2026-08-10 21:43:43
ENG-Premier League,2526,Crystal Palace,Nathaniel Clyne,ENG,"MF,DF",34,1991,6.6,0,3,0,0.0,0.45,0.0,0.0,,0,0,ENG,2025-2026,shooting,fbref_soccerdata,2026-08-10 21:43:43
ENG-Premier League,2526,Crystal Palace,Odsonne Édouard,FRA,FW,27,1998,0.0,0,0,0,,0.0,0.0,,,0,0,ENG,2025-2026,shooting,fbref_soccerdata,2026-08-10 21:43:43
ENG-Premier League,2526,Crystal Palace,Rio Cardines,TRI,MF,19,2006,1.0,0,1,0,0.0,1.0,0.0,0.0,,0,0,ENG,2025-2026,shooting,fbref_soccerdata,2026-08-10 21:43:43
ENG-Premier League,2526,Crystal Palace,Romain Esse,ENG,MF,20,2005,0.5,0,0,0,,0.0,0.0,,,0,0,ENG,2025-2026,shooting,fbref_soccerdata,2026-08-10 21:43:43
ENG-Premier League,2526,Crystal Palace,Tyrick Mitchell,ENG,MF,25,1999,36.1,1,19,7,36.8,0.53,0.19,0.05,0.14,0,0,ENG,2025-2026,shooting,fbref_soccerdata,2026-08-10 21:43:43
ENG-Premier League,2526,Crystal Palace,Walter Benítez,ARG,GK,32,1993,1.0,0,0,0,,0.0,0.0,,,0,0,ENG,2025-2026,shooting,fbref_soccerdata,2026-08-10 21:43:43
ENG-Premier League,2526,Crystal Palace,Will Hughes,ENG,MF,30,1995,17.5,0,17,0,0.0,0.97,0.0,0.0,,0,0,ENG,2025-2026,shooting,fbref_soccerdata,2026-08-10 21:43:43
ENG-Premier League,2526,Crystal Palace,Yéremy Pino,ESP,"MF,FW",22,2002,23.1,2,45,11,24.4,1.95,0.48,0.04,0.18,0,0,ENG,2025-2026,shooting,fbref_soccerdata,2026-08-10 21:43:43
ENG-Premier League,2526,Everton,Beto,GNB,FW,27,1998,17.4,9,43,17,39.5,2.47,0.98,0.21,0.53,0,0,ENG,2025-2026,shooting,fbref_soccerdata,2026-08-10 21:43:43
ENG-Premier League,2526,Everton,Carlos Alcaraz,ARG,MF,22,2002,7.7,0,20,5,25.0,2.61,0.65,0.0,0.0,0,0,ENG,2025-2026,shooting,fbref_soccerdata,2026-08-10 21:43:43
ENG-Premier League,2526,Everton,Dwight McNeil,ENG,MF,25,1999,13.0,0,24,5,20.8,1.85,0.39,0.0,0.0,0,0,ENG,2025-2026,shooting,fbref_soccerdata,2026-08-10 21:43:43
ENG-Premier League,2526,Everton,Harrison Armstrong,ENG,MF,18,2007,5.9,0,5,2,40.0,0.85,0.34,0.0,0.0,0,0,ENG,2025-2026,shooting,fbref_soccerdata,2026-08-10 21:43:43
ENG-Premier League,2526,Everton,Idrissa Gueye,SEN,MF,35,1989,23.3,2,29,7,24.1,1.25,0.3,0.07,0.29,0,0,ENG,2025-2026,shooting,fbref_soccerdata,2026-08-10 21:43:43
ENG-Premier League,2526,Everton,Iliman Ndiaye,SEN,MF,25,2000,30.9,6,43,22,51.2,1.39,0.71,0.09,0.18,2,2,ENG,2025-2026,shooting,fbref_soccerdata,2026-08-10 21:43:43
ENG-Premier League,2526,Everton,Jack Grealish,ENG,MF,29,1995,18.1,2,26,8,30.8,1.44,0.44,0.08,0.25,0,0,ENG,2025-2026,shooting,fbref_soccerdata,2026-08-10 21:43:43
ENG-Premier League,2526,Everton,Jake O'Brien,IRL,DF,24,2001,34.7,1,13,6,46.2,0.37,0.17,0.08,0.17,0,0,ENG,2025-2026,shooting,fbref_soccerdata,2026-08-10 21:43:43
ENG-Premier League,2526,Everton,James Garner,ENG,"MF,DF",24,2001,37.9,2,45,14,31.1,1.19,0.37,0.04,0.14,0,0,ENG,2025-2026,shooting,fbref_soccerdata,2026-08-10 21:43:43
ENG-Premier League,2526,Everton,James Tarkowski,ENG,DF,32,1992,37.0,2,20,10,50.0,0.54,0.27,0.1,0.2,0,0,ENG,2025-2026,shooting,fbref_soccerdata,2026-08-10 21:43:43
ENG-Premier League,2526,Everton,Jarrad Branthwaite,ENG,DF,23,2002,7.6,1,6,2,33.3,0.79,0.26,0.17,0.5,0,0,ENG,2025-2026,shooting,fbref_soccerdata,2026-08-10 21:43:43
ENG-Premier League,2526,Everton,Jordan Pickford,ENG,GK,31,1994,38.0,0,0,0,,0.0,0.0,,,0,0,ENG,2025-2026,shooting,fbref_soccerdata,2026-08-10 21:43:43
ENG-Premier League,2526,Everton,Kiernan Dewsbury-Hall,ENG,MF,26,1998,29.2,8,39,15,38.5,1.34,0.51,0.21,0.53,0,0,ENG,2025-2026,shooting,fbref_soccerdata,2026-08-10 21:43:43
ENG-Premier League,2526,Everton,Merlin Röhl,GER,MF,23,2002,7.6,1,11,1,9.1,1.45,0.13,0.09,1.0,0,0,ENG,2025-2026,shooting,fbref_soccerdata,2026-08-10 21:43:43
ENG-Premier League,2526,Everton,Michael Keane,ENG,DF,32,1993,28.8,3,27,7,25.9,0.94,0.24,0.11,0.43,0,0,ENG,2025-2026,shooting,fbref_soccerdata,2026-08-10 21:43:43
ENG-Premier League,2526,Everton,Nathan Patterson,SCO,DF,23,2001,2.7,0,1,1,100.0,0.37,0.37,0.0,0.0,0,0,ENG,2025-2026,shooting,fbref_soccerdata,2026-08-10 21:43:43
ENG-Premier League,2526,Everton,Séamus Coleman,IRL,DF,36,1988,0.2,0,0,0,,0.0,0.0,,,0,0,ENG,2025-2026,shooting,fbref_soccerdata,2026-08-10 21:43:43
ENG-Premier League,2526,Everton,Thierno Barry,FRA,FW,22,2002,21.3,8,38,14,36.8,1.79,0.66,0.21,0.57,0,0,ENG,2025-2026,shooting,fbref_soccerdata,2026-08-10 21:43:43
ENG-Premier League,2526,Everton,Tim Iroegbunam,ENG,MF,22,2003,16.5,0,12,1,8.3,0.73,0.06,0.0,0.0,0,0,ENG,2025-2026,shooting,fbref_soccerdata,2026-08-10 21:43:43
ENG-Premier League,2526,Everton,Tyler Dibling,ENG,MF,19,2006,4.0,0,4,0,0.0,1.01,0.0,0.0,,0,0,ENG,2025-2026,shooting,fbref_soccerdata,2026-08-10 21:43:43
ENG-Premier League,2526,Everton,Tyrique George,ENG,MF,19,2006,2.4,0,7,3,42.9,2.89,1.24,0.0,0.0,0,0,ENG,2025-2026,shooting,fbref_soccerdata,2026-08-10 21:43:43
ENG-Premier League,2526,Everton,Vitaliy Mykolenko,UKR,DF,26,1999,32.9,0,9,2,22.2,0.27,0.06,0.0,0.0,0,0,ENG,2025-2026,shooting,fbref_soccerdata,2026-08-10 21:43:43
ENG-Premier League,2526,Fulham,Adama Traoré,ESP,MF,29,1996,3.0,0,5,1,20.0,1.64,0.33,0.0,0.0,0,0,ENG,2025-2026,shooting,fbref_soccerdata,2026-08-10 21:43:43
ENG-Premier League,2526,Fulham,Alex Iwobi,NGA,MF,29,1996,26.9,4,39,15,38.5,1.45,0.56,0.1,0.27,0,0,ENG,2025-2026,shooting,fbref_soccerdata,2026-08-10 21:43:43
ENG-Premier League,2526,Fulham,Antonee Robinson,USA,"DF,MF",27,1997,16.6,1,6,1,16.7,0.36,0.06,0.0,0.0,1,1,ENG,2025-2026,shooting,fbref_soccerdata,2026-08-10 21:43:43
ENG-Premier League,2526,Fulham,Bernd Leno,GER,GK,33,1992,38.0,0,0,0,,0.0,0.0,,,0,0,ENG,2025-2026,shooting,fbref_soccerdata,2026-08-10 21:43:43
ENG-Premier League,2526,Fulham,Calvin Bassey,NGA,DF,25,1999,28.2,1,12,1,8.3,0.43,0.04,0.08,1.0,0,0,ENG,2025-2026,shooting,fbref_soccerdata,2026-08-10 21:43:43
ENG-Premier League,2526,Fulham,Emile Smith Rowe,ENG,MF,25,2000,21.4,3,36,11,30.6,1.68,0.51,0.08,0.27,0,0,ENG,2025-2026,shooting,fbref_soccerdata,2026-08-10 21:43:43
ENG-Premier League,2526,Fulham,Harrison Reed,ENG,MF,30,1995,1.0,1,2,1,50.0,1.91,0.96,0.5,1.0,0,0,ENG,2025-2026,shooting,fbref_soccerdata,2026-08-10 21:43:43
ENG-Premier League,2526,Fulham,Harry Wilson,WAL,MF,28,1997,29.7,10,78,25,32.1,2.63,0.84,0.13,0.4,0,0,ENG,2025-2026,shooting,fbref_soccerdata,2026-08-10 21:43:43
ENG-Premier League,2526,Fulham,Issa Diop,MAR,DF,28,1997,9.1,1,2,1,50.0,0.22,0.11,0.5,1.0,0,0,ENG,2025-2026,shooting,fbref_soccerdata,2026-08-10 21:43:43
ENG-Premier League,2526,Fulham,Joachim Andersen,DEN,DF,29,1996,31.9,0,16,4,25.0,0.5,0.13,0.0,0.0,0,0,ENG,2025-2026,shooting,fbref_soccerdata,2026-08-10 21:43:43
ENG-Premier League,2526,Fulham,Jonah Kusi-Asare,SWE,FW,18,2007,0.6,0,0,0,,0.0,0.0,,,0,0,ENG,2025-2026,shooting,fbref_soccerdata,2026-08-10 21:43:43
ENG-Premier League,2526,Fulham,Jorge Cuenca,ESP,DF,25,1999,10.4,0,1,0,0.0,0.1,0.0,0.0,,0,0,ENG,2025-2026,shooting,fbref_soccerdata,2026-08-10 21:43:43
ENG-Premier League,2526,Fulham,Joshua King,ENG,MF,18,2007,14.5,1,26,11,42.3,1.79,0.76,0.04,0.09,0,0,ENG,2025-2026,shooting,fbref_soccerdata,2026-08-10 21:43:43
ENG-Premier League,2526,Fulham,Kenny Tete,NED,DF,29,1995,19.9,1,16,3,18.8,0.8,0.15,0.06,0.33,0,0,ENG,2025-2026,shooting,fbref_soccerdata,2026-08-10 21:43:43
ENG-Premier League,2526,Fulham,Kevin,BRA,MF,22,2003,11.6,1,25,10,40.0,2.16,0.86,0.04,0.1,0,0,ENG,2025-2026,shooting,fbref_soccerdata,2026-08-10 21:43:43
ENG-Premier League,2526,Fulham,Oscar Bobb,NOR,MF,22,2003,6.3,0,8,3,37.5,1.26,0.47,0.0,0.0,0,0,ENG,2025-2026,shooting,fbref_soccerdata,2026-08-10 21:43:43
ENG-Premier League,2526,Fulham,Raúl Jiménez,MEX,FW,34,1991,24.3,9,73,18,24.7,3.0,0.74,0.07,0.28,4,4,ENG,2025-2026,shooting,fbref_soccerdata,2026-08-10 21:43:43
ENG-Premier League,2526,Fulham,Rodrigo Muniz,BRA,FW,24,2001,11.1,1,32,5,15.6,2.88,0.45,0.03,0.2,0,0,ENG,2025-2026,shooting,fbref_soccerdata,2026-08-10 21:43:43
ENG-Premier League,2526,Fulham,Ryan Sessegnon,ENG,"DF,MF",25,2000,20.3,3,16,4,25.0,0.79,0.2,0.19,0.75,0,0,ENG,2025-2026,shooting,fbref_soccerdata,2026-08-10 21:43:43
ENG-Premier League,2526,Fulham,Samuel Chukwueze,NGA,MF,26,1999,12.0,3,25,7,28.0,2.09,0.58,0.12,0.43,0,0,ENG,2025-2026,shooting,fbref_soccerdata,2026-08-10 21:43:43
ENG-Premier League,2526,Fulham,Sander Berge,NOR,MF,27,1998,32.3,0,14,3,21.4,0.43,0.09,0.0,0.0,0,0,ENG,2025-2026,shooting,fbref_soccerdata,2026-08-10 21:43:43
ENG-Premier League,2526,Fulham,Saša Lukić,SRB,MF,28,1996,19.3,1,18,6,33.3,0.93,0.31,0.06,0.17,0,0,ENG,2025-2026,shooting,fbref_soccerdata,2026-08-10 21:43:43
ENG-Premier League,2526,Fulham,Timothy Castagne,BEL,"DF,MF",29,1995,20.5,0,14,6,42.9,0.68,0.29,0.0,0.0,0,0,ENG,2025-2026,shooting,fbref_soccerdata,2026-08-10 21:43:43
ENG-Premier League,2526,Fulham,Tom Cairney,SCO,MF,34,1991,8.6,2,17,2,11.8,1.97,0.23,0.12,1.0,0,0,ENG,2025-2026,shooting,fbref_soccerdata,2026-08-10 21:43:43
ENG-Premier League,2526,Leeds United,Anton Stach,GER,MF,26,1998,26.3,5,55,14,25.5,2.09,0.53,0.09,0.36,0,0,ENG,2025-2026,shooting,fbref_soccerdata,2026-08-10 21:43:43
ENG-Premier League,2526,Leeds United,Ao Tanaka,JPN,MF,26,1998,14.6,2,17,5,29.4,1.16,0.34,0.12,0.4,0,0,ENG,2025-2026,shooting,fbref_soccerdata,2026-08-10 21:43:43
ENG-Premier League,2526,Leeds United,Brenden Aaronson,USA,"MF,FW",24,2000,27.2,4,47,17,36.2,1.73,0.62,0.09,0.24,0,0,ENG,2025-2026,shooting,fbref_soccerdata,2026-08-10 21:43:43
ENG-Premier League,2526,Leeds United,Daniel James,WAL,"FW,MF",27,1997,6.2,0,14,3,21.4,2.25,0.48,0.0,0.0,0,0,ENG,2025-2026,shooting,fbref_soccerdata,2026-08-10 21:43:43
ENG-Premier League,2526,Leeds United,Dominic Calvert-Lewin,ENG,FW,28,1997,30.2,14,73,34,46.6,2.41,1.12,0.14,0.29,4,5,ENG,2025-2026,shooting,fbref_soccerdata,2026-08-10 21:43:43
ENG-Premier League,2526,Leeds United,Ethan Ampadu,WAL,MF,24,2000,34.7,1,26,6,23.1,0.75,0.17,0.04,0.17,0,0,ENG,2025-2026,shooting,fbref_soccerdata,2026-08-10 21:43:43
ENG-Premier League,2526,Leeds United,Facundo Buonanotte,ARG,MF,20,2004,0.4,0,2,0,0.0,4.62,0.0,0.0,,0,0,ENG,2025-2026,shooting,fbref_soccerdata,2026-08-10 21:43:43
ENG-Premier League,2526,Leeds United,Gabriel Gudmundsson,SWE,"DF,MF",26,1999,29.2,0,18,3,16.7,0.62,0.1,0.0,0.0,0,0,ENG,2025-2026,shooting,fbref_soccerdata,2026-08-10 21:43:43
ENG-Premier League,2526,Leeds United,Ilia Gruev,BUL,MF,25,2000,14.7,0,7,1,14.3,0.48,0.07,0.0,0.0,0,0,ENG,2025-2026,shooting,fbref_soccerdata,2026-08-10 21:43:43
ENG-Premier League,2526,Leeds United,Jack Harrison,ENG,FW,28,1996,3.0,0,6,2,33.3,2.01,0.67,0.0,0.0,0,0,ENG,2025-2026,shooting,fbref_soccerdata,2026-08-10 21:43:43
ENG-Premier League,2526,Leeds United,Jaka Bijol,SVN,DF,26,1999,21.0,1,15,6,40.0,0.71,0.29,0.07,0.17,0,0,ENG,2025-2026,shooting,fbref_soccerdata,2026-08-10 21:43:43
ENG-Premier League,2526,Leeds United,James Justin,ENG,"DF,MF",27,1998,21.1,2,24,6,25.0,1.14,0.28,0.08,0.33,0,0,ENG,2025-2026,shooting,fbref_soccerdata,2026-08-10 21:43:43
ENG-Premier League,2526,Leeds United,Jayden Bogle,ENG,"MF,DF",25,2000,31.0,1,18,4,22.2,0.58,0.13,0.06,0.25,0,0,ENG,2025-2026,shooting,fbref_soccerdata,2026-08-10 21:43:43
ENG-Premier League,2526,Leeds United,Joe Rodon,WAL,DF,27,1997,32.8,2,18,7,38.9,0.55,0.21,0.11,0.29,0,0,ENG,2025-2026,shooting,fbref_soccerdata,2026-08-10 21:43:43
ENG-Premier League,2526,Leeds United,Joël Piroe,SUR,FW,25,1999,2.9,0,14,3,21.4,4.88,1.05,0.0,0.0,0,0,ENG,2025-2026,shooting,fbref_soccerdata,2026-08-10 21:43:43
ENG-Premier League,2526,Leeds United,Karl Darlow,WAL,GK,34,1990,22.0,0,0,0,,0.0,0.0,,,0,0,ENG,2025-2026,shooting,fbref_soccerdata,2026-08-10 21:43:43
ENG-Premier League,2526,Leeds United,Lucas Perri,BRA,GK,27,1997,16.0,0,0,0,,0.0,0.0,,,0,0,ENG,2025-2026,shooting,fbref_soccerdata,2026-08-10 21:43:43
ENG-Premier League,2526,Leeds United,Lukas Nmecha,GER,FW,26,1998,12.0,6,30,16,53.3,2.49,1.33,0.13,0.25,2,3,ENG,2025-2026,shooting,fbref_soccerdata,2026-08-10 21:43:43
ENG-Premier League,2526,Leeds United,Noah Okafor,SUI,"FW,MF",25,2000,17.3,8,35,15,42.9,2.02,0.86,0.23,0.53,0,0,ENG,2025-2026,shooting,fbref_soccerdata,2026-08-10 21:43:43
ENG-Premier League,2526,Leeds United,Pascal Struijk,NED,DF,25,1999,32.6,0,31,5,16.1,0.95,0.15,0.0,0.0,0,0,ENG,2025-2026,shooting,fbref_soccerdata,2026-08-10 21:43:43
ENG-Premier League,2526,Leeds United,Sam Byram,ENG,"DF,MF",31,1993,0.1,0,0,0,,0.0,0.0,,,0,0,ENG,2025-2026,shooting,fbref_soccerdata,2026-08-10 21:43:43
ENG-Premier League,2526,Leeds United,Sean Longstaff,ENG,MF,27,1997,11.2,2,16,4,25.0,1.42,0.36,0.13,0.5,0,0,ENG,2025-2026,shooting,fbref_soccerdata,2026-08-10 21:43:43
ENG-Premier League,2526,Leeds United,Sebastiaan Bornauw,BEL,DF,26,1999,4.8,0,1,0,0.0,0.21,0.0,0.0,,0,0,ENG,2025-2026,shooting,fbref_soccerdata,2026-08-10 21:43:43
ENG-Premier League,2526,Leeds United,Wilfried Gnonto,ITA,FW,21,2003,6.0,0,10,0,0.0,1.68,0.0,0.0,,0,0,ENG,2025-2026,shooting,fbref_soccerdata,2026-08-10 21:43:43
ENG-Premier League,2526,Liverpool,Alexander Isak,SWE,FW,25,1999,7.8,3,17,6,35.3,2.19,0.77,0.18,0.5,0,0,ENG,2025-2026,shooting,fbref_soccerdata,2026-08-10 21:43:43
ENG-Premier League,2526,Liverpool,Alexis Mac Allister,ARG,MF,26,1998,29.5,2,52,12,23.1,1.76,0.41,0.04,0.17,0,0,ENG,2025-2026,shooting,fbref_soccerdata,2026-08-10 21:43:43
ENG-Premier League,2526,Liverpool,Alisson,BRA,GK,32,1992,26.0,0,0,0,,0.0,0.0,,,0,0,ENG,2025-2026,shooting,fbref_soccerdata,2026-08-10 21:43:43
ENG-Premier League,2526,Liverpool,Andy Robertson,SCO,DF,31,1994,13.1,1,10,3,30.0,0.77,0.23,0.1,0.33,0,0,ENG,2025-2026,shooting,fbref_soccerdata,2026-08-10 21:43:43
ENG-Premier League,2526,Liverpool,Cody Gakpo,NED,"MF,FW",26,1999,30.4,7,87,21,24.1,2.86,0.69,0.08,0.33,0,0,ENG,2025-2026,shooting,fbref_soccerdata,2026-08-10 21:43:43
ENG-Premier League,2526,Liverpool,Conor Bradley,NIR,DF,22,2003,10.3,0,6,0,0.0,0.58,0.0,0.0,,0,0,ENG,2025-2026,shooting,fbref_soccerdata,2026-08-10 21:43:43
ENG-Premier League,2526,Liverpool,Curtis Jones,ENG,"MF,DF",24,2001,21.5,1,22,7,31.8,1.02,0.33,0.05,0.14,0,0,ENG,2025-2026,shooting,fbref_soccerdata,2026-08-10 21:43:43
ENG-Premier League,2526,Liverpool,Dominik Szoboszlai,HUN,"MF,DF",24,2000,35.9,6,71,23,32.4,1.98,0.64,0.08,0.26,0,1,ENG,2025-2026,shooting,fbref_soccerdata,2026-08-10 21:43:43
ENG-Premier League,2526,Liverpool,Federico Chiesa,ITA,MF,27,1997,3.8,2,17,5,29.4,4.51,1.33,0.12,0.4,0,0,ENG,2025-2026,shooting,fbref_soccerdata,2026-08-10 21:43:43
ENG-Premier League,2526,Liverpool,Florian Wirtz,GER,MF,22,2003,26.4,5,51,18,35.3,1.93,0.68,0.1,0.28,0,0,ENG,2025-2026,shooting,fbref_soccerdata,2026-08-10 21:43:43
ENG-Premier League,2526,Liverpool,Freddie Woodman,ENG,GK,28,1997,2.4,0,0,0,,0.0,0.0,,,0,0,ENG,2025-2026,shooting,fbref_soccerdata,2026-08-10 21:43:43
ENG-Premier League,2526,Liverpool,Giorgi Mamardashvili,GEO,GK,24,2000,9.6,0,0,0,,0.0,0.0,,,0,0,ENG,2025-2026,shooting,fbref_soccerdata,2026-08-10 21:43:43
ENG-Premier League,2526,Liverpool,Harvey Elliott,ENG,"FW,MF",22,2003,0.0,0,0,0,,0.0,0.0,,,0,0,ENG,2025-2026,shooting,fbref_soccerdata,2026-08-10 21:43:43
ENG-Premier League,2526,Liverpool,Hugo Ekitike,FRA,FW,23,2002,20.0,11,65,19,29.2,3.24,0.95,0.17,0.58,0,0,ENG,2025-2026,shooting,fbref_soccerdata,2026-08-10 21:43:43
ENG-Premier League,2526,Liverpool,Ibrahima Konaté,FRA,DF,26,1999,34.3,1,12,4,33.3,0.35,0.12,0.08,0.25,0,0,ENG,2025-2026,shooting,fbref_soccerdata,2026-08-10 21:43:43
ENG-Premier League,2526,Liverpool,Jeremie Frimpong,NED,"DF,MF",24,2000,11.6,0,10,2,20.0,0.87,0.17,0.0,0.0,0,0,ENG,2025-2026,shooting,fbref_soccerdata,2026-08-10 21:43:43
ENG-Premier League,2526,Liverpool,Joe Gomez,ENG,DF,28,1997,6.7,0,5,1,20.0,0.74,0.15,0.0,0.0,0,0,ENG,2025-2026,shooting,fbref_soccerdata,2026-08-10 21:43:43
ENG-Premier League,2526,Liverpool,Milos Kerkez,HUN,DF,21,2003,25.1,2,9,2,22.2,0.36,0.08,0.22,1.0,0,0,ENG,2025-2026,shooting,fbref_soccerdata,2026-08-10 21:43:43
ENG-Premier League,2526,Liverpool,Mohamed Salah,EGY,MF,33,1992,23.8,7,68,19,27.9,2.85,0.8,0.09,0.32,1,1,ENG,2025-2026,shooting,fbref_soccerdata,2026-08-10 21:43:43
ENG-Premier League,2526,Liverpool,Rio Ngumoha,ENG,MF,16,2008,6.2,2,16,6,37.5,2.57,0.96,0.13,0.33,0,0,ENG,2025-2026,shooting,fbref_soccerdata,2026-08-10 21:43:43
ENG-Premier League,2526,Liverpool,Ryan Gravenberch,NED,MF,23,2002,33.2,5,38,13,34.2,1.14,0.39,0.13,0.38,0,0,ENG,2025-2026,shooting,fbref_soccerdata,2026-08-10 21:43:43
ENG-Premier League,2526,Liverpool,Trey Nyoni,ENG,MF,18,2007,0.3,0,1,0,0.0,3.75,0.0,0.0,,0,0,ENG,2025-2026,shooting,fbref_soccerdata,2026-08-10 21:43:43
ENG-Premier League,2526,Liverpool,Virgil van Dijk,NED,DF,34,1991,38.0,6,30,14,46.7,0.79,0.37,0.2,0.43,0,0,ENG,2025-2026,shooting,fbref_soccerdata,2026-08-10 21:43:43
ENG-Premier League,2526,Liverpool,Wataru Endo,JPN,DF,32,1993,1.9,0,1,0,0.0,0.51,0.0,0.0,,0,0,ENG,2025-2026,shooting,fbref_soccerdata,2026-08-10 21:43:43
ENG-Premier League,2526,Manchester City,Abdukodir Khusanov,UZB,DF,21,2004,15.9,0,7,1,14.3,0.44,0.06,0.0,0.0,0,0,ENG,2025-2026,shooting,fbref_soccerdata,2026-08-10 21:43:43
ENG-Premier League,2526,Manchester City,Antoine Semenyo,GHA,"MF,FW",25,2000,15.5,7,34,14,41.2,2.19,0.9,0.21,0.5,0,0,ENG,2025-2026,shooting,fbref_soccerdata,2026-08-10 21:43:43
ENG-Premier League,2526,Manchester City,Bernardo Silva,POR,MF,30,1994,31.9,2,30,7,23.3,0.94,0.22,0.07,0.29,0,0,ENG,2025-2026,shooting,fbref_soccerdata,2026-08-10 21:43:43
ENG-Premier League,2526,Manchester City,Divine Mukasa,ENG,MF,17,2007,0.3,0,0,0,,0.0,0.0,,,0,0,ENG,2025-2026,shooting,fbref_soccerdata,2026-08-10 21:43:43
ENG-Premier League,2526,Manchester City,Erling Haaland,NOR,FW,25,2000,32.8,27,126,59,46.8,3.84,1.8,0.19,0.41,3,4,ENG,2025-2026,shooting,fbref_soccerdata,2026-08-10 21:43:43
ENG-Premier League,2526,Manchester City,Gianluigi Donnarumma,ITA,GK,26,1999,34.0,0,0,0,,0.0,0.0,,,0,0,ENG,2025-2026,shooting,fbref_soccerdata,2026-08-10 21:43:43
ENG-Premier League,2526,Manchester City,James Trafford,ENG,GK,22,2002,4.0,0,0,0,,0.0,0.0,,,0,0,ENG,2025-2026,shooting,fbref_soccerdata,2026-08-10 21:43:43
ENG-Premier League,2526,Manchester City,Jeremy Doku,BEL,"MF,FW",23,2002,19.8,5,39,15,38.5,1.97,0.76,0.13,0.33,0,0,ENG,2025-2026,shooting,fbref_soccerdata,2026-08-10 21:43:43
ENG-Premier League,2526,Manchester City,John Stones,ENG,DF,31,1994,4.9,0,0,0,,0.0,0.0,,,0,0,ENG,2025-2026,shooting,fbref_soccerdata,2026-08-10 21:43:43
ENG-Premier League,2526,Manchester City,Joško Gvardiol,CRO,DF,23,2002,15.2,2,17,6,35.3,1.12,0.39,0.12,0.33,0,0,ENG,2025-2026,shooting,fbref_soccerdata,2026-08-10 21:43:43
ENG-Premier League,2526,Manchester City,Marc Guéhi,ENG,DF,25,2000,15.0,1,17,5,29.4,1.13,0.33,0.06,0.2,0,0,ENG,2025-2026,shooting,fbref_soccerdata,2026-08-10 21:43:43
ENG-Premier League,2526,Manchester City,Mateo Kovačić,CRO,MF,31,1994,1.4,0,2,0,0.0,1.38,0.0,0.0,,0,0,ENG,2025-2026,shooting,fbref_soccerdata,2026-08-10 21:43:43
ENG-Premier League,2526,Manchester City,Matheus Nunes,POR,DF,26,1998,31.8,1,7,2,28.6,0.22,0.06,0.14,0.5,0,0,ENG,2025-2026,shooting,fbref_soccerdata,2026-08-10 21:43:43
ENG-Premier League,2526,Manchester City,Max Alleyne,ENG,DF,20,2005,1.5,0,2,1,50.0,1.33,0.67,0.0,0.0,0,0,ENG,2025-2026,shooting,fbref_soccerdata,2026-08-10 21:43:43
ENG-Premier League,2526,Manchester City,Nathan Aké,NED,DF,30,1995,7.7,0,7,1,14.3,0.91,0.13,0.0,0.0,0,0,ENG,2025-2026,shooting,fbref_soccerdata,2026-08-10 21:43:43
ENG-Premier League,2526,Manchester City,Nico O'Reilly,ENG,"DF,MF",20,2005,29.4,5,41,15,36.6,1.39,0.51,0.12,0.33,0,0,ENG,2025-2026,shooting,fbref_soccerdata,2026-08-10 21:43:43
ENG-Premier League,2526,Manchester City,Nicolás González,ESP,MF,23,2002,17.4,1,14,2,14.3,0.8,0.11,0.07,0.5,0,0,ENG,2025-2026,shooting,fbref_soccerdata,2026-08-10 21:43:43
ENG-Premier League,2526,Manchester City,Omar Marmoush,EGY,"FW,MF",26,1999,7.8,3,30,9,30.0,3.86,1.16,0.1,0.33,0,0,ENG,2025-2026,shooting,fbref_soccerdata,2026-08-10 21:43:43
ENG-Premier League,2526,Manchester City,Oscar Bobb,NOR,"MF,FW",22,2003,5.2,0,4,0,0.0,0.77,0.0,0.0,,0,0,ENG,2025-2026,shooting,fbref_soccerdata,2026-08-10 21:43:43
ENG-Premier League,2526,Manchester City,Phil Foden,ENG,MF,25,2000,23.2,7,55,19,34.5,2.37,0.82,0.13,0.37,0,0,ENG,2025-2026,shooting,fbref_soccerdata,2026-08-10 21:43:43
ENG-Premier League,2526,Manchester City,Rayan Aït-Nouri,ALG,DF,24,2001,10.8,0,10,2,20.0,0.92,0.18,0.0,0.0,0,0,ENG,2025-2026,shooting,fbref_soccerdata,2026-08-10 21:43:43
ENG-Premier League,2526,Manchester City,Rayan Cherki,FRA,MF,21,2003,19.8,4,55,13,23.6,2.77,0.66,0.07,0.31,0,0,ENG,2025-2026,shooting,fbref_soccerdata,2026-08-10 21:43:43
ENG-Premier League,2526,Manchester City,Rico Lewis,ENG,DF,20,2004,4.5,0,3,0,0.0,0.66,0.0,0.0,,0,0,ENG,2025-2026,shooting,fbref_soccerdata,2026-08-10 21:43:43
ENG-Premier League,2526,Manchester City,Rodri,ESP,MF,29,1996,16.8,1,16,3,18.8,0.95,0.18,0.06,0.33,0,0,ENG,2025-2026,shooting,fbref_soccerdata,2026-08-10 21:43:43
ENG-Premier League,2526,Manchester City,Rúben Dias,POR,DF,28,1997,23.8,2,10,4,40.0,0.42,0.17,0.2,0.5,0,0,ENG,2025-2026,shooting,fbref_soccerdata,2026-08-10 21:43:43
ENG-Premier League,2526,Manchester City,Sávio,BRA,MF,21,2004,9.3,1,20,11,55.0,2.16,1.19,0.05,0.09,0,0,ENG,2025-2026,shooting,fbref_soccerdata,2026-08-10 21:43:43
ENG-Premier League,2526,Manchester City,Tijjani Reijnders,NED,MF,27,1998,18.1,5,49,16,32.7,2.7,0.88,0.1,0.31,0,0,ENG,2025-2026,shooting,fbref_soccerdata,2026-08-10 21:43:43
ENG-Premier League,2526,Manchester Utd,Altay Bayındır,TUR,GK,27,1998,6.0,0,0,0,,0.0,0.0,,,0,0,ENG,2025-2026,shooting,fbref_soccerdata,2026-08-10 21:43:43
ENG-Premier League,2526,Manchester Utd,Amad Diallo,CIV,MF,23,2002,26.0,2,53,23,43.4,2.04,0.88,0.04,0.09,0,0,ENG,2025-2026,shooting,fbref_soccerdata,2026-08-10 21:43:43
ENG-Premier League,2526,Manchester Utd,Ayden Heaven,ENG,DF,18,2006,10.3,0,3,0,0.0,0.29,0.0,0.0,,0,0,ENG,2025-2026,shooting,fbref_soccerdata,2026-08-10 21:43:43
ENG-Premier League,2526,Manchester Utd,Bendito Mantato,ENG,MF,17,2008,0.2,0,0,0,,0.0,0.0,,,0,0,ENG,2025-2026,shooting,fbref_soccerdata,2026-08-10 21:43:43
ENG-Premier League,2526,Manchester Utd,Benjamin Šeško,SVN,FW,22,2003,18.3,11,61,34,55.7,3.34,1.86,0.18,0.32,0,0,ENG,2025-2026,shooting,fbref_soccerdata,2026-08-10 21:43:43
ENG-Premier League,2526,Manchester Utd,Bruno Fernandes,POR,MF,30,1994,34.0,9,85,24,28.2,2.5,0.71,0.06,0.21,4,6,ENG,2025-2026,shooting,fbref_soccerdata,2026-08-10 21:43:43
ENG-Premier League,2526,Manchester Utd,Bryan Mbeumo,CMR,"MF,FW",25,1999,29.0,11,73,32,43.8,2.52,1.1,0.15,0.34,0,0,ENG,2025-2026,shooting,fbref_soccerdata,2026-08-10 21:43:43
ENG-Premier League,2526,Manchester Utd,Casemiro,BRA,MF,33,1992,28.6,9,52,18,34.6,1.82,0.63,0.17,0.5,0,0,ENG,2025-2026,shooting,fbref_soccerdata,2026-08-10 21:43:43
ENG-Premier League,2526,Manchester Utd,Diogo Dalot,POR,"DF,MF",26,1999,29.0,1,24,6,25.0,0.83,0.21,0.04,0.17,0,0,ENG,2025-2026,shooting,fbref_soccerdata,2026-08-10 21:43:43
ENG-Premier League,2526,Manchester Utd,Harry Maguire,ENG,DF,32,1993,18.4,1,14,4,28.6,0.76,0.22,0.07,0.25,0,0,ENG,2025-2026,shooting,fbref_soccerdata,2026-08-10 21:43:43
ENG-Premier League,2526,Manchester Utd,Jack Fletcher,ENG,MF,18,2007,1.2,0,1,0,0.0,0.83,0.0,0.0,,0,0,ENG,2025-2026,shooting,fbref_soccerdata,2026-08-10 21:43:43
ENG-Premier League,2526,Manchester Utd,Joshua Zirkzee,NED,"FW,MF",24,2001,7.0,2,25,9,36.0,3.59,1.29,0.08,0.22,0,0,ENG,2025-2026,shooting,fbref_soccerdata,2026-08-10 21:43:43
ENG-Premier League,2526,Manchester Utd,Kobbie Mainoo,ENG,MF,20,2005,18.5,1,13,3,23.1,0.7,0.16,0.08,0.33,0,0,ENG,2025-2026,shooting,fbref_soccerdata,2026-08-10 21:43:43
ENG-Premier League,2526,Manchester Utd,Leny Yoro,FRA,DF,19,2005,19.3,0,9,3,33.3,0.47,0.16,0.0,0.0,0,0,ENG,2025-2026,shooting,fbref_soccerdata,2026-08-10 21:43:43
ENG-Premier League,2526,Manchester Utd,Lisandro Martínez,ARG,DF,27,1998,13.7,0,5,0,0.0,0.36,0.0,0.0,,0,0,ENG,2025-2026,shooting,fbref_soccerdata,2026-08-10 21:43:43
ENG-Premier League,2526,Manchester Utd,Luke Shaw,ENG,DF,30,1995,35.8,1,10,3,30.0,0.28,0.08,0.1,0.33,0,0,ENG,2025-2026,shooting,fbref_soccerdata,2026-08-10 21:43:43
ENG-Premier League,2526,Manchester Utd,Manuel Ugarte,URU,MF,24,2001,9.9,0,13,1,7.7,1.32,0.1,0.0,0.0,0,0,ENG,2025-2026,shooting,fbref_soccerdata,2026-08-10 21:43:43
ENG-Premier League,2526,Manchester Utd,Mason Mount,ENG,MF,26,1999,11.3,3,19,5,26.3,1.68,0.44,0.16,0.6,0,0,ENG,2025-2026,shooting,fbref_soccerdata,2026-08-10 21:43:43
ENG-Premier League,2526,Manchester Utd,Matheus Cunha,BRA,"MF,FW",26,1999,27.7,10,90,35,38.9,3.25,1.26,0.11,0.29,0,0,ENG,2025-2026,shooting,fbref_soccerdata,2026-08-10 21:43:43
ENG-Premier League,2526,Manchester Utd,Matthijs de Ligt,NED,DF,25,1999,13.0,1,11,3,27.3,0.85,0.23,0.09,0.33,0,0,ENG,2025-2026,shooting,fbref_soccerdata,2026-08-10 21:43:43
ENG-Premier League,2526,Manchester Utd,Noussair Mazraoui,MAR,"DF,MF",27,1997,10.9,0,5,0,0.0,0.46,0.0,0.0,,0,0,ENG,2025-2026,shooting,fbref_soccerdata,2026-08-10 21:43:43
ENG-Premier League,2526,Manchester Utd,Patrick Dorgu,DEN,MF,20,2004,16.1,4,25,11,44.0,1.55,0.68,0.16,0.36,0,0,ENG,2025-2026,shooting,fbref_soccerdata,2026-08-10 21:43:43
ENG-Premier League,2526,Manchester Utd,Senne Lammens,BEL,GK,23,2002,32.0,0,0,0,,0.0,0.0,,,0,0,ENG,2025-2026,shooting,fbref_soccerdata,2026-08-10 21:43:43
ENG-Premier League,2526,Manchester Utd,Shea Lacey,ENG,FW,18,2007,0.5,0,4,1,25.0,8.37,2.09,0.0,0.0,0,0,ENG,2025-2026,shooting,fbref_soccerdata,2026-08-10 21:43:43
ENG-Premier League,2526,Manchester Utd,Tyler Fletcher,SCO,MF,18,2007,0.2,0,0,0,,0.0,0.0,,,0,0,ENG,2025-2026,shooting,fbref_soccerdata,2026-08-10 21:43:43
ENG-Premier League,2526,Manchester Utd,Tyler Fredricson,ENG,DF,20,2005,0.0,0,0,0,,0.0,0.0,,,0,0,ENG,2025-2026,shooting,fbref_soccerdata,2026-08-10 21:43:43
ENG-Premier League,2526,Manchester Utd,Tyrell Malacia,NED,DF,25,1999,0.2,0,0,0,,0.0,0.0,,,0,0,ENG,2025-2026,shooting,fbref_soccerdata,2026-08-10 21:43:43
ENG-Premier League,2526,Newcastle,Aaron Ramsdale,ENG,GK,27,1998,11.2,0,0,0,,0.0,0.0,,,0,0,ENG,2025-2026,shooting,fbref_soccerdata,2026-08-10 21:43:43
ENG-Premier League,2526,Newcastle,Alex Murphy,IRL,DF,21,2004,0.1,0,0,0,,0.0,0.0,,,0,0,ENG,2025-2026,shooting,fbref_soccerdata,2026-08-10 21:43:43
ENG-Premier League,2526,Newcastle,Anthony Elanga,SWE,"FW,MF",23,2002,14.7,0,17,4,23.5,1.16,0.27,0.0,0.0,0,0,ENG,2025-2026,shooting,fbref_soccerdata,2026-08-10 21:43:43
ENG-Premier League,2526,Newcastle,Anthony Gordon,ENG,FW,24,2001,19.9,6,48,20,41.7,2.41,1.0,0.06,0.15,3,3,ENG,2025-2026,shooting,fbref_soccerdata,2026-08-10 21:43:43
ENG-Premier League,2526,Newcastle,Bruno Guimarães,BRA,MF,27,1997,27.3,9,42,23,54.8,1.54,0.84,0.17,0.3,2,2,ENG,2025-2026,shooting,fbref_soccerdata,2026-08-10 21:43:43
ENG-Premier League,2526,Newcastle,Dan Burn,ENG,DF,33,1992,24.4,1,10,3,30.0,0.41,0.12,0.1,0.33,0,0,ENG,2025-2026,shooting,fbref_soccerdata,2026-08-10 21:43:43
ENG-Premier League,2526,Newcastle,Emil Krafth,SWE,DF,30,1994,0.5,0,0,0,,0.0,0.0,,,0,0,ENG,2025-2026,shooting,fbref_soccerdata,2026-08-10 21:43:43
ENG-Premier League,2526,Newcastle,Fabian Schär,SUI,DF,33,1991,12.1,0,17,4,23.5,1.4,0.33,0.0,0.0,0,0,ENG,2025-2026,shooting,fbref_soccerdata,2026-08-10 21:43:43
ENG-Premier League,2526,Newcastle,Harvey Barnes,ENG,"FW,MF",27,1997,21.8,7,58,21,36.2,2.66,0.96,0.12,0.33,0,0,ENG,2025-2026,shooting,fbref_soccerdata,2026-08-10 21:43:43
ENG-Premier League,2526,Newcastle,Jacob Murphy,ENG,"FW,MF",30,1995,18.0,3,42,13,31.0,2.34,0.72,0.07,0.23,0,0,ENG,2025-2026,shooting,fbref_soccerdata,2026-08-10 21:43:43
ENG-Premier League,2526,Newcastle,Jacob Ramsey,ENG,MF,24,2001,16.1,2,16,4,25.0,0.99,0.25,0.13,0.5,0,0,ENG,2025-2026,shooting,fbref_soccerdata,2026-08-10 21:43:43
ENG-Premier League,2526,Newcastle,Jamaal Lascelles,ENG,DF,31,1993,0.2,0,1,0,0.0,4.29,0.0,0.0,,0,0,ENG,2025-2026,shooting,fbref_soccerdata,2026-08-10 21:43:43
ENG-Premier League,2526,Newcastle,Joe Willock,ENG,MF,25,1999,10.9,0,17,6,35.3,1.56,0.55,0.0,0.0,0,0,ENG,2025-2026,shooting,fbref_soccerdata,2026-08-10 21:43:43
ENG-Premier League,2526,Newcastle,Joelinton,BRA,MF,28,1996,21.7,2,32,11,34.4,1.48,0.51,0.06,0.18,0,0,ENG,2025-2026,shooting,fbref_soccerdata,2026-08-10 21:43:43
ENG-Premier League,2526,Newcastle,Kieran Trippier,ENG,DF,34,1990,17.6,0,2,0,0.0,0.11,0.0,0.0,,0,0,ENG,2025-2026,shooting,fbref_soccerdata,2026-08-10 21:43:43
ENG-Premier League,2526,Newcastle,Lewis Hall,ENG,DF,20,2004,24.2,1,25,6,24.0,1.03,0.25,0.04,0.17,0,0,ENG,2025-2026,shooting,fbref_soccerdata,2026-08-10 21:43:43
ENG-Premier League,2526,Newcastle,Lewis Miley,ENG,"MF,DF",19,2006,16.6,1,12,4,33.3,0.72,0.24,0.08,0.25,0,0,ENG,2025-2026,shooting,fbref_soccerdata,2026-08-10 21:43:43
ENG-Premier League,2526,Newcastle,Malick Thiaw,GER,DF,23,2001,32.9,4,28,14,50.0,0.85,0.42,0.14,0.29,0,0,ENG,2025-2026,shooting,fbref_soccerdata,2026-08-10 21:43:43
ENG-Premier League,2526,Newcastle,Nick Pope,ENG,GK,33,1992,26.8,0,1,1,100.0,0.04,0.04,0.0,0.0,0,0,ENG,2025-2026,shooting,fbref_soccerdata,2026-08-10 21:43:43
ENG-Premier League,2526,Newcastle,Nick Woltemade,GER,"FW,MF",23,2002,21.1,8,32,13,40.6,1.51,0.62,0.22,0.54,1,1,ENG,2025-2026,shooting,fbref_soccerdata,2026-08-10 21:43:43
ENG-Premier League,2526,Newcastle,Sandro Tonali,ITA,MF,25,2000,28.2,0,37,8,21.6,1.31,0.28,0.0,0.0,0,0,ENG,2025-2026,shooting,fbref_soccerdata,2026-08-10 21:43:43
ENG-Premier League,2526,Newcastle,Sean Neave,ENG,FW,18,2007,0.2,0,1,0,0.0,6.43,0.0,0.0,,0,0,ENG,2025-2026,shooting,fbref_soccerdata,2026-08-10 21:43:43
ENG-Premier League,2526,Newcastle,Sven Botman,NED,DF,25,2000,20.4,1,15,4,26.7,0.74,0.2,0.07,0.25,0,0,ENG,2025-2026,shooting,fbref_soccerdata,2026-08-10 21:43:43
ENG-Premier League,2526,Newcastle,Tino Livramento,ENG,DF,22,2002,14.8,0,3,0,0.0,0.2,0.0,0.0,,0,0,ENG,2025-2026,shooting,fbref_soccerdata,2026-08-10 21:43:43
ENG-Premier League,2526,Newcastle,William Osula,DEN,FW,21,2003,9.1,7,23,12,52.2,2.53,1.32,0.3,0.58,0,0,ENG,2025-2026,shooting,fbref_soccerdata,2026-08-10 21:43:43
ENG-Premier League,2526,Newcastle,Yoane Wissa,COD,FW,28,1996,5.9,1,13,5,38.5,2.2,0.85,0.08,0.2,0,0,ENG,2025-2026,shooting,fbref_soccerdata,2026-08-10 21:43:43
ENG-Premier League,2526,Nottingham,Angus Gunn,SCO,GK,29,1996,0.5,0,0,0,,0.0,0.0,,,0,0,ENG,2025-2026,shooting,fbref_soccerdata,2026-08-10 21:43:43
ENG-Premier League,2526,Nottingham,Arnaud Kalimuendo,FRA,FW,23,2002,1.1,0,4,1,25.0,3.75,0.94,0.0,0.0,0,0,ENG,2025-2026,shooting,fbref_soccerdata,2026-08-10 21:43:43
ENG-Premier League,2526,Nottingham,Callum Hudson-Odoi,ENG,MF,24,2000,20.5,3,30,10,33.3,1.47,0.49,0.1,0.3,0,0,ENG,2025-2026,shooting,fbref_soccerdata,2026-08-10 21:43:43
ENG-Premier League,2526,Nottingham,Chris Wood,NZL,FW,33,1991,10.0,3,23,9,39.1,2.3,0.9,0.13,0.33,0,0,ENG,2025-2026,shooting,fbref_soccerdata,2026-08-10 21:43:43
ENG-Premier League,2526,Nottingham,Dan Ndoye,SUI,MF,24,2000,13.0,1,15,4,26.7,1.15,0.31,0.07,0.25,0,0,ENG,2025-2026,shooting,fbref_soccerdata,2026-08-10 21:43:43
ENG-Premier League,2526,Nottingham,Dilane Bakwa,FRA,MF,22,2002,6.1,0,9,3,33.3,1.46,0.49,0.0,0.0,0,0,ENG,2025-2026,shooting,fbref_soccerdata,2026-08-10 21:43:43
ENG-Premier League,2526,Nottingham,Douglas Luiz,BRA,MF,27,1998,3.5,0,5,1,20.0,1.43,0.29,0.0,0.0,0,0,ENG,2025-2026,shooting,fbref_soccerdata,2026-08-10 21:43:43
ENG-Premier League,2526,Nottingham,Elliot Anderson,ENG,MF,22,2002,37.0,4,44,10,22.7,1.19,0.27,0.07,0.3,1,1,ENG,2025-2026,shooting,fbref_soccerdata,2026-08-10 21:43:43
ENG-Premier League,2526,Nottingham,Ibrahim Sangaré,CIV,MF,27,1997,23.1,2,16,5,31.3,0.69,0.22,0.13,0.4,0,0,ENG,2025-2026,shooting,fbref_soccerdata,2026-08-10 21:43:43
ENG-Premier League,2526,Nottingham,Igor Jesus,BRA,FW,24,2001,25.5,6,70,21,30.0,2.74,0.82,0.07,0.24,1,1,ENG,2025-2026,shooting,fbref_soccerdata,2026-08-10 21:43:43
ENG-Premier League,2526,Nottingham,Jair Cunha,BRA,DF,20,2005,5.7,0,3,1,33.3,0.52,0.17,0.0,0.0,0,0,ENG,2025-2026,shooting,fbref_soccerdata,2026-08-10 21:43:43
ENG-Premier League,2526,Nottingham,James Mcatee,ENG,MF,22,2002,3.3,0,4,0,0.0,1.21,0.0,0.0,,0,0,ENG,2025-2026,shooting,fbref_soccerdata,2026-08-10 21:43:43
ENG-Premier League,2526,Nottingham,John,BRA,GK,29,1996,4.9,0,0,0,,0.0,0.0,,,0,0,ENG,2025-2026,shooting,fbref_soccerdata,2026-08-10 21:43:43
ENG-Premier League,2526,Nottingham,Jota Silva,POR,FW,25,1999,0.1,0,0,0,,0.0,0.0,,,0,0,ENG,2025-2026,shooting,fbref_soccerdata,2026-08-10 21:43:43
ENG-Premier League,2526,Nottingham,Lorenzo Lucca,ITA,FW,24,2000,1.4,1,4,1,25.0,2.79,0.7,0.25,1.0,0,0,ENG,2025-2026,shooting,fbref_soccerdata,2026-08-10 21:43:43
ENG-Premier League,2526,Nottingham,Luca Netz,GER,"DF,MF",22,2003,4.0,0,0,0,,0.0,0.0,,,0,0,ENG,2025-2026,shooting,fbref_soccerdata,2026-08-10 21:43:43
ENG-Premier League,2526,Nottingham,Matz Sels,BEL,GK,33,1992,29.6,0,0,0,,0.0,0.0,,,0,0,ENG,2025-2026,shooting,fbref_soccerdata,2026-08-10 21:43:43
ENG-Premier League,2526,Nottingham,Morato,BRA,DF,24,2001,14.9,1,5,2,40.0,0.33,0.13,0.2,0.5,0,0,ENG,2025-2026,shooting,fbref_soccerdata,2026-08-10 21:43:43
ENG-Premier League,2526,Nottingham,Morgan Gibbs-White,ENG,MF,25,2000,34.4,15,83,32,38.6,2.41,0.93,0.17,0.44,1,1,ENG,2025-2026,shooting,fbref_soccerdata,2026-08-10 21:43:43
ENG-Premier League,2526,Nottingham,Murillo,BRA,DF,23,2002,23.7,1,11,4,36.4,0.46,0.17,0.09,0.25,0,0,ENG,2025-2026,shooting,fbref_soccerdata,2026-08-10 21:43:43
ENG-Premier League,2526,Nottingham,Neco Williams,WAL,DF,24,2001,35.6,2,46,19,41.3,1.29,0.53,0.04,0.11,0,0,ENG,2025-2026,shooting,fbref_soccerdata,2026-08-10 21:43:43
ENG-Premier League,2526,Nottingham,Nicolás Domínguez,ARG,MF,27,1998,13.1,1,18,5,27.8,1.38,0.38,0.06,0.2,0,0,ENG,2025-2026,shooting,fbref_soccerdata,2026-08-10 21:43:43
ENG-Premier League,2526,Nottingham,Nicolò Savona,ITA,DF,22,2003,11.4,2,5,3,60.0,0.44,0.26,0.4,0.67,0,0,ENG,2025-2026,shooting,fbref_soccerdata,2026-08-10 21:43:43
ENG-Premier League,2526,Nottingham,Nikola Milenković,SRB,DF,27,1997,37.5,0,16,1,6.3,0.43,0.03,0.0,0.0,0,0,ENG,2025-2026,shooting,fbref_soccerdata,2026-08-10 21:43:43
ENG-Premier League,2526,Nottingham,Ola Aina,NGA,DF,28,1996,17.6,0,12,1,8.3,0.68,0.06,0.0,0.0,0,0,ENG,2025-2026,shooting,fbref_soccerdata,2026-08-10 21:43:43
ENG-Premier League,2526,Nottingham,Oleksandr Zinchenko,UKR,DF,28,1996,3.9,0,4,2,50.0,1.02,0.51,0.0,0.0,0,0,ENG,2025-2026,shooting,fbref_soccerdata,2026-08-10 21:43:43
ENG-Premier League,2526,Nottingham,Omari Hutchinson,ENG,MF,21,2003,18.8,1,25,11,44.0,1.33,0.59,0.04,0.09,0,0,ENG,2025-2026,shooting,fbref_soccerdata,2026-08-10 21:43:43
ENG-Premier League,2526,Nottingham,Ryan Yates,ENG,MF,27,1997,6.9,0,9,2,22.2,1.31,0.29,0.0,0.0,0,0,ENG,2025-2026,shooting,fbref_soccerdata,2026-08-10 21:43:43
ENG-Premier League,2526,Nottingham,Stefan Ortega,GER,GK,32,1992,3.0,0,0,0,,0.0,0.0,,,0,0,ENG,2025-2026,shooting,fbref_soccerdata,2026-08-10 21:43:43
ENG-Premier League,2526,Nottingham,Taiwo Awoniyi,NGA,FW,27,1997,5.5,4,15,8,53.3,2.73,1.46,0.27,0.5,0,0,ENG,2025-2026,shooting,fbref_soccerdata,2026-08-10 21:43:43
ENG-Premier League,2526,Nottingham,Zach Abbott,ENG,DF,19,2006,1.8,0,0,0,,0.0,0.0,,,0,0,ENG,2025-2026,shooting,fbref_soccerdata,2026-08-10 21:43:43
ENG-Premier League,2526,Sunderland,Arthur Masuaku,COD,DF,31,1993,1.4,0,1,0,0.0,0.71,0.0,0.0,,0,0,ENG,2025-2026,shooting,fbref_soccerdata,2026-08-10 21:43:43
ENG-Premier League,2526,Sunderland,Bertrand Traoré,BFA,"MF,FW",29,1995,7.0,1,12,6,50.0,1.71,0.85,0.08,0.17,0,0,ENG,2025-2026,shooting,fbref_soccerdata,2026-08-10 21:43:43
ENG-Premier League,2526,Sunderland,Brian Brobbey,NED,FW,23,2002,21.4,7,36,18,50.0,1.68,0.84,0.19,0.39,0,0,ENG,2025-2026,shooting,fbref_soccerdata,2026-08-10 21:43:43
ENG-Premier League,2526,Sunderland,Chemsdine Talbi,MAR,"MF,FW",20,2005,17.3,4,25,10,40.0,1.44,0.58,0.16,0.4,0,0,ENG,2025-2026,shooting,fbref_soccerdata,2026-08-10 21:43:43
ENG-Premier League,2526,Sunderland,Chris Rigg,ENG,MF,18,2007,8.5,1,12,3,25.0,1.42,0.35,0.08,0.33,0,0,ENG,2025-2026,shooting,fbref_soccerdata,2026-08-10 21:43:43
ENG-Premier League,2526,Sunderland,Dan Neil,ENG,MF,23,2001,0.2,0,0,0,,0.0,0.0,,,0,0,ENG,2025-2026,shooting,fbref_soccerdata,2026-08-10 21:43:43
ENG-Premier League,2526,Sunderland,Daniel Ballard,NIR,DF,25,1999,23.9,2,26,9,34.6,1.09,0.38,0.08,0.22,0,0,ENG,2025-2026,shooting,fbref_soccerdata,2026-08-10 21:43:43
ENG-Premier League,2526,Sunderland,Dennis Cirkin,LVA,DF,23,2002,3.6,0,1,0,0.0,0.28,0.0,0.0,,0,0,ENG,2025-2026,shooting,fbref_soccerdata,2026-08-10 21:43:43
ENG-Premier League,2526,Sunderland,Eliezer Mayenda,ESP,"FW,MF",20,2005,8.4,2,13,6,46.2,1.54,0.71,0.15,0.33,0,0,ENG,2025-2026,shooting,fbref_soccerdata,2026-08-10 21:43:43
ENG-Premier League,2526,Sunderland,Enzo Le Fée,FRA,"MF,FW",25,2000,32.6,5,36,12,33.3,1.11,0.37,0.06,0.17,3,4,ENG,2025-2026,shooting,fbref_soccerdata,2026-08-10 21:43:43
ENG-Premier League,2526,Sunderland,Granit Xhaka,SUI,MF,32,1992,32.3,1,21,5,23.8,0.65,0.15,0.05,0.2,0,0,ENG,2025-2026,shooting,fbref_soccerdata,2026-08-10 21:43:43
ENG-Premier League,2526,Sunderland,Habib Diarra,SEN,MF,21,2004,15.6,2,26,8,30.8,1.67,0.51,0.04,0.13,1,1,ENG,2025-2026,shooting,fbref_soccerdata,2026-08-10 21:43:43
ENG-Premier League,2526,Sunderland,Jenson Seelt,NED,DF,22,2003,1.5,0,0,0,,0.0,0.0,,,0,0,ENG,2025-2026,shooting,fbref_soccerdata,2026-08-10 21:43:43
ENG-Premier League,2526,Sunderland,Jocelin Ta Bi,CIV,MF,20,2005,0.4,0,0,0,,0.0,0.0,,,0,0,ENG,2025-2026,shooting,fbref_soccerdata,2026-08-10 21:43:43
ENG-Premier League,2526,Sunderland,Luke O'Nien,ENG,DF,30,1994,6.3,0,4,1,25.0,0.63,0.16,0.0,0.0,0,0,ENG,2025-2026,shooting,fbref_soccerdata,2026-08-10 21:43:43
ENG-Premier League,2526,Sunderland,Lutsharel Geertruida,NED,"DF,MF",25,2000,18.8,0,11,3,27.3,0.58,0.16,0.0,0.0,0,0,ENG,2025-2026,shooting,fbref_soccerdata,2026-08-10 21:43:43
ENG-Premier League,2526,Sunderland,Marc Guiu,ESP,FW,19,2006,0.2,0,1,0,0.0,6.0,0.0,0.0,,0,0,ENG,2025-2026,shooting,fbref_soccerdata,2026-08-10 21:43:43
ENG-Premier League,2526,Sunderland,Melker Ellborg,SWE,GK,22,2003,3.0,0,0,0,,0.0,0.0,,,0,0,ENG,2025-2026,shooting,fbref_soccerdata,2026-08-10 21:43:43
ENG-Premier League,2526,Sunderland,Nilson Angulo,ECU,MF,22,2003,4.5,0,7,3,42.9,1.56,0.67,0.0,0.0,0,0,ENG,2025-2026,shooting,fbref_soccerdata,2026-08-10 21:43:43
ENG-Premier League,2526,Sunderland,Noah Sadiki,COD,MF,20,2004,32.1,0,19,5,26.3,0.59,0.16,0.0,0.0,0,0,ENG,2025-2026,shooting,fbref_soccerdata,2026-08-10 21:43:43
ENG-Premier League,2526,Sunderland,Nordi Mukiele,FRA,DF,27,1997,30.9,3,26,4,15.4,0.84,0.13,0.12,0.75,0,0,ENG,2025-2026,shooting,fbref_soccerdata,2026-08-10 21:43:43
ENG-Premier League,2526,Sunderland,Omar Alderete,PAR,DF,28,1996,31.1,1,24,9,37.5,0.77,0.29,0.04,0.11,0,0,ENG,2025-2026,shooting,fbref_soccerdata,2026-08-10 21:43:43
ENG-Premier League,2526,Sunderland,Patrick Roberts,ENG,"FW,MF",28,1997,0.3,0,1,0,0.0,3.21,0.0,0.0,,0,0,ENG,2025-2026,shooting,fbref_soccerdata,2026-08-10 21:43:43
ENG-Premier League,2526,Sunderland,Reinildo Mandava,MOZ,DF,31,1994,21.8,0,4,0,0.0,0.18,0.0,0.0,,0,0,ENG,2025-2026,shooting,fbref_soccerdata,2026-08-10 21:43:43
ENG-Premier League,2526,Sunderland,Robin Roefs,NED,GK,22,2003,35.0,0,0,0,,0.0,0.0,,,0,0,ENG,2025-2026,shooting,fbref_soccerdata,2026-08-10 21:43:43
ENG-Premier League,2526,Sunderland,Romaine Mundle,ENG,MF,22,2003,4.6,0,7,2,28.6,1.53,0.44,0.0,0.0,0,0,ENG,2025-2026,shooting,fbref_soccerdata,2026-08-10 21:43:43
ENG-Premier League,2526,Sunderland,Simon Adingra,CIV,"MF,FW",23,2002,7.3,1,6,2,33.3,0.83,0.28,0.17,0.5,0,0,ENG,2025-2026,shooting,fbref_soccerdata,2026-08-10 21:43:43
ENG-Premier League,2526,Sunderland,Trai Hume,NIR,"DF,MF",23,2002,33.7,2,34,7,20.6,1.01,0.21,0.06,0.29,0,0,ENG,2025-2026,shooting,fbref_soccerdata,2026-08-10 21:43:43
ENG-Premier League,2526,Sunderland,Wilson Isidor,HAI,FW,24,2000,12.9,6,43,17,39.5,3.32,1.31,0.14,0.35,0,0,ENG,2025-2026,shooting,fbref_soccerdata,2026-08-10 21:43:43
ENG-Premier League,2526,Tottenham,Antonín Kinský,CZE,GK,22,2003,7.0,0,0,0,,0.0,0.0,,,0,0,ENG,2025-2026,shooting,fbref_soccerdata,2026-08-10 21:43:43
ENG-Premier League,2526,Tottenham,Archie Gray,ENG,"MF,DF",19,2006,16.4,2,11,5,45.5,0.67,0.3,0.18,0.4,0,0,ENG,2025-2026,shooting,fbref_soccerdata,2026-08-10 21:43:43
ENG-Premier League,2526,Tottenham,Ben Davies,WAL,DF,32,1993,1.5,1,2,2,100.0,1.31,1.31,0.5,0.5,0,0,ENG,2025-2026,shooting,fbref_soccerdata,2026-08-10 21:43:43
ENG-Premier League,2526,Tottenham,Brennan Johnson,WAL,"MF,FW",24,2001,6.8,2,6,2,33.3,0.89,0.3,0.33,1.0,0,0,ENG,2025-2026,shooting,fbref_soccerdata,2026-08-10 21:43:43
ENG-Premier League,2526,Tottenham,Callum Olusesi,ENG,MF,18,2007,0.2,0,0,0,,0.0,0.0,,,0,0,ENG,2025-2026,shooting,fbref_soccerdata,2026-08-10 21:43:43
ENG-Premier League,2526,Tottenham,Conor Gallagher,ENG,MF,25,2000,13.2,1,11,4,36.4,0.84,0.3,0.09,0.25,0,0,ENG,2025-2026,shooting,fbref_soccerdata,2026-08-10 21:43:43
ENG-Premier League,2526,Tottenham,Cristian Romero,ARG,DF,27,1998,20.8,4,17,6,35.3,0.82,0.29,0.24,0.67,0,0,ENG,2025-2026,shooting,fbref_soccerdata,2026-08-10 21:43:43
ENG-Premier League,2526,Tottenham,Dane Scarlett,ENG,FW,21,2004,0.1,0,0,0,,0.0,0.0,,,0,0,ENG,2025-2026,shooting,fbref_soccerdata,2026-08-10 21:43:43
ENG-Premier League,2526,Tottenham,Destiny Udogie,ITA,"DF,MF",22,2002,14.9,0,4,1,25.0,0.27,0.07,0.0,0.0,0,0,ENG,2025-2026,shooting,fbref_soccerdata,2026-08-10 21:43:43
ENG-Premier League,2526,Tottenham,Djed Spence,ENG,"DF,MF",24,2000,22.8,0,13,8,61.5,0.57,0.35,0.0,0.0,0,0,ENG,2025-2026,shooting,fbref_soccerdata,2026-08-10 21:43:43
ENG-Premier League,2526,Tottenham,Dominic Solanke,ENG,FW,27,1997,11.1,3,20,11,55.0,1.8,0.99,0.15,0.27,0,0,ENG,2025-2026,shooting,fbref_soccerdata,2026-08-10 21:43:43
ENG-Premier League,2526,Tottenham,Guglielmo Vicario,ITA,GK,28,1996,31.0,0,0,0,,0.0,0.0,,,0,0,ENG,2025-2026,shooting,fbref_soccerdata,2026-08-10 21:43:43
ENG-Premier League,2526,Tottenham,James Maddison,ENG,"FW,MF",28,1996,0.4,0,2,0,0.0,4.86,0.0,0.0,,0,0,ENG,2025-2026,shooting,fbref_soccerdata,2026-08-10 21:43:43
ENG-Premier League,2526,Tottenham,James Rowswell,ENG,DF,19,2006,0.0,0,0,0,,0.0,0.0,,,0,0,ENG,2025-2026,shooting,fbref_soccerdata,2026-08-10 21:43:43
ENG-Premier League,2526,Tottenham,João Palhinha,POR,MF,30,1995,24.4,5,33,9,27.3,1.35,0.37,0.15,0.56,0,0,ENG,2025-2026,shooting,fbref_soccerdata,2026-08-10 21:43:43
ENG-Premier League,2526,Tottenham,Jun'ai Byfield,ENG,DF,16,2008,0.0,0,0,0,,0.0,0.0,,,0,0,ENG,2025-2026,shooting,fbref_soccerdata,2026-08-10 21:43:43
ENG-Premier League,2526,Tottenham,Kevin Danso,AUT,DF,26,1998,16.6,0,11,2,18.2,0.66,0.12,0.0,0.0,0,0,ENG,2025-2026,shooting,fbref_soccerdata,2026-08-10 21:43:43
ENG-Premier League,2526,Tottenham,Lucas Bergvall,SWE,MF,19,2006,10.7,1,12,5,41.7,1.12,0.47,0.08,0.2,0,0,ENG,2025-2026,shooting,fbref_soccerdata,2026-08-10 21:43:43
ENG-Premier League,2526,Tottenham,Mathys Tel,FRA,"MF,FW",20,2005,15.0,4,35,8,22.9,2.34,0.53,0.11,0.5,0,0,ENG,2025-2026,shooting,fbref_soccerdata,2026-08-10 21:43:43
ENG-Premier League,2526,Tottenham,Micky van de Ven,NED,DF,24,2001,33.8,4,16,6,37.5,0.47,0.18,0.25,0.67,0,0,ENG,2025-2026,shooting,fbref_soccerdata,2026-08-10 21:43:43
ENG-Premier League,2526,Tottenham,Mohammed Kudus,GHA,"MF,FW",24,2000,17.1,2,26,9,34.6,1.52,0.53,0.08,0.22,0,0,ENG,2025-2026,shooting,fbref_soccerdata,2026-08-10 21:43:43
ENG-Premier League,2526,Tottenham,Pape Matar Sarr,SEN,MF,22,2002,15.5,2,17,6,35.3,1.09,0.39,0.12,0.33,0,0,ENG,2025-2026,shooting,fbref_soccerdata,2026-08-10 21:43:43
ENG-Premier League,2526,Tottenham,Pedro Porro,ESP,DF,25,1999,31.1,1,32,8,25.0,1.03,0.26,0.03,0.13,0,0,ENG,2025-2026,shooting,fbref_soccerdata,2026-08-10 21:43:43
ENG-Premier League,2526,Tottenham,Radu Drăgușin,ROU,DF,23,2002,5.7,0,4,0,0.0,0.7,0.0,0.0,,0,0,ENG,2025-2026,shooting,fbref_soccerdata,2026-08-10 21:43:43
ENG-Premier League,2526,Tottenham,Randal Kolo Muani,FRA,"FW,MF",26,1998,18.5,1,20,4,20.0,1.08,0.22,0.05,0.25,0,0,ENG,2025-2026,shooting,fbref_soccerdata,2026-08-10 21:43:43
ENG-Premier League,2526,Tottenham,Richarlison,BRA,"FW,MF",28,1997,21.8,11,61,26,42.6,2.8,1.19,0.18,0.42,0,0,ENG,2025-2026,shooting,fbref_soccerdata,2026-08-10 21:43:43
ENG-Premier League,2526,Tottenham,Rodrigo Bentancur,URU,MF,28,1997,20.9,1,13,3,23.1,0.62,0.14,0.08,0.33,0,0,ENG,2025-2026,shooting,fbref_soccerdata,2026-08-10 21:43:43
ENG-Premier League,2526,Tottenham,Souza,BRA,MF,19,2006,1.6,0,1,1,100.0,0.62,0.62,0.0,0.0,0,0,ENG,2025-2026,shooting,fbref_soccerdata,2026-08-10 21:43:43
ENG-Premier League,2526,Tottenham,Wilson Odobert,FRA,"MF,FW",20,2004,10.9,0,21,8,38.1,1.92,0.73,0.0,0.0,0,0,ENG,2025-2026,shooting,fbref_soccerdata,2026-08-10 21:43:43
ENG-Premier League,2526,Tottenham,Xavi Simons,NED,"MF,FW",22,2003,19.5,2,42,10,23.8,2.15,0.51,0.05,0.2,0,0,ENG,2025-2026,shooting,fbref_soccerdata,2026-08-10 21:43:43
ENG-Premier League,2526,Tottenham,Yves Bissouma,MLI,MF,28,1996,6.7,0,5,2,40.0,0.75,0.3,0.0,0.0,0,0,ENG,2025-2026,shooting,fbref_soccerdata,2026-08-10 21:43:43
ENG-Premier League,2526,West Ham,Aaron Wan-Bissaka,COD,"DF,MF",27,1997,23.1,0,0,0,,0.0,0.0,,,0,0,ENG,2025-2026,shooting,fbref_soccerdata,2026-08-10 21:43:43
ENG-Premier League,2526,West Ham,Adama Traoré,ESP,"FW,MF",29,1996,1.3,0,2,0,0.0,1.49,0.0,0.0,,0,0,ENG,2025-2026,shooting,fbref_soccerdata,2026-08-10 21:43:43
ENG-Premier League,2526,West Ham,Alphonse Areola,FRA,GK,32,1993,20.0,0,0,0,,0.0,0.0,,,0,0,ENG,2025-2026,shooting,fbref_soccerdata,2026-08-10 21:43:43
ENG-Premier League,2526,West Ham,Andy Irving,SCO,MF,25,2000,1.8,0,0,0,,0.0,0.0,,,0,0,ENG,2025-2026,shooting,fbref_soccerdata,2026-08-10 21:43:43
ENG-Premier League,2526,West Ham,Axel Disasi,FRA,DF,27,1998,13.9,0,5,3,60.0,0.36,0.22,0.0,0.0,0,0,ENG,2025-2026,shooting,fbref_soccerdata,2026-08-10 21:43:43
ENG-Premier League,2526,West Ham,Callum Marshall,NIR,FW,20,2004,0.7,0,1,0,0.0,1.5,0.0,0.0,,0,0,ENG,2025-2026,shooting,fbref_soccerdata,2026-08-10 21:43:43
ENG-Premier League,2526,West Ham,Callum Wilson,ENG,FW,33,1992,13.9,7,38,16,42.1,2.73,1.15,0.18,0.44,0,0,ENG,2025-2026,shooting,fbref_soccerdata,2026-08-10 21:43:43
ENG-Premier League,2526,West Ham,Crysencio Summerville,NED,"MF,FW",23,2001,27.4,5,54,15,27.8,1.97,0.55,0.09,0.33,0,0,ENG,2025-2026,shooting,fbref_soccerdata,2026-08-10 21:43:43
ENG-Premier League,2526,West Ham,El Hadji Malick Diouf,SEN,"DF,MF",20,2004,30.1,0,18,4,22.2,0.6,0.13,0.0,0.0,0,0,ENG,2025-2026,shooting,fbref_soccerdata,2026-08-10 21:43:43
ENG-Premier League,2526,West Ham,Ezra Mayers,BRB,DF,18,2007,1.3,0,1,0,0.0,0.77,0.0,0.0,,0,0,ENG,2025-2026,shooting,fbref_soccerdata,2026-08-10 21:43:43
ENG-Premier League,2526,West Ham,Freddie Potts,ENG,MF,21,2003,13.0,0,3,1,33.3,0.23,0.08,0.0,0.0,0,0,ENG,2025-2026,shooting,fbref_soccerdata,2026-08-10 21:43:43
ENG-Premier League,2526,West Ham,George Earthy,ENG,MF,20,2004,0.1,0,0,0,,0.0,0.0,,,0,0,ENG,2025-2026,shooting,fbref_soccerdata,2026-08-10 21:43:43
ENG-Premier League,2526,West Ham,Guido Rodríguez,ARG,MF,31,1994,2.0,0,1,0,0.0,0.5,0.0,0.0,,0,0,ENG,2025-2026,shooting,fbref_soccerdata,2026-08-10 21:43:43
ENG-Premier League,2526,West Ham,Igor,BRA,DF,27,1998,1.2,0,0,0,,0.0,0.0,,,0,0,ENG,2025-2026,shooting,fbref_soccerdata,2026-08-10 21:43:43
ENG-Premier League,2526,West Ham,James Ward-Prowse,ENG,MF,30,1994,4.6,0,2,0,0.0,0.44,0.0,0.0,,0,0,ENG,2025-2026,shooting,fbref_soccerdata,2026-08-10 21:43:43
ENG-Premier League,2526,West Ham,Jarrod Bowen,ENG,"MF,FW",28,1996,37.8,9,79,28,35.4,2.09,0.74,0.1,0.29,1,1,ENG,2025-2026,shooting,fbref_soccerdata,2026-08-10 21:43:43
ENG-Premier League,2526,West Ham,Jean-Clair Todibo,FRA,DF,25,1999,20.2,0,2,0,0.0,0.1,0.0,0.0,,0,0,ENG,2025-2026,shooting,fbref_soccerdata,2026-08-10 21:43:43
ENG-Premier League,2526,West Ham,Konstantinos Mavropanos,GRE,DF,27,1997,28.2,3,23,8,34.8,0.82,0.28,0.13,0.38,0,0,ENG,2025-2026,shooting,fbref_soccerdata,2026-08-10 21:43:43
ENG-Premier League,2526,West Ham,Kyle Walker-Peters,ENG,DF,28,1997,15.4,1,5,3,60.0,0.33,0.2,0.2,0.33,0,0,ENG,2025-2026,shooting,fbref_soccerdata,2026-08-10 21:43:43
ENG-Premier League,2526,West Ham,Lucas Paquetá,BRA,"MF,FW",27,1997,16.8,4,23,11,47.8,1.37,0.66,0.09,0.18,2,2,ENG,2025-2026,shooting,fbref_soccerdata,2026-08-10 21:43:43
ENG-Premier League,2526,West Ham,Luis Guilherme,BRA,FW,19,2006,1.4,0,1,0,0.0,0.72,0.0,0.0,,0,0,ENG,2025-2026,shooting,fbref_soccerdata,2026-08-10 21:43:43
ENG-Premier League,2526,West Ham,Mads Hermansen,DEN,GK,25,2000,18.0,0,0,0,,0.0,0.0,,,0,0,ENG,2025-2026,shooting,fbref_soccerdata,2026-08-10 21:43:43
ENG-Premier League,2526,West Ham,Mateus Fernandes,POR,MF,21,2004,33.5,3,28,8,28.6,0.84,0.24,0.11,0.38,0,0,ENG,2025-2026,shooting,fbref_soccerdata,2026-08-10 21:43:43
ENG-Premier League,2526,West Ham,Max Kilman,ENG,DF,28,1997,17.3,0,7,1,14.3,0.4,0.06,0.0,0.0,0,0,ENG,2025-2026,shooting,fbref_soccerdata,2026-08-10 21:43:43
ENG-Premier League,2526,West Ham,Mohamadou Kanté,FRA,MF,19,2005,0.8,0,2,0,0.0,2.4,0.0,0.0,,0,0,ENG,2025-2026,shooting,fbref_soccerdata,2026-08-10 21:43:43
ENG-Premier League,2526,West Ham,Nayef Aguerd,MAR,DF,29,1996,2.0,0,2,0,0.0,1.0,0.0,0.0,,0,0,ENG,2025-2026,shooting,fbref_soccerdata,2026-08-10 21:43:43
ENG-Premier League,2526,West Ham,Niclas Füllkrug,GER,FW,32,1993,4.5,0,9,3,33.3,1.98,0.66,0.0,0.0,0,0,ENG,2025-2026,shooting,fbref_soccerdata,2026-08-10 21:43:43
ENG-Premier League,2526,West Ham,Oliver Scarles,ENG,"DF,MF",19,2005,7.3,0,3,0,0.0,0.41,0.0,0.0,,0,0,ENG,2025-2026,shooting,fbref_soccerdata,2026-08-10 21:43:43
ENG-Premier League,2526,West Ham,Pablo,BRA,"MF,FW",21,2004,9.1,0,12,3,25.0,1.31,0.33,0.0,0.0,0,0,ENG,2025-2026,shooting,fbref_soccerdata,2026-08-10 21:43:43
ENG-Premier League,2526,West Ham,Soungoutou Magassa,FRA,MF,21,2003,10.9,1,7,2,28.6,0.64,0.18,0.14,0.5,0,0,ENG,2025-2026,shooting,fbref_soccerdata,2026-08-10 21:43:43
ENG-Premier League,2526,West Ham,Tomáš Souček,CZE,MF,30,1995,24.4,5,26,14,53.8,1.06,0.57,0.19,0.36,0,0,ENG,2025-2026,shooting,fbref_soccerdata,2026-08-10 21:43:43
ENG-Premier League,2526,West Ham,Valentín Castellanos,ARG,FW,26,1998,15.4,6,50,22,44.0,3.25,1.43,0.12,0.27,0,0,ENG,2025-2026,shooting,fbref_soccerdata,2026-08-10 21:43:43
ENG-Premier League,2526,Wolves,Adam Armstrong,ENG,"FW,MF",28,1997,12.7,2,18,6,33.3,1.42,0.47,0.06,0.17,1,1,ENG,2025-2026,shooting,fbref_soccerdata,2026-08-10 21:43:43
ENG-Premier League,2526,Wolves,André,BRA,MF,24,2001,30.7,1,15,1,6.7,0.49,0.03,0.07,1.0,0,0,ENG,2025-2026,shooting,fbref_soccerdata,2026-08-10 21:43:43
ENG-Premier League,2526,Wolves,Angel Gomes,ENG,"MF,FW",24,2000,5.1,0,6,2,33.3,1.17,0.39,0.0,0.0,0,0,ENG,2025-2026,shooting,fbref_soccerdata,2026-08-10 21:43:43
ENG-Premier League,2526,Wolves,Daniel Bentley,ENG,GK,32,1993,3.0,0,0,0,,0.0,0.0,,,0,0,ENG,2025-2026,shooting,fbref_soccerdata,2026-08-10 21:43:43
ENG-Premier League,2526,Wolves,David Møller Wolfe,NOR,"MF,DF",23,2002,11.7,0,3,0,0.0,0.26,0.0,0.0,,0,0,ENG,2025-2026,shooting,fbref_soccerdata,2026-08-10 21:43:43
ENG-Premier League,2526,Wolves,Emmanuel Agbadou,CIV,DF,28,1997,12.2,0,10,3,30.0,0.82,0.25,0.0,0.0,0,0,ENG,2025-2026,shooting,fbref_soccerdata,2026-08-10 21:43:43
ENG-Premier League,2526,Wolves,Fer López,ESP,MF,21,2004,2.6,0,5,1,20.0,1.91,0.38,0.0,0.0,0,0,ENG,2025-2026,shooting,fbref_soccerdata,2026-08-10 21:43:43
ENG-Premier League,2526,Wolves,Hugo Bueno,ESP,"MF,DF",22,2002,26.3,1,16,6,37.5,0.61,0.23,0.06,0.17,0,0,ENG,2025-2026,shooting,fbref_soccerdata,2026-08-10 21:43:43
ENG-Premier League,2526,Wolves,Hwang Hee-chan,KOR,"FW,MF",29,1996,16.1,2,19,6,31.6,1.18,0.37,0.05,0.17,1,1,ENG,2025-2026,shooting,fbref_soccerdata,2026-08-10 21:43:43
ENG-Premier League,2526,Wolves,Jackson Tchatchoua,CMR,"MF,DF",23,2001,20.5,0,3,1,33.3,0.15,0.05,0.0,0.0,0,0,ENG,2025-2026,shooting,fbref_soccerdata,2026-08-10 21:43:43
ENG-Premier League,2526,Wolves,Jean-Ricner Bellegarde,HAI,"MF,FW",27,1998,13.9,1,21,7,33.3,1.51,0.5,0.05,0.14,0,0,ENG,2025-2026,shooting,fbref_soccerdata,2026-08-10 21:43:43
ENG-Premier League,2526,Wolves,Jerome Abbey,ENG,MF,15,2009,0.2,0,0,0,,0.0,0.0,,,0,0,ENG,2025-2026,shooting,fbref_soccerdata,2026-08-10 21:43:43
ENG-Premier League,2526,Wolves,Jhon Arias,COL,"FW,MF",27,1997,12.5,1,16,3,18.8,1.28,0.24,0.06,0.33,0,0,ENG,2025-2026,shooting,fbref_soccerdata,2026-08-10 21:43:43
ENG-Premier League,2526,Wolves,José Sá,POR,GK,32,1993,23.0,0,0,0,,0.0,0.0,,,0,0,ENG,2025-2026,shooting,fbref_soccerdata,2026-08-10 21:43:43
ENG-Premier League,2526,Wolves,João Gomes,BRA,MF,24,2001,31.4,1,19,7,36.8,0.6,0.22,0.05,0.14,0,0,ENG,2025-2026,shooting,fbref_soccerdata,2026-08-10 21:43:43
ENG-Premier League,2526,Wolves,Jørgen Strand Larsen,NOR,FW,25,2000,15.6,1,21,7,33.3,1.35,0.45,0.0,0.0,1,2,ENG,2025-2026,shooting,fbref_soccerdata,2026-08-10 21:43:43
ENG-Premier League,2526,Wolves,Ki-Jana Hoever,NED,"MF,DF",23,2002,4.7,0,1,1,100.0,0.21,0.21,0.0,0.0,0,0,ENG,2025-2026,shooting,fbref_soccerdata,2026-08-10 21:43:43
ENG-Premier League,2526,Wolves,Ladislav Krejčí,CZE,"DF,MF",26,1999,26.2,2,21,10,47.6,0.8,0.38,0.1,0.2,0,0,ENG,2025-2026,shooting,fbref_soccerdata,2026-08-10 21:43:43
ENG-Premier League,2526,Wolves,Marshall Munetsi,ZIM,"MF,FW",29,1996,9.7,1,14,6,42.9,1.44,0.62,0.07,0.17,0,0,ENG,2025-2026,shooting,fbref_soccerdata,2026-08-10 21:43:43
ENG-Premier League,2526,Wolves,Mateus Mane,POR,MF,17,2007,19.9,3,41,17,41.5,2.06,0.85,0.07,0.18,0,0,ENG,2025-2026,shooting,fbref_soccerdata,2026-08-10 21:43:43
ENG-Premier League,2526,Wolves,Matt Doherty,IRL,"DF,MF",33,1992,8.7,0,3,0,0.0,0.34,0.0,0.0,,0,0,ENG,2025-2026,shooting,fbref_soccerdata,2026-08-10 21:43:43
ENG-Premier League,2526,Wolves,Pedro Lima,BRA,MF,19,2006,2.9,0,4,1,25.0,1.38,0.35,0.0,0.0,0,0,ENG,2025-2026,shooting,fbref_soccerdata,2026-08-10 21:43:43
ENG-Premier League,2526,Wolves,Rodrigo Gomes,POR,"MF,FW",22,2003,10.7,3,20,6,30.0,1.87,0.56,0.15,0.5,0,0,ENG,2025-2026,shooting,fbref_soccerdata,2026-08-10 21:43:43
ENG-Premier League,2526,Wolves,Sam Johnstone,ENG,GK,32,1993,12.0,0,0,0,,0.0,0.0,,,0,0,ENG,2025-2026,shooting,fbref_soccerdata,2026-08-10 21:43:43
ENG-Premier League,2526,Wolves,Santiago Bueno,URU,DF,26,1998,28.4,3,10,7,70.0,0.35,0.25,0.3,0.43,0,0,ENG,2025-2026,shooting,fbref_soccerdata,2026-08-10 21:43:43
ENG-Premier League,2526,Wolves,Saša Kalajdžić,AUT,"FW,MF",28,1997,0.2,0,0,0,,0.0,0.0,,,0,0,ENG,2025-2026,shooting,fbref_soccerdata,2026-08-10 21:43:43
ENG-Premier League,2526,Wolves,Tawanda Chirewa,ZIM,MF,21,2003,0.3,0,0,0,,0.0,0.0,,,0,0,ENG,2025-2026,shooting,fbref_soccerdata,2026-08-10 21:43:43
ENG-Premier League,2526,Wolves,Tolu Arokodare,NGA,FW,24,2000,15.8,3,46,16,34.8,2.92,1.01,0.07,0.19,0,1,ENG,2025-2026,shooting,fbref_soccerdata,2026-08-10 21:43:43
ENG-Premier League,2526,Wolves,Tom Edozie,ENG,MF,19,2006,0.2,1,2,1,50.0,12.86,6.43,0.5,1.0,0,0,ENG,2025-2026,shooting,fbref_soccerdata,2026-08-10 21:43:43
ENG-Premier League,2526,Wolves,Toti Gomes,POR,DF,26,1999,15.8,0,5,2,40.0,0.32,0.13,0.0,0.0,0,0,ENG,2025-2026,shooting,fbref_soccerdata,2026-08-10 21:43:43
ENG-Premier League,2526,Wolves,Yerson Mosquera,COL,DF,24,2001,23.7,0,30,6,20.0,1.26,0.25,0.0,0.0,0,0,ENG,2025-2026,shooting,fbref_soccerdata,2026-08-10 21:43:43
