league,season,team,player,nation,pos,age,born,Playing Time_MP,Playing Time_Min,Playing Time_Mn/MP,Playing Time_Min%,Playing Time_90s,Starts_Starts,Starts_Mn/Start,Starts_Compl,Subs_Subs,Subs_Mn/Sub,Subs_unSub,Team Success_PPM,Team Success_onG,Team Success_onGA,Team Success_+/-,Team Success_+/-90,Team Success_On-Off,_league_id,_season,_stat_type,_scraped_at
GER-Bundesliga,2324,Augsburg,Arne Engels,BEL,"MF,DF",19,2003,32,1405,44,45.9,15.6,13,74,2,19,23,0,1.22,25,21,4,0.26,1.02,GER,2023-2024,playing_time,2026-08-06T23:02:03.548586
GER-Bundesliga,2324,Augsburg,Arne Maier,GER,"MF,FW",24,1999,22,1003,46,32.8,11.1,10,77,3,12,19,5,1.0,20,19,1,0.09,0.57,GER,2023-2024,playing_time,2026-08-06T23:02:03.548586
GER-Bundesliga,2324,Augsburg,Daniel Hausmann,GER,MF,20,2003,0,,,,,0,,0,0,,2,,,,,,,GER,2023-2024,playing_time,2026-08-06T23:02:03.548586
GER-Bundesliga,2324,Augsburg,David Deger,GER,MF,23,2000,0,,,,,0,,0,0,,1,,,,,,,GER,2023-2024,playing_time,2026-08-06T23:02:03.548586
GER-Bundesliga,2324,Augsburg,David Čolina,CRO,"DF,MF",23,2000,0,,,,,0,,0,0,,3,,,,,,,GER,2023-2024,playing_time,2026-08-06T23:02:03.548586
GER-Bundesliga,2324,Augsburg,Dion Drena Beljo,CRO,"FW,MF",21,2002,26,581,22,19.0,6.5,3,74,1,23,16,5,1.12,10,14,-4,-0.62,-0.4,GER,2023-2024,playing_time,2026-08-06T23:02:03.548586
GER-Bundesliga,2324,Augsburg,Elvis Rexhbeçaj,KVX,MF,25,1997,25,1985,79,64.9,22.1,24,81,14,1,31,1,1.2,29,40,-11,-0.5,-0.58,GER,2023-2024,playing_time,2026-08-06T23:02:03.548586
GER-Bundesliga,2324,Augsburg,Ermedin Demirović,BIH,"FW,MF",25,1998,33,2873,87,93.9,31.9,33,87,23,0,,0,1.15,47,56,-9,-0.28,0.2,GER,2023-2024,playing_time,2026-08-06T23:02:03.548586
GER-Bundesliga,2324,Augsburg,Finn Dahmen,GER,GK,25,1998,31,2790,90,91.2,31.0,31,90,31,0,,0,1.26,48,52,-4,-0.13,1.87,GER,2023-2024,playing_time,2026-08-06T23:02:03.548586
GER-Bundesliga,2324,Augsburg,Frederik Winther,DEN,DF,22,2001,0,,,,,0,,0,0,,3,,,,,,,GER,2023-2024,playing_time,2026-08-06T23:02:03.548586
GER-Bundesliga,2324,Augsburg,Fredrik Jensen,FIN,MF,25,1997,22,1338,61,43.7,14.9,18,70,0,4,19,2,1.45,26,22,4,0.27,1.0,GER,2023-2024,playing_time,2026-08-06T23:02:03.548586
GER-Bundesliga,2324,Augsburg,Iago,BRA,"DF,MF",26,1997,23,1622,71,53.0,18.0,18,82,12,5,29,0,1.43,29,20,9,0.5,1.69,GER,2023-2024,playing_time,2026-08-06T23:02:03.548586
GER-Bundesliga,2324,Augsburg,Irvin Cardona,MLT,"FW,MF",25,1997,3,54,18,1.8,0.6,0,,0,3,18,1,0.33,2,1,1,1.67,2.0,GER,2023-2024,playing_time,2026-08-06T23:02:03.548586
GER-Bundesliga,2324,Augsburg,Japhet Tanganga,ENG,DF,24,1999,0,,,,,0,,0,0,,1,,,,,,,GER,2023-2024,playing_time,2026-08-06T23:02:03.548586
GER-Bundesliga,2324,Augsburg,Jeffrey Gouweleeuw,NED,DF,32,1991,30,2593,86,84.7,28.8,29,88,27,1,45,0,1.13,40,46,-6,-0.21,0.56,GER,2023-2024,playing_time,2026-08-06T23:02:03.548586
GER-Bundesliga,2324,Augsburg,Kevin Mbabu,SUI,"DF,MF",28,1995,25,2047,82,66.9,22.7,22,88,18,3,41,1,1.12,28,37,-9,-0.4,-0.31,GER,2023-2024,playing_time,2026-08-06T23:02:03.548586
GER-Bundesliga,2324,Augsburg,Kristijan Jakić,CRO,MF,26,1997,14,1051,75,34.3,11.7,13,78,8,1,31,0,1.29,17,15,2,0.17,0.71,GER,2023-2024,playing_time,2026-08-06T23:02:03.548586
GER-Bundesliga,2324,Augsburg,Mads Pedersen,DEN,"DF,MF",26,1996,27,1786,66,58.4,19.8,19,83,14,8,25,3,0.96,29,43,-14,-0.71,-0.99,GER,2023-2024,playing_time,2026-08-06T23:02:03.548586
GER-Bundesliga,2324,Augsburg,Mahmut Kücüksahin,,DF,19,2004,1,1,1,0.0,0.0,0,,0,1,1,0,0.0,0,0,0,0.0,0.29,GER,2023-2024,playing_time,2026-08-06T23:02:03.548586
GER-Bundesliga,2324,Augsburg,Marcel Łubik,POL,GK,19,2004,0,,,,,0,,0,0,,3,,,,,,,GER,2023-2024,playing_time,2026-08-06T23:02:03.548586
GER-Bundesliga,2324,Augsburg,Masaya Okugawa,JPN,"FW,MF",27,1996,2,32,16,1.0,0.4,0,,0,2,16,3,1.5,2,0,2,5.63,5.98,GER,2023-2024,playing_time,2026-08-06T23:02:03.548586
GER-Bundesliga,2324,Augsburg,Maximilian Bauer,GER,DF,23,2000,14,810,58,26.5,9.0,9,83,6,5,12,15,1.57,15,22,-7,-0.78,-0.66,GER,2023-2024,playing_time,2026-08-06T23:02:03.548586
GER-Bundesliga,2324,Augsburg,Mergim Berisha,GER,FW,25,1998,2,122,61,4.0,1.4,2,61,0,0,,0,0.5,3,5,-2,-1.48,-1.23,GER,2023-2024,playing_time,2026-08-06T23:02:03.548586
GER-Bundesliga,2324,Augsburg,Mert Kömür,GER,FW,18,2005,4,118,30,3.9,1.3,1,73,0,3,15,8,0.75,2,3,-1,-0.76,-0.49,GER,2023-2024,playing_time,2026-08-06T23:02:03.548586
GER-Bundesliga,2324,Augsburg,Nathanaël Mbuku,COD,"FW,MF",21,2002,1,5,5,0.2,0.1,0,,0,1,5,5,0.0,0,0,0,0.0,0.29,GER,2023-2024,playing_time,2026-08-06T23:02:03.548586
GER-Bundesliga,2324,Augsburg,Niklas Dorsch,GER,MF,25,1998,21,1386,66,45.3,15.4,16,81,9,5,17,5,1.14,20,30,-10,-0.65,-0.65,GER,2023-2024,playing_time,2026-08-06T23:02:03.548586
GER-Bundesliga,2324,Augsburg,Ohis Felix Uduokhai,GER,DF,25,1997,33,2921,89,95.5,32.5,33,89,31,0,,0,1.15,49,59,-10,-0.31,-0.31,GER,2023-2024,playing_time,2026-08-06T23:02:03.548586
GER-Bundesliga,2324,Augsburg,Patric Pfeiffer,GHA,DF,23,1999,11,511,46,16.7,5.7,4,81,2,7,27,11,0.64,3,14,-11,-1.94,-1.97,GER,2023-2024,playing_time,2026-08-06T23:02:03.548586
GER-Bundesliga,2324,Augsburg,Pep Biel,ESP,"FW,MF",26,1996,11,285,26,9.3,3.2,0,,0,11,26,3,1.09,4,4,0,0.0,0.32,GER,2023-2024,playing_time,2026-08-06T23:02:03.548586
GER-Bundesliga,2324,Augsburg,Phillip Tietz,GER,FW,26,1997,34,2382,70,77.8,26.5,31,74,4,3,30,0,1.15,41,45,-4,-0.15,0.65,GER,2023-2024,playing_time,2026-08-06T23:02:03.548586
GER-Bundesliga,2324,Augsburg,Robert Gumny,POL,"DF,MF",25,1998,13,481,37,15.7,5.3,6,64,2,7,14,10,0.85,9,9,0,0.0,0.35,GER,2023-2024,playing_time,2026-08-06T23:02:03.548586
GER-Bundesliga,2324,Augsburg,Ruben Vargas,SUI,"MF,FW",24,1998,31,1962,63,64.1,21.8,25,72,3,6,26,0,1.16,32,41,-9,-0.41,-0.33,GER,2023-2024,playing_time,2026-08-06T23:02:03.548586
GER-Bundesliga,2324,Augsburg,Sven Michel,GER,"FW,MF",33,1990,22,583,27,19.1,6.5,5,64,0,17,15,8,1.09,12,15,-3,-0.46,-0.21,GER,2023-2024,playing_time,2026-08-06T23:02:03.548586
GER-Bundesliga,2324,Augsburg,Tim Breithaupt,GER,MF,21,2002,16,629,39,20.6,7.0,6,70,1,10,21,13,0.88,6,19,-13,-1.86,-1.97,GER,2023-2024,playing_time,2026-08-06T23:02:03.548586
GER-Bundesliga,2324,Augsburg,Tomáš Koubek,CZE,GK,30,1992,3,270,90,8.8,3.0,3,90,3,0,,31,0.0,2,8,-6,-2.0,-1.87,GER,2023-2024,playing_time,2026-08-06T23:02:03.548586
GER-Bundesliga,2324,Bayern Munich,Adam Aznou,MAR,DF,17,2006,0,,,,,0,,0,0,,6,,,,,,,GER,2023-2024,playing_time,2026-08-06T23:02:03.548586
GER-Bundesliga,2324,Bayern Munich,Aleksandar Pavlovic,GER,MF,19,2004,19,1227,65,40.1,13.6,14,79,7,5,25,6,2.42,35,16,19,1.39,-0.08,GER,2023-2024,playing_time,2026-08-06T23:02:03.548586
GER-Bundesliga,2324,Bayern Munich,Alphonso Davies,CAN,DF,22,2000,29,2065,71,67.5,22.9,24,81,16,5,23,2,2.17,66,30,36,1.57,0.39,GER,2023-2024,playing_time,2026-08-06T23:02:03.548586
GER-Bundesliga,2324,Bayern Munich,Benjamin Pavard,FRA,DF,27,1996,0,,,,,0,,0,0,,1,,,,,,,GER,2023-2024,playing_time,2026-08-06T23:02:03.548586
GER-Bundesliga,2324,Bayern Munich,Bouna Sarr,SEN,DF,31,1992,2,106,53,3.5,1.2,1,90,1,1,16,8,3.0,4,2,2,1.7,0.27,GER,2023-2024,playing_time,2026-08-06T23:02:03.548586
GER-Bundesliga,2324,Bayern Munich,Bryan Zaragoza,ESP,MF,21,2001,7,183,26,6.0,2.0,1,74,0,6,18,6,1.29,4,6,-2,-0.98,-2.58,GER,2023-2024,playing_time,2026-08-06T23:02:03.548586
GER-Bundesliga,2324,Bayern Munich,Daniel Peretz,ISR,GK,23,2000,1,17,17,0.6,0.2,0,,0,1,17,13,3.0,0,0,0,0.0,-1.45,GER,2023-2024,playing_time,2026-08-06T23:02:03.548586
GER-Bundesliga,2324,Bayern Munich,Dayot Upamecano,FRA,DF,24,1998,25,1762,70,57.6,19.6,19,82,14,6,34,3,1.92,43,28,15,0.77,-1.59,GER,2023-2024,playing_time,2026-08-06T23:02:03.548586
GER-Bundesliga,2324,Bayern Munich,Eric Dier,ENG,DF,29,1994,15,1166,78,38.1,13.0,13,85,11,2,29,3,1.87,35,21,14,1.08,-0.58,GER,2023-2024,playing_time,2026-08-06T23:02:03.548586
GER-Bundesliga,2324,Bayern Munich,Eric Maxim Choupo-Moting,CMR,MF,34,1989,27,717,27,23.4,8.0,7,76,3,20,9,5,2.0,27,19,8,1.0,-0.57,GER,2023-2024,playing_time,2026-08-06T23:02:03.548586
GER-Bundesliga,2324,Bayern Munich,Frans Krätzig,GER,"DF,MF",20,2003,4,56,14,1.8,0.6,0,,0,4,14,16,3.0,6,0,6,9.64,8.35,GER,2023-2024,playing_time,2026-08-06T23:02:03.548586
GER-Bundesliga,2324,Bayern Munich,Harry Kane,ENG,FW,30,1993,32,2839,89,92.8,31.5,32,89,27,0,,0,2.16,85,39,46,1.46,0.24,GER,2023-2024,playing_time,2026-08-06T23:02:03.548586
GER-Bundesliga,2324,Bayern Munich,Jamal Musiala,GER,MF,20,2003,24,1755,73,57.4,19.5,20,82,4,4,28,1,2.0,54,21,33,1.69,0.59,GER,2023-2024,playing_time,2026-08-06T23:02:03.548586
GER-Bundesliga,2324,Bayern Munich,Jonathan Asp Jensen,DEN,FW,17,2006,1,1,1,0.0,0.0,0,,0,1,1,0,3.0,0,0,0,0.0,-1.44,GER,2023-2024,playing_time,2026-08-06T23:02:03.548586
GER-Bundesliga,2324,Bayern Munich,Joshua Kimmich,GER,"MF,DF",28,1995,28,2176,78,71.1,24.2,27,79,17,1,31,0,1.93,62,31,31,1.28,-0.55,GER,2023-2024,playing_time,2026-08-06T23:02:03.548586
GER-Bundesliga,2324,Bayern Munich,Kim Min-jae,KOR,DF,26,1996,25,1970,79,64.4,21.9,22,86,18,3,24,3,2.16,61,28,33,1.51,0.19,GER,2023-2024,playing_time,2026-08-06T23:02:03.548586
GER-Bundesliga,2324,Bayern Munich,Kingsley Coman,FRA,MF,27,1996,17,1113,65,36.4,12.4,15,71,2,2,23,1,2.35,30,11,19,1.54,0.15,GER,2023-2024,playing_time,2026-08-06T23:02:03.548586
GER-Bundesliga,2324,Bayern Munich,Konrad Laimer,AUT,"MF,DF",26,1997,29,1772,61,57.9,19.7,18,83,12,11,25,1,2.28,61,25,36,1.83,0.92,GER,2023-2024,playing_time,2026-08-06T23:02:03.548586
GER-Bundesliga,2324,Bayern Munich,Leon Goretzka,GER,MF,28,1995,30,2241,75,73.2,24.9,25,84,17,5,28,0,2.0,64,39,25,1.0,-1.63,GER,2023-2024,playing_time,2026-08-06T23:02:03.548586
GER-Bundesliga,2324,Bayern Munich,Leroy Sané,GER,MF,27,1996,27,2137,79,69.8,23.7,25,84,16,2,24,0,2.19,67,26,41,1.73,0.95,GER,2023-2024,playing_time,2026-08-06T23:02:03.548586
GER-Bundesliga,2324,Bayern Munich,Lovro Zvonarek,CRO,MF,18,2005,5,163,33,5.3,1.8,1,89,0,4,19,9,2.4,2,4,-2,-1.1,-2.69,GER,2023-2024,playing_time,2026-08-06T23:02:03.548586
GER-Bundesliga,2324,Bayern Munich,Manuel Neuer,GER,GK,37,1986,23,2053,89,67.1,22.8,23,89,22,0,,0,2.13,64,33,31,1.36,-0.25,GER,2023-2024,playing_time,2026-08-06T23:02:03.548586
GER-Bundesliga,2324,Bayern Munich,Mathys Tel,FRA,"MF,FW",18,2005,30,1050,35,34.3,11.7,6,85,4,24,22,4,2.1,37,17,20,1.71,0.42,GER,2023-2024,playing_time,2026-08-06T23:02:03.548586
GER-Bundesliga,2324,Bayern Munich,Matteo Perez Vinlöf,SWE,DF,17,2005,1,16,16,0.5,0.2,0,,0,1,16,1,3.0,0,0,0,0.0,-1.45,GER,2023-2024,playing_time,2026-08-06T23:02:03.548586
GER-Bundesliga,2324,Bayern Munich,Matthijs de Ligt,NED,DF,23,1999,22,1390,63,45.4,15.4,16,82,12,6,14,4,2.36,48,21,27,1.75,0.56,GER,2023-2024,playing_time,2026-08-06T23:02:03.548586
GER-Bundesliga,2324,Bayern Munich,Max Scholze,GER,FW,18,2005,0,,,,,0,,0,0,,1,,,,,,,GER,2023-2024,playing_time,2026-08-06T23:02:03.548586
GER-Bundesliga,2324,Bayern Munich,Noel Nkili,GER,MF,17,2005,0,,,,,0,,0,0,,3,,,,,,,GER,2023-2024,playing_time,2026-08-06T23:02:03.548586
GER-Bundesliga,2324,Bayern Munich,Noussair Mazraoui,MAR,DF,25,1997,19,1197,63,39.1,13.3,15,73,8,4,24,2,2.11,40,16,24,1.8,0.6,GER,2023-2024,playing_time,2026-08-06T23:02:03.548586
GER-Bundesliga,2324,Bayern Munich,Raphaël Guerreiro,POR,"MF,DF",29,1993,20,1191,60,38.9,13.2,13,75,5,7,31,2,1.9,32,17,15,1.13,-0.5,GER,2023-2024,playing_time,2026-08-06T23:02:03.548586
GER-Bundesliga,2324,Bayern Munich,Ryan Gravenberch,NED,MF,21,2002,1,10,10,0.3,0.1,0,,0,1,10,1,3.0,0,1,-1,-9.0,-10.48,GER,2023-2024,playing_time,2026-08-06T23:02:03.548586
GER-Bundesliga,2324,Bayern Munich,Sacha Boey,FRA,MF,22,2000,2,109,55,3.6,1.2,1,80,0,1,29,2,1.5,2,2,0,0.0,-1.49,GER,2023-2024,playing_time,2026-08-06T23:02:03.548586
GER-Bundesliga,2324,Bayern Munich,Serge Gnabry,GER,MF,28,1995,10,432,43,14.1,4.8,5,66,0,5,21,3,1.6,15,6,9,1.87,0.51,GER,2023-2024,playing_time,2026-08-06T23:02:03.548586
GER-Bundesliga,2324,Bayern Munich,Sven Ulreich,GER,GK,34,1988,11,990,90,32.4,11.0,11,90,11,0,,21,2.09,30,12,18,1.64,0.29,GER,2023-2024,playing_time,2026-08-06T23:02:03.548586
GER-Bundesliga,2324,Bayern Munich,Taichi Fukui,JPN,MF,19,2004,0,,,,,0,,0,0,,1,,,,,,,GER,2023-2024,playing_time,2026-08-06T23:02:03.548586
GER-Bundesliga,2324,Bayern Munich,Thomas Müller,GER,MF,33,1989,31,1654,53,54.1,18.4,20,74,4,11,16,3,2.19,51,22,29,1.58,0.3,GER,2023-2024,playing_time,2026-08-06T23:02:03.548586
GER-Bundesliga,2324,Bayern Munich,Tom Hülsmann,GER,GK,19,2004,0,,,,,0,,0,0,,2,,,,,,,GER,2023-2024,playing_time,2026-08-06T23:02:03.548586
GER-Bundesliga,2324,Bochum,Agon Elezi,MKD,MF,22,2001,0,,,,,0,,0,0,,5,,,,,,,GER,2023-2024,playing_time,2026-08-06T23:02:03.548586
GER-Bundesliga,2324,Bochum,Andreas Luthe,GER,GK,36,1987,1,90,90,2.9,1.0,1,90,1,0,,11,0.0,1,4,-3,-3.0,-2.12,GER,2023-2024,playing_time,2026-08-06T23:02:03.548586
GER-Bundesliga,2324,Bochum,Anthony Losilla,FRA,MF,37,1986,31,2576,83,84.2,28.6,31,83,19,0,,0,0.94,32,54,-22,-0.77,1.09,GER,2023-2024,playing_time,2026-08-06T23:02:03.548586
GER-Bundesliga,2324,Bochum,Bernardo,BRA,DF,28,1995,33,2924,89,95.6,32.5,33,89,31,0,,0,1.0,41,68,-27,-0.83,2.48,GER,2023-2024,playing_time,2026-08-06T23:02:03.548586
GER-Bundesliga,2324,Bochum,Christopher Antwi-Adjei,GHA,"FW,MF",29,1994,25,1216,49,39.7,13.5,11,76,1,14,27,2,1.0,18,28,-10,-0.74,0.33,GER,2023-2024,playing_time,2026-08-06T23:02:03.548586
GER-Bundesliga,2324,Bochum,Cristian Gamboa,CRC,"DF,MF",33,1989,22,1187,54,38.8,13.2,12,82,6,10,21,10,1.14,16,28,-12,-0.91,0.05,GER,2023-2024,playing_time,2026-08-06T23:02:03.548586
GER-Bundesliga,2324,Bochum,Danilo Soares,BRA,MF,31,1991,5,351,70,11.5,3.9,3,88,2,2,44,11,0.6,3,6,-3,-0.77,0.19,GER,2023-2024,playing_time,2026-08-06T23:02:03.548586
GER-Bundesliga,2324,Bochum,Erhan Mašović,SRB,"DF,MF",24,1998,29,2219,77,72.5,24.7,24,87,21,5,24,3,1.0,25,53,-28,-1.14,-0.71,GER,2023-2024,playing_time,2026-08-06T23:02:03.548586
GER-Bundesliga,2324,Bochum,Felix Passlack,GER,"DF,MF",25,1998,15,960,64,31.4,10.7,13,72,3,2,11,11,0.93,14,23,-9,-0.84,0.14,GER,2023-2024,playing_time,2026-08-06T23:02:03.548586
GER-Bundesliga,2324,Bochum,Gonçalo Paciência,POR,FW,28,1994,19,650,34,21.2,7.2,6,67,0,13,19,8,0.79,13,14,-1,-0.14,1.02,GER,2023-2024,playing_time,2026-08-06T23:02:03.548586
GER-Bundesliga,2324,Bochum,Hugo Rölleke,GER,GK,18,2005,0,,,,,0,,0,0,,2,,,,,,,GER,2023-2024,playing_time,2026-08-06T23:02:03.548586
GER-Bundesliga,2324,Bochum,Ivan Ordets,UKR,DF,31,1992,24,1880,78,61.4,20.9,21,87,20,3,16,2,0.83,25,57,-32,-1.53,-1.53,GER,2023-2024,playing_time,2026-08-06T23:02:03.548586
GER-Bundesliga,2324,Bochum,Jordi Osei-Tutu,ENG,"DF,MF",24,1998,0,,,,,0,,0,0,,1,,,,,,,GER,2023-2024,playing_time,2026-08-06T23:02:03.548586
GER-Bundesliga,2324,Bochum,Keven Schlotterbeck,GER,DF,26,1997,27,2185,81,71.4,24.3,24,90,23,3,10,2,1.07,33,48,-15,-0.62,1.13,GER,2023-2024,playing_time,2026-08-06T23:02:03.548586
GER-Bundesliga,2324,Bochum,Kevin Stöger,AUT,MF,29,1993,32,2668,83,87.2,29.6,32,83,21,0,,0,0.94,38,65,-27,-0.91,0.24,GER,2023-2024,playing_time,2026-08-06T23:02:03.548586
GER-Bundesliga,2324,Bochum,Lukas Daschner,GER,"FW,MF",24,1998,20,536,27,17.5,6.0,3,73,0,17,19,13,0.7,8,16,-8,-1.34,-0.49,GER,2023-2024,playing_time,2026-08-06T23:02:03.548586
GER-Bundesliga,2324,Bochum,Manuel Riemann,GER,GK,34,1988,33,2970,90,97.1,33.0,33,90,33,0,,0,1.0,41,70,-29,-0.88,2.12,GER,2023-2024,playing_time,2026-08-06T23:02:03.548586
GER-Bundesliga,2324,Bochum,Matúš Bero,SVK,"MF,FW",27,1995,24,1661,69,54.3,18.5,20,78,8,4,25,0,0.96,24,44,-20,-1.08,-0.31,GER,2023-2024,playing_time,2026-08-06T23:02:03.548586
GER-Bundesliga,2324,Bochum,Maximilian Wittek,GER,"MF,DF",27,1995,21,1070,51,35.0,11.9,13,73,6,8,15,11,0.81,14,36,-22,-1.85,-1.4,GER,2023-2024,playing_time,2026-08-06T23:02:03.548586
GER-Bundesliga,2324,Bochum,Michael Esser,GER,GK,35,1987,0,,,,,0,,0,0,,1,,,,,,,GER,2023-2024,playing_time,2026-08-06T23:02:03.548586
GER-Bundesliga,2324,Bochum,Moritz Broschinski,GER,"FW,MF",22,2000,26,1247,48,40.8,13.9,14,71,3,12,21,4,1.12,20,26,-6,-0.43,0.86,GER,2023-2024,playing_time,2026-08-06T23:02:03.548586
GER-Bundesliga,2324,Bochum,Moritz Römling,GER,FW,22,2001,0,,,,,0,,0,0,,2,,,,,,,GER,2023-2024,playing_time,2026-08-06T23:02:03.548586
GER-Bundesliga,2324,Bochum,Moritz-Broni Kwarteng,GHA,"MF,FW",25,1998,11,281,26,9.2,3.1,2,63,0,9,17,6,1.36,3,7,-4,-1.28,-0.37,GER,2023-2024,playing_time,2026-08-06T23:02:03.548586
GER-Bundesliga,2324,Bochum,Niclas Thiede,GER,GK,24,1999,0,,,,,0,,0,0,,20,,,,,,,GER,2023-2024,playing_time,2026-08-06T23:02:03.548586
GER-Bundesliga,2324,Bochum,Noah Loosli,SUI,DF,26,1997,10,346,35,11.3,3.8,2,90,2,8,21,16,1.4,3,9,-6,-1.56,-0.7,GER,2023-2024,playing_time,2026-08-06T23:02:03.548586
GER-Bundesliga,2324,Bochum,Patrick Osterhage,GER,MF,23,2000,24,1861,78,60.8,20.7,21,86,15,3,18,3,1.0,22,36,-14,-0.68,0.67,GER,2023-2024,playing_time,2026-08-06T23:02:03.548586
GER-Bundesliga,2324,Bochum,Philipp Förster,GER,MF,28,1995,13,385,30,12.6,4.3,3,63,0,10,20,12,0.85,6,8,-2,-0.47,0.54,GER,2023-2024,playing_time,2026-08-06T23:02:03.548586
GER-Bundesliga,2324,Bochum,Philipp Hofmann,GER,FW,30,1993,29,1571,54,51.3,17.5,18,72,4,11,25,2,0.86,24,39,-15,-0.86,0.17,GER,2023-2024,playing_time,2026-08-06T23:02:03.548586
GER-Bundesliga,2324,Bochum,Simon Zoller,GER,"FW,MF",32,1991,1,45,45,1.5,0.5,0,,0,1,45,0,0.0,0,3,-3,-6.0,-5.13,GER,2023-2024,playing_time,2026-08-06T23:02:03.548586
GER-Bundesliga,2324,Bochum,Takuma Asano,JPN,"FW,MF",28,1994,29,1986,68,64.9,22.1,26,74,5,3,21,0,0.86,26,53,-27,-1.22,-0.8,GER,2023-2024,playing_time,2026-08-06T23:02:03.548586
GER-Bundesliga,2324,Bochum,Tim Oermann,GER,DF,19,2003,16,714,45,23.3,7.9,8,71,3,8,18,2,1.38,12,13,-1,-0.13,1.06,GER,2023-2024,playing_time,2026-08-06T23:02:03.548586
GER-Bundesliga,2324,Darmstadt 98,Aaron Seydel,GER,FW,27,1996,16,619,39,20.2,6.9,5,72,2,11,23,2,0.5,6,15,-9,-1.31,0.42,GER,2023-2024,playing_time,2026-08-06T23:02:03.548586
GER-Bundesliga,2324,Darmstadt 98,Alexander Brunst,GER,GK,28,1995,3,270,90,8.8,3.0,3,90,3,0,,21,0.2,2,16,-14,-4.67,-3.31,GER,2023-2024,playing_time,2026-08-06T23:02:03.548586
GER-Bundesliga,2324,Darmstadt 98,Andreas Müller,GER,MF,23,2000,11,349,32,11.4,3.9,2,45,0,9,29,11,0.55,3,7,-4,-1.03,0.69,GER,2023-2024,playing_time,2026-08-06T23:02:03.548586
GER-Bundesliga,2324,Darmstadt 98,Asaf Arania,ISR,FW,17,2005,1,6,6,0.2,0.1,0,,0,1,6,2,0.0,0,1,-1,-15.0,-13.38,GER,2023-2024,playing_time,2026-08-06T23:02:03.548586
GER-Bundesliga,2324,Darmstadt 98,Bartol Franjić,CRO,MF,23,2000,20,1229,61,40.2,13.7,14,79,7,6,21,6,0.5,6,45,-39,-2.86,-2.02,GER,2023-2024,playing_time,2026-08-06T23:02:03.548586
GER-Bundesliga,2324,Darmstadt 98,Braydon Manu,GHA,MF,26,1997,4,171,43,5.6,1.9,3,52,0,1,15,0,0.25,1,6,-5,-2.63,-1.04,GER,2023-2024,playing_time,2026-08-06T23:02:03.548586
GER-Bundesliga,2324,Darmstadt 98,Christoph Klarer,AUT,DF,23,2000,30,2354,78,76.9,26.2,28,83,22,2,14,1,0.47,24,65,-41,-1.57,0.34,GER,2023-2024,playing_time,2026-08-06T23:02:03.548586
GER-Bundesliga,2324,Darmstadt 98,Christoph Zimmermann,GER,DF,30,1993,19,1220,64,39.9,13.6,12,81,8,7,35,5,0.42,8,34,-26,-1.92,-0.45,GER,2023-2024,playing_time,2026-08-06T23:02:03.548586
GER-Bundesliga,2324,Darmstadt 98,Clemens Riedel,GER,"DF,MF",20,2003,14,755,54,24.7,8.4,9,80,7,5,8,6,0.71,9,20,-11,-1.31,0.45,GER,2023-2024,playing_time,2026-08-06T23:02:03.548586
GER-Bundesliga,2324,Darmstadt 98,Emir Karic,BIH,"MF,DF",26,1997,27,1783,66,58.3,19.8,18,87,12,9,25,2,0.37,15,56,-41,-2.07,-1.01,GER,2023-2024,playing_time,2026-08-06T23:02:03.548586
GER-Bundesliga,2324,Darmstadt 98,Fabian Holland,GER,"MF,DF",33,1990,23,1835,80,60.0,20.4,23,80,11,0,,0,0.48,21,48,-27,-1.32,0.81,GER,2023-2024,playing_time,2026-08-06T23:02:03.548586
GER-Bundesliga,2324,Darmstadt 98,Fabian Nürnberger,BUL,MF,24,1999,21,1513,72,49.4,16.8,17,81,10,4,32,0,0.71,14,41,-27,-1.61,0.08,GER,2023-2024,playing_time,2026-08-06T23:02:03.548586
GER-Bundesliga,2324,Darmstadt 98,Fabian Schnellhardt,GER,MF,29,1994,10,235,24,7.7,2.6,2,64,0,8,13,13,0.3,1,7,-6,-2.3,-0.7,GER,2023-2024,playing_time,2026-08-06T23:02:03.548586
GER-Bundesliga,2324,Darmstadt 98,Fabio Torsiello,ITA,FW,18,2005,10,156,16,5.1,1.7,1,45,0,9,12,7,0.1,2,5,-3,-1.73,-0.09,GER,2023-2024,playing_time,2026-08-06T23:02:03.548586
GER-Bundesliga,2324,Darmstadt 98,Filip Stojilković,SUI,FW,23,2000,6,154,26,5.0,1.7,0,,0,6,26,2,0.0,0,4,-4,-2.34,-0.73,GER,2023-2024,playing_time,2026-08-06T23:02:03.548586
GER-Bundesliga,2324,Darmstadt 98,Frank Ronstadt,GER,"DF,MF",26,1997,4,76,19,2.5,0.8,0,,0,4,19,2,1.0,2,2,0,0.0,1.69,GER,2023-2024,playing_time,2026-08-06T23:02:03.548586
GER-Bundesliga,2324,Darmstadt 98,Fraser Hornby,SCO,FW,23,1999,7,217,31,7.1,2.4,1,61,0,6,26,1,1.0,1,6,-5,-2.07,-0.46,GER,2023-2024,playing_time,2026-08-06T23:02:03.548586
GER-Bundesliga,2324,Darmstadt 98,Gerrit Holtmann,PHI,MF,28,1995,10,392,39,12.8,4.4,2,65,0,8,33,1,0.4,3,11,-8,-1.84,-0.22,GER,2023-2024,playing_time,2026-08-06T23:02:03.548586
GER-Bundesliga,2324,Darmstadt 98,Jannik Müller,GER,DF,29,1994,16,1134,71,37.1,12.6,12,83,9,4,36,11,0.69,13,30,-17,-1.35,0.47,GER,2023-2024,playing_time,2026-08-06T23:02:03.548586
GER-Bundesliga,2324,Darmstadt 98,Julian Justvan,GER,MF,25,1998,14,1023,73,33.4,11.4,11,86,7,3,26,0,0.29,8,34,-26,-2.29,-0.96,GER,2023-2024,playing_time,2026-08-06T23:02:03.548586
GER-Bundesliga,2324,Darmstadt 98,Klaus Gjasula,ALB,"DF,MF",33,1989,22,1363,62,44.5,15.1,17,75,10,5,18,5,0.55,15,31,-16,-1.06,1.06,GER,2023-2024,playing_time,2026-08-06T23:02:03.548586
GER-Bundesliga,2324,Darmstadt 98,Luca Pfeiffer,GER,"FW,MF",26,1996,24,1619,67,52.9,18.0,20,77,9,4,20,6,0.46,20,37,-17,-0.95,1.49,GER,2023-2024,playing_time,2026-08-06T23:02:03.548586
GER-Bundesliga,2324,Darmstadt 98,Marcel Schuhen,GER,GK,30,1993,31,2790,90,91.2,31.0,31,90,31,0,,2,0.52,29,76,-47,-1.52,1.48,GER,2023-2024,playing_time,2026-08-06T23:02:03.548586
GER-Bundesliga,2324,Darmstadt 98,Marvin Mehlem,GER,MF,25,1997,20,1482,74,48.4,16.5,19,77,6,1,24,1,0.55,16,38,-22,-1.34,0.6,GER,2023-2024,playing_time,2026-08-06T23:02:03.548586
GER-Bundesliga,2324,Darmstadt 98,Matej Maglica,CRO,DF,24,1998,26,1698,65,55.5,18.9,21,78,13,5,13,1,0.58,16,41,-25,-1.33,0.72,GER,2023-2024,playing_time,2026-08-06T23:02:03.548586
GER-Bundesliga,2324,Darmstadt 98,Mathias Honsak,AUT,"MF,FW",26,1996,23,1021,44,33.4,11.3,10,73,2,13,22,0,0.57,9,39,-30,-2.64,-1.5,GER,2023-2024,playing_time,2026-08-06T23:02:03.548586
GER-Bundesliga,2324,Darmstadt 98,Matthias Bader,GER,"MF,DF",26,1997,24,1802,75,58.9,20.0,21,82,12,3,26,0,0.71,22,41,-19,-0.95,1.7,GER,2023-2024,playing_time,2026-08-06T23:02:03.548586
GER-Bundesliga,2324,Darmstadt 98,Morten Behrens,GER,GK,26,1997,0,,,,,0,,0,0,,12,,,,,,,GER,2023-2024,playing_time,2026-08-06T23:02:03.548586
GER-Bundesliga,2324,Darmstadt 98,Oscar Vilhelmsson,SWE,FW,19,2003,26,1374,53,44.9,15.3,16,73,5,10,21,2,0.31,12,37,-25,-1.64,0.02,GER,2023-2024,playing_time,2026-08-06T23:02:03.548586
GER-Bundesliga,2324,Darmstadt 98,Sebastian Polter,GER,FW,32,1991,9,446,50,14.6,5.0,4,80,1,5,26,0,0.33,4,12,-8,-1.61,0.04,GER,2023-2024,playing_time,2026-08-06T23:02:03.548586
GER-Bundesliga,2324,Darmstadt 98,Thomas Isherwood,SWE,DF,25,1998,12,636,53,20.8,7.1,8,72,2,4,16,14,0.5,8,25,-17,-2.41,-0.96,GER,2023-2024,playing_time,2026-08-06T23:02:03.548586
GER-Bundesliga,2324,Darmstadt 98,Tim Skarke,GER,"FW,MF",26,1996,30,2404,80,78.6,26.7,29,82,13,1,32,0,0.57,22,69,-47,-1.76,-0.52,GER,2023-2024,playing_time,2026-08-06T23:02:03.548586
GER-Bundesliga,2324,Darmstadt 98,Tobias Kempe,GER,MF,34,1989,24,1350,56,44.1,15.0,15,79,5,9,19,5,0.54,19,34,-15,-1.0,1.16,GER,2023-2024,playing_time,2026-08-06T23:02:03.548586
GER-Bundesliga,2324,Dortmund,Alexander Meyer,GER,GK,32,1991,8,695,87,22.7,7.7,7,90,7,1,65,26,1.75,15,9,6,0.78,0.05,GER,2023-2024,playing_time,2026-08-06T23:02:03.548586
GER-Bundesliga,2324,Dortmund,Antonios Papadopoulos,GER,DF,23,1999,2,117,59,3.8,1.3,1,90,1,1,27,3,2.0,5,2,3,2.31,1.63,GER,2023-2024,playing_time,2026-08-06T23:02:03.548586
GER-Bundesliga,2324,Dortmund,Donyell Malen,NED,"MF,FW",24,1999,27,1781,66,58.2,19.8,21,77,10,6,29,2,2.0,43,25,18,0.91,0.42,GER,2023-2024,playing_time,2026-08-06T23:02:03.548586
GER-Bundesliga,2324,Dortmund,Emre Can,GER,MF,29,1994,25,1953,78,63.8,21.7,22,86,16,3,21,4,2.0,41,22,19,0.88,0.39,GER,2023-2024,playing_time,2026-08-06T23:02:03.548586
GER-Bundesliga,2324,Dortmund,Felix Nmecha,GER,MF,22,2000,20,1021,51,33.4,11.3,10,78,4,10,24,0,1.95,25,17,8,0.71,-0.05,GER,2023-2024,playing_time,2026-08-06T23:02:03.548586
GER-Bundesliga,2324,Dortmund,Gio Reyna,USA,MF,20,2002,11,280,25,9.2,3.1,1,45,0,10,24,4,1.91,9,4,5,1.61,0.96,GER,2023-2024,playing_time,2026-08-06T23:02:03.548586
GER-Bundesliga,2324,Dortmund,Gregor Kobel,SUI,GK,25,1997,27,2365,88,77.3,26.3,27,88,26,0,,0,1.85,53,34,19,0.72,-0.05,GER,2023-2024,playing_time,2026-08-06T23:02:03.548586
GER-Bundesliga,2324,Dortmund,Guille Bueno,ESP,DF,20,2002,0,,,,,0,,0,0,,1,,,,,,,GER,2023-2024,playing_time,2026-08-06T23:02:03.548586
GER-Bundesliga,2324,Dortmund,Hendry Blank,GER,DF,18,2004,1,45,45,1.5,0.5,0,,0,1,45,4,3.0,3,0,3,6.0,5.34,GER,2023-2024,playing_time,2026-08-06T23:02:03.548586
GER-Bundesliga,2324,Dortmund,Ian Maatsen,NED,DF,21,2002,16,1264,79,41.3,14.0,15,81,8,1,45,0,2.06,30,9,21,1.5,1.29,GER,2023-2024,playing_time,2026-08-06T23:02:03.548586
GER-Bundesliga,2324,Dortmund,Jadon Sancho,ENG,"MF,FW",23,2000,14,947,68,30.9,10.5,11,78,2,3,28,2,1.86,19,11,8,0.76,0.04,GER,2023-2024,playing_time,2026-08-06T23:02:03.548586
GER-Bundesliga,2324,Dortmund,Jamie Gittens,ENG,"MF,FW",18,2004,25,1058,42,34.6,11.8,14,62,1,11,18,9,1.84,25,12,13,1.11,0.57,GER,2023-2024,playing_time,2026-08-06T23:02:03.548586
GER-Bundesliga,2324,Dortmund,Julian Brandt,GER,MF,27,1996,32,2223,69,72.6,24.7,26,78,12,6,33,0,1.84,44,29,15,0.61,-0.47,GER,2023-2024,playing_time,2026-08-06T23:02:03.548586
GER-Bundesliga,2324,Dortmund,Julian Ryerson,NOR,DF,25,1997,21,1767,84,57.7,19.6,20,86,14,1,45,3,2.0,35,24,11,0.56,-0.41,GER,2023-2024,playing_time,2026-08-06T23:02:03.548586
GER-Bundesliga,2324,Dortmund,Julien Duranville,BEL,FW,17,2006,2,12,6,0.4,0.1,0,,0,2,6,3,0.5,0,1,-1,-7.5,-8.27,GER,2023-2024,playing_time,2026-08-06T23:02:03.548586
GER-Bundesliga,2324,Dortmund,Karim Adeyemi,GER,"FW,MF",21,2002,21,913,43,29.8,10.1,10,64,1,11,25,3,1.76,19,16,3,0.3,-0.63,GER,2023-2024,playing_time,2026-08-06T23:02:03.548586
GER-Bundesliga,2324,Dortmund,Kjell-Arik Wätjen,GER,MF,17,2006,2,105,53,3.4,1.2,1,90,1,1,15,3,1.5,5,1,4,3.43,2.79,GER,2023-2024,playing_time,2026-08-06T23:02:03.548586
GER-Bundesliga,2324,Dortmund,Marcel Lotka,POL,GK,22,2001,0,,,,,0,,0,0,,7,,,,,,,GER,2023-2024,playing_time,2026-08-06T23:02:03.548586
GER-Bundesliga,2324,Dortmund,Marcel Sabitzer,AUT,MF,29,1994,25,1961,78,64.1,21.8,23,84,18,2,16,2,1.88,44,26,18,0.83,0.25,GER,2023-2024,playing_time,2026-08-06T23:02:03.548586
GER-Bundesliga,2324,Dortmund,Marco Reus,GER,MF,34,1989,26,1601,62,52.3,17.8,18,77,2,8,28,6,1.81,37,27,10,0.56,-0.36,GER,2023-2024,playing_time,2026-08-06T23:02:03.548586
GER-Bundesliga,2324,Dortmund,Marius Wolf,GER,DF,28,1995,22,1166,53,38.1,13.0,12,82,9,10,19,10,1.95,30,22,8,0.62,-0.19,GER,2023-2024,playing_time,2026-08-06T23:02:03.548586
GER-Bundesliga,2324,Dortmund,Mateu Morey,ESP,DF,23,2000,3,110,37,3.6,1.2,2,54,0,1,3,11,2.0,4,4,0,0.0,-0.76,GER,2023-2024,playing_time,2026-08-06T23:02:03.548586
GER-Bundesliga,2324,Dortmund,Mats Hummels,GER,DF,34,1988,25,1581,63,51.7,17.6,20,75,13,5,18,4,1.88,34,24,10,0.57,-0.34,GER,2023-2024,playing_time,2026-08-06T23:02:03.548586
GER-Bundesliga,2324,Dortmund,Niclas Füllkrug,GER,FW,30,1993,29,2212,76,72.3,24.6,27,80,10,2,23,2,1.83,47,31,16,0.65,-0.3,GER,2023-2024,playing_time,2026-08-06T23:02:03.548586
GER-Bundesliga,2324,Dortmund,Nico Schlotterbeck,GER,DF,23,1999,33,2859,87,93.4,31.8,32,88,29,1,28,1,1.82,62,41,21,0.66,-1.13,GER,2023-2024,playing_time,2026-08-06T23:02:03.548586
GER-Bundesliga,2324,Dortmund,Niklas Süle,GER,DF,27,1995,23,1514,66,49.5,16.8,14,87,13,9,33,9,1.74,30,19,11,0.65,-0.16,GER,2023-2024,playing_time,2026-08-06T23:02:03.548586
GER-Bundesliga,2324,Dortmund,Ole Pohlmann,GER,"FW,MF",22,2001,2,54,27,1.8,0.6,0,,0,2,27,3,0.5,0,0,0,0.0,-0.75,GER,2023-2024,playing_time,2026-08-06T23:02:03.548586
GER-Bundesliga,2324,Dortmund,Paris Brunner,GER,FW,17,2006,0,,,,,0,,0,0,,1,,,,,,,GER,2023-2024,playing_time,2026-08-06T23:02:03.548586
GER-Bundesliga,2324,Dortmund,Ramy Bensebaini,ALG,DF,28,1995,17,1033,61,33.8,11.5,11,83,7,6,21,3,1.94,21,17,4,0.35,-0.58,GER,2023-2024,playing_time,2026-08-06T23:02:03.548586
GER-Bundesliga,2324,Dortmund,Salih Özcan,TUR,MF,25,1998,23,1184,51,38.7,13.2,13,78,8,10,17,9,1.91,27,21,6,0.46,-0.46,GER,2023-2024,playing_time,2026-08-06T23:02:03.548586
GER-Bundesliga,2324,Dortmund,Samuel Bamba,GER,FW,19,2004,2,47,24,1.5,0.5,0,,0,2,24,2,1.0,0,0,0,0.0,-0.75,GER,2023-2024,playing_time,2026-08-06T23:02:03.548586
GER-Bundesliga,2324,Dortmund,Sébastien Haller,CIV,FW,29,1994,14,396,28,12.9,4.4,5,56,0,9,13,3,2.0,6,5,1,0.23,-0.58,GER,2023-2024,playing_time,2026-08-06T23:02:03.548586
GER-Bundesliga,2324,Dortmund,Thomas Meunier,BEL,DF,31,1991,8,586,73,19.2,6.5,7,83,4,1,7,2,1.63,13,5,8,1.23,0.61,GER,2023-2024,playing_time,2026-08-06T23:02:03.548586
GER-Bundesliga,2324,Dortmund,Thorgan Hazard,BEL,"FW,MF",30,1993,1,7,7,0.2,0.1,0,,0,1,7,1,3.0,1,0,1,12.86,12.15,GER,2023-2024,playing_time,2026-08-06T23:02:03.548586
GER-Bundesliga,2324,Dortmund,Youssoufa Moukoko,GER,FW,18,2004,20,625,31,20.4,6.9,4,80,2,16,19,10,1.6,18,11,7,1.01,0.34,GER,2023-2024,playing_time,2026-08-06T23:02:03.548586
GER-Bundesliga,2324,Frankfurt,Ansgar Knauff,GER,"MF,FW",21,2002,31,2109,68,68.9,23.4,24,78,5,7,35,1,1.35,35,37,-2,-0.09,-0.37,GER,2023-2024,playing_time,2026-08-06T23:02:03.548586
GER-Bundesliga,2324,Frankfurt,Aurélio Buta,POR,"MF,DF",26,1997,30,1744,58,57.0,19.4,20,78,7,10,18,2,1.4,30,33,-3,-0.15,-0.43,GER,2023-2024,playing_time,2026-08-06T23:02:03.548586
GER-Bundesliga,2324,Frankfurt,Christopher Lenz,GER,"DF,MF",28,1994,1,10,10,0.3,0.1,0,,0,1,10,0,1.0,1,0,1,9.0,9.0,GER,2023-2024,playing_time,2026-08-06T23:02:03.548586
GER-Bundesliga,2324,Frankfurt,Donny van de Beek,NED,"MF,FW",26,1997,8,357,45,11.7,4.0,4,59,0,4,30,7,1.5,4,3,1,0.25,0.25,GER,2023-2024,playing_time,2026-08-06T23:02:03.548586
GER-Bundesliga,2324,Frankfurt,Elias Baum,GER,DF,17,2005,4,28,7,0.9,0.3,0,,0,4,7,1,1.25,1,0,1,3.21,3.21,GER,2023-2024,playing_time,2026-08-06T23:02:03.548586
GER-Bundesliga,2324,Frankfurt,Ellyes Skhiri,TUN,MF,28,1995,27,2168,80,70.8,24.1,24,88,18,3,22,0,1.41,36,32,4,0.17,0.47,GER,2023-2024,playing_time,2026-08-06T23:02:03.548586
GER-Bundesliga,2324,Frankfurt,Fares Chaïbi,ALG,"MF,FW",20,2002,28,1912,68,62.5,21.2,21,79,6,7,35,1,1.36,37,37,0,0.0,-0.08,GER,2023-2024,playing_time,2026-08-06T23:02:03.548586
GER-Bundesliga,2324,Frankfurt,Hrvoje Smolčić,CRO,DF,22,2000,11,347,32,11.3,3.9,3,87,2,8,11,20,1.73,4,6,-2,-0.52,-0.62,GER,2023-2024,playing_time,2026-08-06T23:02:03.548586
GER-Bundesliga,2324,Frankfurt,Hugo Ekitike,FRA,FW,21,2002,14,716,51,23.4,8.0,7,78,0,7,24,0,1.07,9,16,-7,-0.88,-1.19,GER,2023-2024,playing_time,2026-08-06T23:02:03.548586
GER-Bundesliga,2324,Frankfurt,Hugo Larsson,SWE,MF,19,2004,29,1886,65,61.6,21.0,21,81,13,8,22,1,1.38,35,32,3,0.14,0.3,GER,2023-2024,playing_time,2026-08-06T23:02:03.548586
GER-Bundesliga,2324,Frankfurt,Jean Mattéo Bahoya,FRA,MF,18,2005,8,177,22,5.8,2.0,1,64,0,7,16,1,0.5,2,6,-4,-2.03,-2.19,GER,2023-2024,playing_time,2026-08-06T23:02:03.548586
GER-Bundesliga,2324,Frankfurt,Jens Grahl,GER,GK,34,1988,2,180,90,5.9,2.0,2,90,2,0,,32,2.0,4,2,2,1.0,1.03,GER,2023-2024,playing_time,2026-08-06T23:02:03.548586
GER-Bundesliga,2324,Frankfurt,Jens Petter Hauge,NOR,"DF,FW",23,1999,10,147,15,4.8,1.6,0,,0,10,15,4,1.6,5,2,3,1.84,1.9,GER,2023-2024,playing_time,2026-08-06T23:02:03.548586
GER-Bundesliga,2324,Frankfurt,Jesper Lindstrøm,DEN,FW,23,2000,1,83,83,2.7,0.9,1,83,0,0,,1,3.0,1,0,1,1.08,1.08,GER,2023-2024,playing_time,2026-08-06T23:02:03.548586
GER-Bundesliga,2324,Frankfurt,Jessic Ngankam,GER,FW,23,2000,15,280,19,9.2,3.1,2,56,0,13,13,2,1.53,5,2,3,0.96,1.03,GER,2023-2024,playing_time,2026-08-06T23:02:03.548586
GER-Bundesliga,2324,Frankfurt,Junior Dina Ebimbe,CMR,MF,22,2000,31,1956,63,63.9,21.7,25,73,4,6,24,0,1.39,31,28,3,0.14,0.3,GER,2023-2024,playing_time,2026-08-06T23:02:03.548586
GER-Bundesliga,2324,Frankfurt,Kauã Santos,BRA,GK,20,2003,0,,,,,0,,0,0,,2,,,,,,,GER,2023-2024,playing_time,2026-08-06T23:02:03.548586
GER-Bundesliga,2324,Frankfurt,Kevin Trapp,GER,GK,33,1990,32,2880,90,94.1,32.0,32,90,32,0,,0,1.34,47,48,-1,-0.03,-1.03,GER,2023-2024,playing_time,2026-08-06T23:02:03.548586
GER-Bundesliga,2324,Frankfurt,Kristijan Jakić,CRO,MF,26,1997,4,200,50,6.5,2.2,1,69,0,3,44,2,1.75,2,1,1,0.45,0.45,GER,2023-2024,playing_time,2026-08-06T23:02:03.548586
GER-Bundesliga,2324,Frankfurt,Makoto Hasebe,JPN,"MF,DF",39,1984,8,218,27,7.1,2.4,2,87,1,6,7,23,1.75,3,7,-4,-1.65,-1.81,GER,2023-2024,playing_time,2026-08-06T23:02:03.548586
GER-Bundesliga,2324,Frankfurt,Mario Götze,GER,MF,31,1992,30,2068,69,67.6,23.0,23,82,7,7,25,1,1.33,32,30,2,0.09,0.18,GER,2023-2024,playing_time,2026-08-06T23:02:03.548586
GER-Bundesliga,2324,Frankfurt,Marko Mladenović,SRB,MF,18,2005,1,6,6,0.2,0.1,0,,0,1,6,0,0.0,0,0,0,0.0,-0.03,GER,2023-2024,playing_time,2026-08-06T23:02:03.548586
GER-Bundesliga,2324,Frankfurt,Nacho Ferri,ESP,FW,18,2004,8,74,9,2.4,0.8,0,,0,8,9,4,1.63,3,1,2,2.43,2.46,GER,2023-2024,playing_time,2026-08-06T23:02:03.548586
GER-Bundesliga,2324,Frankfurt,Niels Nkounkou,FRA,"MF,DF",22,2000,29,1309,45,42.8,14.5,13,77,6,16,20,2,1.24,20,18,2,0.14,0.19,GER,2023-2024,playing_time,2026-08-06T23:02:03.548586
GER-Bundesliga,2324,Frankfurt,Nnamdi Collins,GER,DF,19,2004,2,90,45,2.9,1.0,1,64,0,1,26,3,0.5,0,1,-1,-1.0,-1.06,GER,2023-2024,playing_time,2026-08-06T23:02:03.548586
GER-Bundesliga,2324,Frankfurt,Omar Marmoush,EGY,"FW,MF",24,1999,29,2301,79,75.2,25.6,27,83,15,2,26,0,1.38,43,41,2,0.08,0.2,GER,2023-2024,playing_time,2026-08-06T23:02:03.548586
GER-Bundesliga,2324,Frankfurt,Paxten Aaronson,USA,MF,19,2003,7,101,14,3.3,1.1,1,45,0,6,9,7,0.86,2,2,0,0.0,-0.03,GER,2023-2024,playing_time,2026-08-06T23:02:03.548586
GER-Bundesliga,2324,Frankfurt,Philipp Max,GER,"MF,DF",29,1993,23,1350,59,44.1,15.0,17,73,3,6,18,11,1.52,22,22,0,0.0,-0.05,GER,2023-2024,playing_time,2026-08-06T23:02:03.548586
GER-Bundesliga,2324,Frankfurt,Randal Kolo Muani,FRA,FW,24,1998,2,153,77,5.0,1.7,2,77,0,0,,0,2.0,1,1,0,0.0,-0.03,GER,2023-2024,playing_time,2026-08-06T23:02:03.548586
GER-Bundesliga,2324,Frankfurt,Robin Koch,GER,DF,27,1996,31,2738,88,89.5,30.4,31,88,29,0,,0,1.45,45,43,2,0.07,0.35,GER,2023-2024,playing_time,2026-08-06T23:02:03.548586
GER-Bundesliga,2324,Frankfurt,Saša Kalajdžić,AUT,FW,26,1997,5,325,65,10.6,3.6,5,65,1,0,,0,1.6,4,2,2,0.55,0.59,GER,2023-2024,playing_time,2026-08-06T23:02:03.548586
GER-Bundesliga,2324,Frankfurt,Sebastian Rode,GER,MF,32,1990,8,61,8,2.0,0.7,1,5,0,7,8,0,1.38,1,3,-2,-2.95,-3.04,GER,2023-2024,playing_time,2026-08-06T23:02:03.548586
GER-Bundesliga,2324,Frankfurt,Simon Simoni,ALB,GK,19,2004,0,,,,,0,,0,0,,1,,,,,,,GER,2023-2024,playing_time,2026-08-06T23:02:03.548586
GER-Bundesliga,2324,Frankfurt,Timothy Chandler,USA,"DF,MF",33,1990,6,18,3,0.6,0.2,0,,0,6,3,12,1.0,1,1,0,0.0,-0.03,GER,2023-2024,playing_time,2026-08-06T23:02:03.548586
GER-Bundesliga,2324,Frankfurt,Tuta,BRA,"DF,MF",24,1999,30,2600,87,85.0,28.9,30,87,22,0,,1,1.4,43,42,1,0.03,0.03,GER,2023-2024,playing_time,2026-08-06T23:02:03.548586
GER-Bundesliga,2324,Frankfurt,Willian Pacho,ECU,DF,21,2001,33,2970,90,97.1,33.0,33,90,33,0,,0,1.42,51,48,3,0.09,2.09,GER,2023-2024,playing_time,2026-08-06T23:02:03.548586
GER-Bundesliga,2324,Freiburg,Attila Szalai,HUN,"DF,MF",25,1998,3,103,34,3.4,1.1,0,,0,3,34,12,1.0,0,3,-3,-2.62,-2.32,GER,2023-2024,playing_time,2026-08-06T23:02:03.548586
GER-Bundesliga,2324,Freiburg,Christian Günter,GER,"MF,DF",30,1993,15,1060,71,34.6,11.8,13,79,4,2,15,1,1.07,17,17,0,0.0,0.59,GER,2023-2024,playing_time,2026-08-06T23:02:03.548586
GER-Bundesliga,2324,Freiburg,Fabian Rüdlin,GER,MF,26,1997,1,7,7,0.2,0.1,0,,0,1,7,7,0.0,0,1,-1,-12.86,-12.5,GER,2023-2024,playing_time,2026-08-06T23:02:03.548586
GER-Bundesliga,2324,Freiburg,Florent Muslija,KVX,"FW,MF",25,1998,10,105,11,3.4,1.2,0,,0,10,11,6,1.1,3,2,1,0.86,1.28,GER,2023-2024,playing_time,2026-08-06T23:02:03.548586
GER-Bundesliga,2324,Freiburg,Florian Müller,GER,GK,25,1997,0,,,,,0,,0,0,,34,,,,,,,GER,2023-2024,playing_time,2026-08-06T23:02:03.548586
GER-Bundesliga,2324,Freiburg,Jordy Makengo,FRA,"DF,MF",21,2001,20,1026,51,33.5,11.4,10,82,5,10,21,7,1.25,13,17,-4,-0.35,0.05,GER,2023-2024,playing_time,2026-08-06T23:02:03.548586
GER-Bundesliga,2324,Freiburg,Junior Adamu,AUT,FW,22,2001,15,105,7,3.4,1.2,0,,0,15,7,13,1.47,0,4,-4,-3.43,-3.15,GER,2023-2024,playing_time,2026-08-06T23:02:03.548586
GER-Bundesliga,2324,Freiburg,Kenneth Schmidt,GER,DF,21,2002,5,68,14,2.2,0.8,0,,0,5,14,7,0.8,1,4,-3,-3.97,-3.67,GER,2023-2024,playing_time,2026-08-06T23:02:03.548586
GER-Bundesliga,2324,Freiburg,Keven Schlotterbeck,GER,DF,26,1997,0,,,,,0,,0,0,,1,,,,,,,GER,2023-2024,playing_time,2026-08-06T23:02:03.548586
GER-Bundesliga,2324,Freiburg,Kiliann Sildillia,FRA,DF,21,2002,27,1806,67,59.0,20.1,20,86,17,7,13,4,1.33,26,33,-7,-0.35,0.08,GER,2023-2024,playing_time,2026-08-06T23:02:03.548586
GER-Bundesliga,2324,Freiburg,Lucas Höler,GER,"FW,MF",29,1994,33,2305,70,75.3,25.6,26,83,10,7,21,0,1.18,31,50,-19,-0.74,-1.46,GER,2023-2024,playing_time,2026-08-06T23:02:03.548586
GER-Bundesliga,2324,Freiburg,Lukas Kübler,GER,DF,30,1992,26,1847,71,60.4,20.5,22,81,14,4,14,3,1.27,25,37,-12,-0.58,-0.51,GER,2023-2024,playing_time,2026-08-06T23:02:03.548586
GER-Bundesliga,2324,Freiburg,Manuel Gulde,GER,DF,32,1991,27,2047,76,66.9,22.7,23,85,18,4,25,5,1.26,33,40,-7,-0.31,0.23,GER,2023-2024,playing_time,2026-08-06T23:02:03.548586
GER-Bundesliga,2324,Freiburg,Matthias Ginter,GER,DF,29,1994,23,1913,83,62.5,21.3,22,85,18,1,54,0,1.39,30,39,-9,-0.42,-0.11,GER,2023-2024,playing_time,2026-08-06T23:02:03.548586
GER-Bundesliga,2324,Freiburg,Max Rosenfelder,GER,DF,20,2003,0,,,,,0,,0,0,,1,,,,,,,GER,2023-2024,playing_time,2026-08-06T23:02:03.548586
GER-Bundesliga,2324,Freiburg,Maximilian Breunig,GER,FW,22,2000,2,9,5,0.3,0.1,0,,0,2,5,6,1.5,0,1,-1,-10.0,-9.65,GER,2023-2024,playing_time,2026-08-06T23:02:03.548586
GER-Bundesliga,2324,Freiburg,Maximilian Eggestein,GER,MF,26,1996,33,2914,88,95.2,32.4,33,88,28,0,,0,1.27,41,53,-12,-0.37,0.25,GER,2023-2024,playing_time,2026-08-06T23:02:03.548586
GER-Bundesliga,2324,Freiburg,Maximilian Philipp,GER,FW,29,1994,17,323,19,10.6,3.6,1,72,0,16,16,7,0.88,7,7,0,0.0,0.43,GER,2023-2024,playing_time,2026-08-06T23:02:03.548586
GER-Bundesliga,2324,Freiburg,Merlin Röhl,GER,"MF,FW",21,2002,24,1477,62,48.3,16.4,17,74,3,7,31,3,1.29,21,29,-8,-0.49,-0.2,GER,2023-2024,playing_time,2026-08-06T23:02:03.548586
GER-Bundesliga,2324,Freiburg,Michael Gregoritsch,AUT,FW,29,1994,32,1682,53,55.0,18.7,19,75,6,13,20,0,1.28,29,25,4,0.21,1.32,GER,2023-2024,playing_time,2026-08-06T23:02:03.548586
GER-Bundesliga,2324,Freiburg,Mika Baur,GER,MF,19,2004,0,,,,,0,,0,0,,4,,,,,,,GER,2023-2024,playing_time,2026-08-06T23:02:03.548586
GER-Bundesliga,2324,Freiburg,Nicolas Höfler,GER,MF,33,1990,28,2330,83,76.1,25.9,26,89,22,2,13,0,1.18,37,46,-9,-0.35,0.15,GER,2023-2024,playing_time,2026-08-06T23:02:03.548586
GER-Bundesliga,2324,Freiburg,Noah Atubolu,GER,GK,21,2002,34,3060,90,100.0,34.0,34,90,34,0,,0,1.24,45,58,-13,-0.38,,GER,2023-2024,playing_time,2026-08-06T23:02:03.548586
GER-Bundesliga,2324,Freiburg,Noah Weißhaupt,GER,MF,21,2001,24,759,32,24.8,8.4,6,82,3,18,15,3,1.04,13,15,-2,-0.24,0.19,GER,2023-2024,playing_time,2026-08-06T23:02:03.548586
GER-Bundesliga,2324,Freiburg,Philipp Lienhart,AUT,DF,27,1996,15,1265,84,41.3,14.1,14,88,13,1,29,1,1.4,17,23,-6,-0.43,-0.08,GER,2023-2024,playing_time,2026-08-06T23:02:03.548586
GER-Bundesliga,2324,Freiburg,Ritsu Doan,JPN,MF,25,1998,30,2246,75,73.4,25.0,26,83,13,4,24,0,1.27,32,39,-7,-0.28,0.38,GER,2023-2024,playing_time,2026-08-06T23:02:03.548586
GER-Bundesliga,2324,Freiburg,Roland Sallai,HUN,"MF,FW",26,1997,27,1840,68,60.1,20.4,22,79,5,5,21,0,1.33,26,35,-9,-0.44,-0.15,GER,2023-2024,playing_time,2026-08-06T23:02:03.548586
GER-Bundesliga,2324,Freiburg,Ryan Johansson,IRL,MF,22,2001,0,,,,,0,,0,0,,2,,,,,,,GER,2023-2024,playing_time,2026-08-06T23:02:03.548586
GER-Bundesliga,2324,Freiburg,Vincenzo Grifo,ITA,MF,30,1993,32,2325,73,76.0,25.8,29,76,6,3,41,2,1.22,32,42,-10,-0.39,-0.02,GER,2023-2024,playing_time,2026-08-06T23:02:03.548586
GER-Bundesliga,2324,Freiburg,Yannik Keitel,GER,"DF,MF",23,2000,15,920,61,30.1,10.2,11,80,7,4,9,10,1.53,13,13,0,0.0,0.55,GER,2023-2024,playing_time,2026-08-06T23:02:03.548586
GER-Bundesliga,2324,Gladbach,Alassane Pléa,FRA,"FW,MF",30,1993,27,1913,71,62.5,21.3,24,75,5,3,34,0,1.0,37,41,-4,-0.19,0.36,GER,2023-2024,playing_time,2026-08-06T23:02:03.548586
GER-Bundesliga,2324,Gladbach,Christoph Kramer,GER,MF,32,1991,14,249,18,8.1,2.8,1,58,0,13,15,6,1.47,3,10,-7,-2.53,-2.4,GER,2023-2024,playing_time,2026-08-06T23:02:03.548586
GER-Bundesliga,2324,Gladbach,Fabio Chiarodia,ITA,DF,18,2005,7,152,22,5.0,1.7,1,79,0,6,12,17,1.57,2,5,-3,-1.78,-1.53,GER,2023-2024,playing_time,2026-08-06T23:02:03.548586
GER-Bundesliga,2324,Gladbach,Florian Neuhaus,GER,MF,26,1997,25,1224,49,40.0,13.6,15,71,2,10,16,7,1.04,22,24,-2,-0.15,0.29,GER,2023-2024,playing_time,2026-08-06T23:02:03.548586
GER-Bundesliga,2324,Gladbach,Franck Honorat,FRA,"MF,FW",26,1996,32,2345,73,76.6,26.1,28,81,10,4,16,0,1.06,48,50,-2,-0.08,1.06,GER,2023-2024,playing_time,2026-08-06T23:02:03.548586
GER-Bundesliga,2324,Gladbach,Grant Ranos,ARM,FW,20,2003,9,49,5,1.6,0.5,0,,0,9,5,11,1.0,1,0,1,1.84,2.2,GER,2023-2024,playing_time,2026-08-06T23:02:03.548586
GER-Bundesliga,2324,Gladbach,Jan Olschowsky,GER,GK,21,2001,0,,,,,0,,0,0,,23,,,,,,,GER,2023-2024,playing_time,2026-08-06T23:02:03.548586
GER-Bundesliga,2324,Gladbach,Joe Scally,USA,"DF,MF",20,2002,31,2236,72,73.1,24.8,25,85,19,6,20,3,1.06,42,50,-8,-0.32,0.01,GER,2023-2024,playing_time,2026-08-06T23:02:03.548586
GER-Bundesliga,2324,Gladbach,Jonas Omlin,SUI,GK,29,1994,7,630,90,20.6,7.0,7,90,7,0,,1,0.71,9,18,-9,-1.29,-1.21,GER,2023-2024,playing_time,2026-08-06T23:02:03.548586
GER-Bundesliga,2324,Gladbach,Jordan Pefok,USA,FW,27,1996,25,1420,57,46.4,15.8,18,74,6,7,14,1,1.0,27,31,-4,-0.25,0.13,GER,2023-2024,playing_time,2026-08-06T23:02:03.548586
GER-Bundesliga,2324,Gladbach,Julian Weigl,GER,MF,27,1995,31,2764,89,90.3,30.7,31,89,29,0,,0,0.97,53,63,-10,-0.33,-0.02,GER,2023-2024,playing_time,2026-08-06T23:02:03.548586
GER-Bundesliga,2324,Gladbach,Ko Itakura,JPN,"DF,MF",26,1997,20,1596,80,52.2,17.7,18,87,13,2,20,0,0.8,23,35,-12,-0.68,-0.74,GER,2023-2024,playing_time,2026-08-06T23:02:03.548586
GER-Bundesliga,2324,Gladbach,Luca Netz,GER,"MF,DF",20,2003,30,2225,74,72.7,24.7,25,82,14,5,33,1,1.0,40,42,-2,-0.08,0.89,GER,2023-2024,playing_time,2026-08-06T23:02:03.548586
GER-Bundesliga,2324,Gladbach,Lukas Ullrich,GER,DF,19,2004,4,47,12,1.5,0.5,0,,0,4,12,2,0.0,0,3,-3,-5.74,-5.51,GER,2023-2024,playing_time,2026-08-06T23:02:03.548586
GER-Bundesliga,2324,Gladbach,Manu Koné,FRA,MF,22,2001,22,1561,71,51.0,17.3,18,83,7,4,19,1,1.0,25,30,-5,-0.29,0.07,GER,2023-2024,playing_time,2026-08-06T23:02:03.548586
GER-Bundesliga,2324,Gladbach,Marvin Friedrich,GER,DF,27,1995,24,1566,65,51.2,17.4,17,85,14,7,17,9,0.96,23,39,-16,-0.92,-1.22,GER,2023-2024,playing_time,2026-08-06T23:02:03.548586
GER-Bundesliga,2324,Gladbach,Maximilian Wöber,AUT,DF,25,1998,25,2066,83,67.5,23.0,24,85,17,1,21,0,0.96,45,46,-1,-0.04,0.86,GER,2023-2024,playing_time,2026-08-06T23:02:03.548586
GER-Bundesliga,2324,Gladbach,Moritz Nicolas,GER,GK,25,1997,27,2430,90,79.4,27.0,27,90,27,0,,7,1.07,47,49,-2,-0.07,1.21,GER,2023-2024,playing_time,2026-08-06T23:02:03.548586
GER-Bundesliga,2324,Gladbach,Nathan N'Goumou,CMR,"MF,FW",23,2000,32,1385,43,45.3,15.4,14,70,0,18,23,2,0.94,27,31,-4,-0.26,0.12,GER,2023-2024,playing_time,2026-08-06T23:02:03.548586
GER-Bundesliga,2324,Gladbach,Nico Elvedi,SUI,DF,26,1996,30,2482,83,81.1,27.6,28,87,24,2,27,1,1.0,44,48,-4,-0.15,0.94,GER,2023-2024,playing_time,2026-08-06T23:02:03.548586
GER-Bundesliga,2324,Gladbach,Patrick Herrmann,GER,"FW,MF",32,1991,8,86,11,2.8,1.0,0,,0,8,11,21,1.38,2,2,0,0.0,0.33,GER,2023-2024,playing_time,2026-08-06T23:02:03.548586
GER-Bundesliga,2324,Gladbach,Robin Hack,GER,"FW,MF",24,1998,29,1348,46,44.1,15.0,14,75,3,15,20,3,0.97,22,26,-4,-0.27,0.1,GER,2023-2024,playing_time,2026-08-06T23:02:03.548586
GER-Bundesliga,2324,Gladbach,Rocco Reitz,GER,MF,21,2002,34,2136,63,69.8,23.7,24,80,7,10,21,0,1.0,39,45,-6,-0.25,0.23,GER,2023-2024,playing_time,2026-08-06T23:02:03.548586
GER-Bundesliga,2324,Gladbach,Shiō Fukuda,JPN,FW,19,2004,5,36,7,1.2,0.4,0,,0,5,7,1,0.2,0,2,-2,-5.0,-4.73,GER,2023-2024,playing_time,2026-08-06T23:02:03.548586
GER-Bundesliga,2324,Gladbach,Simon Walde,GER,DF,18,2005,0,,,,,0,,0,0,,3,,,,,,,GER,2023-2024,playing_time,2026-08-06T23:02:03.548586
GER-Bundesliga,2324,Gladbach,Stefan Lainer,AUT,"MF,DF",30,1992,15,751,50,24.5,8.3,8,73,2,7,24,2,0.8,13,18,-5,-0.6,-0.37,GER,2023-2024,playing_time,2026-08-06T23:02:03.548586
GER-Bundesliga,2324,Gladbach,Tobias Sippel,GER,GK,35,1988,0,,,,,0,,0,0,,4,,,,,,,GER,2023-2024,playing_time,2026-08-06T23:02:03.548586
GER-Bundesliga,2324,Gladbach,Tomáš Čvančara,CZE,"FW,MF",22,2000,21,896,43,29.3,10.0,7,75,1,14,27,0,0.9,19,23,-4,-0.4,-0.11,GER,2023-2024,playing_time,2026-08-06T23:02:03.548586
GER-Bundesliga,2324,Gladbach,Tony Jantschke,GER,"DF,MF",33,1990,4,27,7,0.9,0.3,0,,0,4,7,8,1.75,1,1,0,0.0,0.33,GER,2023-2024,playing_time,2026-08-06T23:02:03.548586
GER-Bundesliga,2324,Gladbach,Yvandro Borges Sanches,LUX,MF,19,2004,3,18,6,0.6,0.2,0,,0,3,6,4,0.67,1,0,1,5.0,5.36,GER,2023-2024,playing_time,2026-08-06T23:02:03.548586
GER-Bundesliga,2324,Heidenheim,Adrian Beck,GER,MF,26,1997,23,974,42,31.8,10.8,11,61,1,12,26,5,1.13,16,20,-4,-0.37,-0.33,GER,2023-2024,playing_time,2026-08-06T23:02:03.548586
GER-Bundesliga,2324,Heidenheim,Benedikt Gimber,GER,DF,26,1997,24,2021,84,66.0,22.5,24,84,18,0,,5,1.42,31,30,1,0.04,0.56,GER,2023-2024,playing_time,2026-08-06T23:02:03.548586
GER-Bundesliga,2324,Heidenheim,Christian Kühlwetter,GER,"FW,MF",27,1996,1,8,8,0.3,0.1,0,,0,1,8,8,3.0,1,0,1,11.25,11.43,GER,2023-2024,playing_time,2026-08-06T23:02:03.548586
GER-Bundesliga,2324,Heidenheim,Denis Thomalla,GER,MF,30,1992,21,446,21,14.6,5.0,3,68,0,18,13,5,1.24,9,10,-1,-0.2,-0.06,GER,2023-2024,playing_time,2026-08-06T23:02:03.548586
GER-Bundesliga,2324,Heidenheim,Eren Dinkçi,GER,MF,21,2001,33,2650,80,86.6,29.4,33,80,7,0,,0,1.27,43,46,-3,-0.1,0.34,GER,2023-2024,playing_time,2026-08-06T23:02:03.548586
GER-Bundesliga,2324,Heidenheim,Florian Pick,GER,MF,27,1995,22,327,15,10.7,3.6,1,90,1,21,11,12,1.14,2,8,-6,-1.65,-1.68,GER,2023-2024,playing_time,2026-08-06T23:02:03.548586
GER-Bundesliga,2324,Heidenheim,Frank Feller,GER,GK,19,2004,0,,,,,0,,0,0,,1,,,,,,,GER,2023-2024,playing_time,2026-08-06T23:02:03.548586
GER-Bundesliga,2324,Heidenheim,Jan Schöppner,GER,MF,24,1999,26,1998,77,65.3,22.2,23,84,16,3,21,8,1.31,31,32,-1,-0.05,0.29,GER,2023-2024,playing_time,2026-08-06T23:02:03.548586
GER-Bundesliga,2324,Heidenheim,Jan-Niklas Beste,GER,MF,24,1999,31,2603,84,85.1,28.9,31,84,5,0,,0,1.26,43,47,-4,-0.14,0.06,GER,2023-2024,playing_time,2026-08-06T23:02:03.548586
GER-Bundesliga,2324,Heidenheim,Jonas Föhrenbach,GER,DF,27,1996,33,2788,84,91.1,31.0,32,87,28,1,9,0,1.24,44,53,-9,-0.29,-1.61,GER,2023-2024,playing_time,2026-08-06T23:02:03.548586
GER-Bundesliga,2324,Heidenheim,Kevin Müller,GER,GK,32,1991,34,3060,90,100.0,34.0,34,90,34,0,,0,1.24,50,55,-5,-0.15,,GER,2023-2024,playing_time,2026-08-06T23:02:03.548586
GER-Bundesliga,2324,Heidenheim,Kevin Sessa,GER,MF,23,2000,30,1011,34,33.0,11.2,7,70,0,23,23,2,1.27,21,14,7,0.62,1.15,GER,2023-2024,playing_time,2026-08-06T23:02:03.548586
GER-Bundesliga,2324,Heidenheim,Lennard Maloney,USA,MF,23,1999,29,2284,79,74.6,25.4,27,84,17,2,13,0,1.28,35,44,-9,-0.35,-0.82,GER,2023-2024,playing_time,2026-08-06T23:02:03.548586
GER-Bundesliga,2324,Heidenheim,Luka Janes,GER,MF,19,2004,0,,,,,0,,0,0,,5,,,,,,,GER,2023-2024,playing_time,2026-08-06T23:02:03.548586
GER-Bundesliga,2324,Heidenheim,Marnon Busch,GER,DF,28,1994,16,595,37,19.4,6.6,5,67,2,11,23,5,1.0,8,11,-3,-0.45,-0.38,GER,2023-2024,playing_time,2026-08-06T23:02:03.548586
GER-Bundesliga,2324,Heidenheim,Marvin Pieringer,GER,"FW,MF",23,1999,31,1513,49,49.4,16.8,18,67,1,13,24,0,1.23,27,22,5,0.3,0.88,GER,2023-2024,playing_time,2026-08-06T23:02:03.548586
GER-Bundesliga,2324,Heidenheim,Nikola Dovedan,AUT,MF,29,1994,21,656,31,21.4,7.3,5,62,0,16,22,9,0.86,12,11,1,0.14,0.36,GER,2023-2024,playing_time,2026-08-06T23:02:03.548586
GER-Bundesliga,2324,Heidenheim,Norman Theuerkauf,GER,"MF,DF",36,1987,25,1259,50,41.1,14.0,14,74,4,11,20,8,1.4,20,21,-1,-0.07,0.13,GER,2023-2024,playing_time,2026-08-06T23:02:03.548586
GER-Bundesliga,2324,Heidenheim,Omar Traoré,GER,DF,25,1998,31,2472,80,80.8,27.5,29,83,19,2,38,1,1.13,43,46,-3,-0.11,0.2,GER,2023-2024,playing_time,2026-08-06T23:02:03.548586
GER-Bundesliga,2324,Heidenheim,Patrick Mainka,GER,DF,28,1994,34,3060,90,100.0,34.0,34,90,34,0,,0,1.24,50,55,-5,-0.15,,GER,2023-2024,playing_time,2026-08-06T23:02:03.548586
GER-Bundesliga,2324,Heidenheim,Seedy Jarju,GAM,DF,18,2004,0,,,,,0,,0,0,,1,,,,,,,GER,2023-2024,playing_time,2026-08-06T23:02:03.548586
GER-Bundesliga,2324,Heidenheim,Stefan Schimmer,GER,FW,29,1994,16,153,10,5.0,1.7,0,,0,16,10,18,0.81,2,3,-1,-0.59,-0.46,GER,2023-2024,playing_time,2026-08-06T23:02:03.548586
GER-Bundesliga,2324,Heidenheim,Thomas Keller,GER,"DF,MF",23,1999,2,2,1,0.1,0.0,0,,0,2,1,4,3.0,0,0,0,0.0,0.15,GER,2023-2024,playing_time,2026-08-06T23:02:03.548586
GER-Bundesliga,2324,Heidenheim,Tim Kleindienst,GER,FW,27,1995,33,2869,87,93.8,31.9,33,87,23,0,,0,1.24,49,53,-4,-0.13,0.35,GER,2023-2024,playing_time,2026-08-06T23:02:03.548586
GER-Bundesliga,2324,Heidenheim,Tim Siersleben,GER,DF,23,2000,14,910,65,29.7,10.1,10,86,9,4,14,19,1.14,13,23,-10,-0.99,-1.2,GER,2023-2024,playing_time,2026-08-06T23:02:03.548586
GER-Bundesliga,2324,Heidenheim,Vitus Eicher,GER,GK,32,1990,0,,,,,0,,0,0,,33,,,,,,,GER,2023-2024,playing_time,2026-08-06T23:02:03.548586
GER-Bundesliga,2324,Hoffenheim,Andrej Kramarić,CRO,"MF,FW",32,1991,30,2199,73,71.9,24.4,25,83,12,5,23,1,1.23,52,44,8,0.33,1.16,GER,2023-2024,playing_time,2026-08-06T23:02:03.548586
GER-Bundesliga,2324,Hoffenheim,Angelo Stiller,GER,MF,22,2001,1,84,84,2.7,0.9,1,84,0,0,,0,0.0,1,2,-1,-1.07,-1.1,GER,2023-2024,playing_time,2026-08-06T23:02:03.548586
GER-Bundesliga,2324,Hoffenheim,Anton Stach,GER,MF,24,1998,31,2321,75,75.8,25.8,26,83,16,5,33,0,1.29,47,55,-8,-0.31,-1.28,GER,2023-2024,playing_time,2026-08-06T23:02:03.548586
GER-Bundesliga,2324,Hoffenheim,Attila Szalai,HUN,DF,25,1998,4,288,72,9.4,3.2,4,72,2,0,,14,1.5,7,7,0,0.0,0.0,GER,2023-2024,playing_time,2026-08-06T23:02:03.548586
GER-Bundesliga,2324,Hoffenheim,Bambasé Conté,GER,MF,20,2003,7,48,7,1.6,0.5,0,,0,7,7,5,0.57,1,1,0,0.0,0.0,GER,2023-2024,playing_time,2026-08-06T23:02:03.548586
GER-Bundesliga,2324,Hoffenheim,David Jurásek,CZE,"MF,DF",22,2000,13,496,38,16.2,5.5,4,75,2,9,22,3,1.31,13,8,5,0.91,1.08,GER,2023-2024,playing_time,2026-08-06T23:02:03.548586
GER-Bundesliga,2324,Hoffenheim,Dennis Geiger,GER,MF,25,1998,3,64,21,2.1,0.7,0,,0,3,21,1,2.0,0,2,-2,-2.81,-2.87,GER,2023-2024,playing_time,2026-08-06T23:02:03.548586
GER-Bundesliga,2324,Hoffenheim,Diadie Samassékou,MLI,MF,27,1996,1,1,1,0.0,0.0,0,,0,1,1,10,3.0,0,0,0,0.0,0.0,GER,2023-2024,playing_time,2026-08-06T23:02:03.548586
GER-Bundesliga,2324,Hoffenheim,Finn Ole Becker,GER,MF,23,2000,22,606,28,19.8,6.7,5,70,0,17,15,10,1.5,14,18,-4,-0.59,-0.74,GER,2023-2024,playing_time,2026-08-06T23:02:03.548586
GER-Bundesliga,2324,Hoffenheim,Florian Grillitsch,AUT,"DF,MF",27,1995,30,2295,77,75.0,25.5,25,86,20,5,30,0,1.37,50,53,-3,-0.12,-0.47,GER,2023-2024,playing_time,2026-08-06T23:02:03.548586
GER-Bundesliga,2324,Hoffenheim,Grischa Prömel,GER,MF,28,1995,28,2139,76,69.9,23.8,27,78,15,1,33,0,1.43,45,44,1,0.04,0.14,GER,2023-2024,playing_time,2026-08-06T23:02:03.548586
GER-Bundesliga,2324,Hoffenheim,Ihlas Bebou,TOG,"FW,MF",29,1994,32,1636,51,53.5,18.2,16,82,6,16,20,2,1.34,36,37,-1,-0.06,-0.12,GER,2023-2024,playing_time,2026-08-06T23:02:03.548586
GER-Bundesliga,2324,Hoffenheim,John Brooks,USA,DF,30,1993,21,1539,73,50.3,17.1,18,81,14,3,26,10,1.76,36,32,4,0.23,0.47,GER,2023-2024,playing_time,2026-08-06T23:02:03.548586
GER-Bundesliga,2324,Hoffenheim,Joshua Quarshie,GER,DF,19,2004,0,,,,,0,,0,0,,1,,,,,,,GER,2023-2024,playing_time,2026-08-06T23:02:03.548586
GER-Bundesliga,2324,Hoffenheim,Julian Justvan,GER,"FW,MF",25,1998,4,49,12,1.6,0.5,0,,0,4,12,2,0.5,0,1,-1,-1.84,-1.87,GER,2023-2024,playing_time,2026-08-06T23:02:03.548586
GER-Bundesliga,2324,Hoffenheim,Kasim Nuhu,GHA,DF,28,1995,1,5,5,0.2,0.1,0,,0,1,5,7,0.0,0,0,0,0.0,0.0,GER,2023-2024,playing_time,2026-08-06T23:02:03.548586
GER-Bundesliga,2324,Hoffenheim,Kevin Akpoguma,NGA,DF,28,1995,17,1097,65,35.8,12.2,11,86,9,6,26,11,1.35,26,21,5,0.41,0.64,GER,2023-2024,playing_time,2026-08-06T23:02:03.548586
GER-Bundesliga,2324,Hoffenheim,Kevin Vogt,GER,DF,31,1991,16,1319,82,43.1,14.7,14,88,13,2,42,0,1.5,32,27,5,0.34,0.6,GER,2023-2024,playing_time,2026-08-06T23:02:03.548586
GER-Bundesliga,2324,Hoffenheim,Luca Philipp,GER,GK,22,2000,0,,,0.0,0.0,0,,0,0,,26,0.0,2,3,-1,,,GER,2023-2024,playing_time,2026-08-06T23:02:03.548586
GER-Bundesliga,2324,Hoffenheim,Marius Bülter,GER,MF,30,1993,30,1351,45,44.2,15.0,15,71,5,15,19,1,1.4,27,30,-3,-0.2,-0.36,GER,2023-2024,playing_time,2026-08-06T23:02:03.548586
GER-Bundesliga,2324,Hoffenheim,Max Moerstedt,GER,FW,17,2006,1,12,12,0.4,0.1,0,,0,1,12,3,1.0,1,0,1,7.5,7.53,GER,2023-2024,playing_time,2026-08-06T23:02:03.548586
GER-Bundesliga,2324,Hoffenheim,Maximilian Beier,GER,"FW,MF",20,2002,33,2420,73,79.1,26.9,29,81,9,4,19,0,1.3,51,51,0,0.0,0.0,GER,2023-2024,playing_time,2026-08-06T23:02:03.548586
GER-Bundesliga,2324,Hoffenheim,Mergim Berisha,GER,FW,25,1998,6,144,24,4.7,1.6,0,,0,6,24,2,1.5,1,2,-1,-0.62,-0.66,GER,2023-2024,playing_time,2026-08-06T23:02:03.548586
GER-Bundesliga,2324,Hoffenheim,Nahuel Noll,GER,GK,20,2003,0,,,,,0,,0,0,,7,,,,,,,GER,2023-2024,playing_time,2026-08-06T23:02:03.548586
GER-Bundesliga,2324,Hoffenheim,Oliver Baumann,GER,GK,33,1990,34,3060,90,100.0,34.0,34,90,34,0,,0,1.35,66,66,0,0.0,,GER,2023-2024,playing_time,2026-08-06T23:02:03.548586
GER-Bundesliga,2324,Hoffenheim,Ozan Kabak,TUR,DF,23,2000,28,2282,82,74.6,25.4,28,82,17,0,,1,1.29,46,52,-6,-0.24,-0.93,GER,2023-2024,playing_time,2026-08-06T23:02:03.548586
GER-Bundesliga,2324,Hoffenheim,Pavel Kadeřábek,CZE,"MF,DF",31,1992,29,2412,83,78.8,26.8,28,85,18,1,45,0,1.45,55,49,6,0.22,1.06,GER,2023-2024,playing_time,2026-08-06T23:02:03.548586
GER-Bundesliga,2324,Hoffenheim,Robert Skov,DEN,MF,27,1996,25,1260,50,41.2,14.0,14,70,2,11,26,6,1.28,28,32,-4,-0.29,-0.49,GER,2023-2024,playing_time,2026-08-06T23:02:03.548586
GER-Bundesliga,2324,Hoffenheim,Stanley N'Soki,FRA,"DF,MF",24,1999,11,631,57,20.6,7.0,7,78,4,4,21,3,0.82,7,14,-7,-1.0,-1.26,GER,2023-2024,playing_time,2026-08-06T23:02:03.548586
GER-Bundesliga,2324,Hoffenheim,Tim Drexler,GER,DF,18,2005,8,573,72,18.7,6.4,6,85,5,2,32,3,1.13,12,14,-2,-0.31,-0.39,GER,2023-2024,playing_time,2026-08-06T23:02:03.548586
GER-Bundesliga,2324,Hoffenheim,Tom Bischof,GER,MF,18,2005,13,178,14,5.8,2.0,1,77,0,12,8,15,1.08,9,4,5,2.53,2.68,GER,2023-2024,playing_time,2026-08-06T23:02:03.548586
GER-Bundesliga,2324,Hoffenheim,Umut Tohumcu,GER,MF,18,2004,20,1011,51,33.0,11.2,12,67,2,8,26,6,1.4,22,17,5,0.45,0.66,GER,2023-2024,playing_time,2026-08-06T23:02:03.548586
GER-Bundesliga,2324,Hoffenheim,Wout Weghorst,NED,FW,30,1992,28,1977,71,64.6,22.0,24,79,12,4,20,1,1.57,40,37,3,0.14,0.39,GER,2023-2024,playing_time,2026-08-06T23:02:03.548586
GER-Bundesliga,2324,Köln,Benno Schmitz,GER,DF,28,1994,22,1155,53,37.7,12.8,13,80,7,9,13,8,0.73,12,19,-7,-0.55,0.64,GER,2023-2024,playing_time,2026-08-06T23:02:03.548586
GER-Bundesliga,2324,Köln,Damion Downs,USA,FW,19,2004,10,181,18,5.9,2.0,0,,0,10,18,2,0.6,5,4,1,0.5,1.53,GER,2023-2024,playing_time,2026-08-06T23:02:03.548586
GER-Bundesliga,2324,Köln,Davie Selke,GER,FW,28,1995,19,1265,67,41.3,14.1,16,75,5,3,20,1,0.74,9,24,-15,-1.07,-0.21,GER,2023-2024,playing_time,2026-08-06T23:02:03.548586
GER-Bundesliga,2324,Köln,Dejan Ljubičić,AUT,MF,25,1997,26,2048,79,66.9,22.8,24,83,15,2,23,0,0.73,17,40,-23,-1.01,-0.21,GER,2023-2024,playing_time,2026-08-06T23:02:03.548586
GER-Bundesliga,2324,Köln,Denis Huseinbasic,BIH,MF,22,2001,26,1627,63,53.2,18.1,18,83,10,8,18,6,0.77,18,36,-18,-1.0,-0.12,GER,2023-2024,playing_time,2026-08-06T23:02:03.548586
GER-Bundesliga,2324,Köln,Dimitris Limnios,GRE,"FW,MF",25,1998,0,,,,,0,,0,0,,4,,,,,,,GER,2023-2024,playing_time,2026-08-06T23:02:03.548586
GER-Bundesliga,2324,Köln,Dominique Heintz,GER,DF,29,1993,12,568,47,18.6,6.3,6,76,3,6,19,19,1.17,5,9,-4,-0.63,0.38,GER,2023-2024,playing_time,2026-08-06T23:02:03.548586
GER-Bundesliga,2324,Köln,Elias Bakatukanda,GER,DF,19,2004,0,,,,,0,,0,0,,3,,,,,,,GER,2023-2024,playing_time,2026-08-06T23:02:03.548586
GER-Bundesliga,2324,Köln,Eric Martel,GER,MF,21,2002,30,2457,82,80.3,27.3,29,84,20,1,25,0,0.9,21,46,-25,-0.92,0.13,GER,2023-2024,playing_time,2026-08-06T23:02:03.548586
GER-Bundesliga,2324,Köln,Faride Alidou,GER,"MF,FW",22,2001,26,1282,49,41.9,14.2,14,69,0,12,27,2,0.85,12,27,-15,-1.05,-0.19,GER,2023-2024,playing_time,2026-08-06T23:02:03.548586
GER-Bundesliga,2324,Köln,Florian Dietz,GER,FW,24,1998,5,70,14,2.3,0.8,0,,0,5,14,5,0.4,0,2,-2,-2.57,-1.67,GER,2023-2024,playing_time,2026-08-06T23:02:03.548586
GER-Bundesliga,2324,Köln,Florian Kainz,AUT,MF,30,1992,33,2197,67,71.8,24.4,29,73,7,4,22,1,0.82,22,41,-19,-0.78,0.58,GER,2023-2024,playing_time,2026-08-06T23:02:03.548586
GER-Bundesliga,2324,Köln,Jacob Christensen,DEN,MF,22,2001,7,219,31,7.2,2.4,2,85,1,5,10,14,0.57,0,5,-5,-2.05,-1.2,GER,2023-2024,playing_time,2026-08-06T23:02:03.548586
GER-Bundesliga,2324,Köln,Jan Thielmann,GER,"FW,MF",21,2002,22,1579,72,51.6,17.5,20,76,7,2,29,1,0.86,8,18,-10,-0.57,0.77,GER,2023-2024,playing_time,2026-08-06T23:02:03.548586
GER-Bundesliga,2324,Köln,Julian Chabot,GER,DF,25,1998,32,2703,84,88.3,30.0,32,84,27,0,,0,0.84,28,52,-24,-0.8,1.22,GER,2023-2024,playing_time,2026-08-06T23:02:03.548586
GER-Bundesliga,2324,Köln,Justin Diehl,GER,MF,18,2004,7,168,24,5.5,1.9,1,59,0,6,18,0,0.57,0,3,-3,-1.61,-0.7,GER,2023-2024,playing_time,2026-08-06T23:02:03.548586
GER-Bundesliga,2324,Köln,Kristian Pedersen,DEN,"DF,MF",28,1994,0,,,,,0,,0,0,,1,,,,,,,GER,2023-2024,playing_time,2026-08-06T23:02:03.548586
GER-Bundesliga,2324,Köln,Leart Paqarada,KVX,DF,28,1994,17,1075,63,35.1,11.9,11,85,9,6,24,8,0.47,11,31,-20,-1.67,-1.13,GER,2023-2024,playing_time,2026-08-06T23:02:03.548586
GER-Bundesliga,2324,Köln,Linton Maina,GER,MF,24,1999,31,1901,61,62.1,21.1,21,75,5,10,32,0,0.87,18,35,-17,-0.8,0.36,GER,2023-2024,playing_time,2026-08-06T23:02:03.548586
GER-Bundesliga,2324,Köln,Luca Kilian,GER,DF,23,1999,13,635,49,20.8,7.1,6,80,4,7,22,12,0.77,4,14,-10,-1.42,-0.6,GER,2023-2024,playing_time,2026-08-06T23:02:03.548586
GER-Bundesliga,2324,Köln,Luca Waldschmidt,GER,MF,27,1996,22,1146,52,37.5,12.7,14,68,2,8,25,0,0.86,11,19,-8,-0.63,0.5,GER,2023-2024,playing_time,2026-08-06T23:02:03.548586
GER-Bundesliga,2324,Köln,Mark Uth,GER,"MF,FW",31,1991,11,373,34,12.2,4.1,3,65,0,8,22,2,0.91,6,9,-3,-0.72,0.25,GER,2023-2024,playing_time,2026-08-06T23:02:03.548586
GER-Bundesliga,2324,Köln,Marvin Schwäbe,GER,GK,28,1995,34,3060,90,100.0,34.0,34,90,34,0,,0,0.79,28,60,-32,-0.94,,GER,2023-2024,playing_time,2026-08-06T23:02:03.548586
GER-Bundesliga,2324,Köln,Mathias Olesen,LUX,MF,22,2001,6,112,19,3.7,1.2,0,,0,6,19,2,0.67,0,3,-3,-2.41,-1.53,GER,2023-2024,playing_time,2026-08-06T23:02:03.548586
GER-Bundesliga,2324,Köln,Matthias Köbbing,GER,GK,26,1997,0,,,,,0,,0,0,,10,,,,,,,GER,2023-2024,playing_time,2026-08-06T23:02:03.548586
GER-Bundesliga,2324,Köln,Max Finkgräfe,GER,DF,19,2004,24,1756,73,57.4,19.5,18,88,13,6,29,2,0.83,17,33,-16,-0.82,0.28,GER,2023-2024,playing_time,2026-08-06T23:02:03.548586
GER-Bundesliga,2324,Köln,Philipp Pentke,GER,GK,38,1985,0,,,0.0,0.0,0,,0,0,,24,1.0,1,1,0,,,GER,2023-2024,playing_time,2026-08-06T23:02:03.548586
GER-Bundesliga,2324,Köln,Rasmus Carstensen,DEN,"DF,MF",22,2000,23,1659,72,54.2,18.4,18,87,11,5,20,9,0.61,14,40,-26,-1.41,-1.03,GER,2023-2024,playing_time,2026-08-06T23:02:03.548586
GER-Bundesliga,2324,Köln,Sargis Adamyan,ARM,"FW,MF",30,1993,20,801,40,26.2,8.9,8,73,1,12,18,5,0.8,9,21,-12,-1.35,-0.55,GER,2023-2024,playing_time,2026-08-06T23:02:03.548586
GER-Bundesliga,2324,Köln,Steffen Tigges,GER,FW,25,1998,25,727,29,23.8,8.1,6,69,1,19,17,4,0.88,9,10,-1,-0.12,1.07,GER,2023-2024,playing_time,2026-08-06T23:02:03.548586
GER-Bundesliga,2324,Köln,Timo Hübers,GER,DF,27,1996,31,2778,90,90.8,30.9,31,90,30,0,,0,0.81,24,53,-29,-0.94,0.02,GER,2023-2024,playing_time,2026-08-06T23:02:03.548586
GER-Bundesliga,2324,Leverkusen,Adam Hložek,CZE,"MF,FW",21,2002,23,459,20,15.0,5.1,5,71,1,18,6,7,2.83,13,3,10,1.96,0.06,GER,2023-2024,playing_time,2026-08-06T23:02:03.548586
GER-Bundesliga,2324,Leverkusen,Amine Adli,MAR,"MF,FW",23,2000,23,898,39,29.3,10.0,8,71,1,15,22,4,2.65,28,9,19,1.9,-0.01,GER,2023-2024,playing_time,2026-08-06T23:02:03.548586
GER-Bundesliga,2324,Leverkusen,Arthur,BRA,MF,20,2003,4,184,46,6.0,2.0,2,75,1,2,17,4,3.0,8,1,7,3.42,1.61,GER,2023-2024,playing_time,2026-08-06T23:02:03.548586
GER-Bundesliga,2324,Leverkusen,Borja Iglesias,ESP,FW,30,1993,7,256,37,8.4,2.8,2,78,1,5,20,4,3.0,11,1,10,3.52,1.75,GER,2023-2024,playing_time,2026-08-06T23:02:03.548586
GER-Bundesliga,2324,Leverkusen,Edmond Tapsoba,BFA,DF,24,1999,28,2087,75,68.2,23.2,23,89,20,5,9,2,2.64,62,19,43,1.85,-0.18,GER,2023-2024,playing_time,2026-08-06T23:02:03.548586
GER-Bundesliga,2324,Leverkusen,Exequiel Palacios,ARG,MF,24,1998,24,1831,76,59.8,20.3,21,84,10,3,23,3,2.67,56,19,37,1.82,-0.23,GER,2023-2024,playing_time,2026-08-06T23:02:03.548586
GER-Bundesliga,2324,Leverkusen,Florian Wirtz,GER,MF,20,2003,32,2372,74,77.5,26.4,26,85,9,6,29,0,2.63,68,19,49,1.86,-0.23,GER,2023-2024,playing_time,2026-08-06T23:02:03.548586
GER-Bundesliga,2324,Leverkusen,Francis Onyeka,GER,MF,16,2007,0,,,,,0,,0,0,,2,,,,,,,GER,2023-2024,playing_time,2026-08-06T23:02:03.548586
GER-Bundesliga,2324,Leverkusen,Granit Xhaka,SUI,MF,30,1992,33,2821,85,92.2,31.3,32,88,24,1,21,0,2.7,78,21,57,1.82,-1.19,GER,2023-2024,playing_time,2026-08-06T23:02:03.548586
GER-Bundesliga,2324,Leverkusen,Gustavo Puerta,COL,MF,20,2003,7,46,7,1.5,0.5,0,,0,7,7,21,3.0,4,0,4,7.83,6.0,GER,2023-2024,playing_time,2026-08-06T23:02:03.548586
GER-Bundesliga,2324,Leverkusen,Jeremie Frimpong,NED,MF,22,2000,31,2251,73,73.6,25.0,27,80,7,4,22,2,2.61,61,21,40,1.6,-1.18,GER,2023-2024,playing_time,2026-08-06T23:02:03.548586
GER-Bundesliga,2324,Leverkusen,Jonas Hofmann,GER,MF,31,1992,32,2204,69,72.0,24.5,26,81,7,6,16,1,2.63,66,20,46,1.88,-0.12,GER,2023-2024,playing_time,2026-08-06T23:02:03.548586
GER-Bundesliga,2324,Leverkusen,Jonathan Tah,GER,DF,27,1996,31,2631,85,86.0,29.2,30,87,27,1,19,2,2.68,78,21,57,1.95,0.27,GER,2023-2024,playing_time,2026-08-06T23:02:03.548586
GER-Bundesliga,2324,Leverkusen,Josip Stanišić,CRO,"DF,MF",23,2000,20,1261,63,41.2,14.0,13,90,12,7,13,12,2.7,35,9,26,1.86,-0.1,GER,2023-2024,playing_time,2026-08-06T23:02:03.548586
GER-Bundesliga,2324,Leverkusen,Ken Izekor,GER,FW,16,2007,0,,,,,0,,0,0,,2,,,,,,,GER,2023-2024,playing_time,2026-08-06T23:02:03.548586
GER-Bundesliga,2324,Leverkusen,Lukáš Hrádecký,FIN,GK,33,1989,33,2970,90,97.1,33.0,33,90,33,0,,1,2.7,89,24,65,1.97,1.97,GER,2023-2024,playing_time,2026-08-06T23:02:03.548586
GER-Bundesliga,2324,Leverkusen,Matej Kovar,CZE,GK,23,2000,1,90,90,2.9,1.0,1,90,1,0,,32,1.0,0,0,0,0.0,-1.97,GER,2023-2024,playing_time,2026-08-06T23:02:03.548586
GER-Bundesliga,2324,Leverkusen,Nadiem Amiri,GER,MF,26,1996,8,86,11,2.8,1.0,1,67,0,7,3,11,2.5,0,0,0,0.0,-1.97,GER,2023-2024,playing_time,2026-08-06T23:02:03.548586
GER-Bundesliga,2324,Leverkusen,Nathan Tella,NGA,MF,24,1999,24,819,34,26.8,9.1,8,73,1,16,15,8,2.75,24,2,22,2.42,0.69,GER,2023-2024,playing_time,2026-08-06T23:02:03.548586
GER-Bundesliga,2324,Leverkusen,Niklas Lomb,GER,GK,30,1993,0,,,,,0,,0,0,,2,,,,,,,GER,2023-2024,playing_time,2026-08-06T23:02:03.548586
GER-Bundesliga,2324,Leverkusen,Noah Mbamba,BEL,MF,18,2005,3,16,5,0.5,0.2,0,,0,3,5,13,3.0,1,0,1,5.63,3.73,GER,2023-2024,playing_time,2026-08-06T23:02:03.548586
GER-Bundesliga,2324,Leverkusen,Odilon Kossounou,CIV,DF,22,2001,22,1811,82,59.2,20.1,21,86,18,1,3,7,2.64,58,14,44,2.19,0.67,GER,2023-2024,playing_time,2026-08-06T23:02:03.548586
GER-Bundesliga,2324,Leverkusen,Patrik Schick,CZE,FW,27,1996,20,1063,53,34.7,11.8,12,76,3,8,19,4,2.5,25,7,18,1.52,-0.59,GER,2023-2024,playing_time,2026-08-06T23:02:03.548586
GER-Bundesliga,2324,Leverkusen,Piero Hincapié,ECU,DF,21,2002,26,1484,57,48.5,16.5,16,84,10,10,15,5,2.62,36,9,27,1.64,-0.53,GER,2023-2024,playing_time,2026-08-06T23:02:03.548586
GER-Bundesliga,2324,Leverkusen,Reno Münz,GER,DF,17,2005,0,,,,,0,,0,0,,2,,,,,,,GER,2023-2024,playing_time,2026-08-06T23:02:03.548586
GER-Bundesliga,2324,Leverkusen,Robert Andrich,GER,"MF,DF",28,1994,28,1690,60,55.2,18.8,18,87,16,10,12,6,2.71,47,9,38,2.02,0.25,GER,2023-2024,playing_time,2026-08-06T23:02:03.548586
GER-Bundesliga,2324,Leverkusen,Timothy Fosu-Mensah,NED,DF,25,1998,0,,,,,0,,0,0,,7,,,,,,,GER,2023-2024,playing_time,2026-08-06T23:02:03.548586
GER-Bundesliga,2324,Leverkusen,Victor Boniface,NGA,FW,22,2000,23,1546,67,50.5,17.2,18,80,4,5,21,0,2.57,52,13,39,2.27,0.72,GER,2023-2024,playing_time,2026-08-06T23:02:03.548586
GER-Bundesliga,2324,Leverkusen,Álex Grimaldo,ESP,MF,27,1995,33,2784,84,91.0,30.9,31,89,26,2,13,0,2.64,76,23,53,1.71,-2.2,GER,2023-2024,playing_time,2026-08-06T23:02:03.548586
GER-Bundesliga,2324,Mainz 05,Andreas Hanche-Olsen,NOR,DF,26,1997,15,992,66,32.4,11.0,12,80,6,3,12,0,1.6,18,10,8,0.73,1.6,GER,2023-2024,playing_time,2026-08-06T23:02:03.548586
GER-Bundesliga,2324,Mainz 05,Anthony Caci,FRA,"MF,DF",26,1997,31,2486,80,81.2,27.6,29,84,20,2,19,0,1.06,32,45,-13,-0.47,-0.63,GER,2023-2024,playing_time,2026-08-06T23:02:03.548586
GER-Bundesliga,2324,Mainz 05,Anton Stach,GER,MF,24,1998,2,170,85,5.6,1.9,2,85,1,0,,0,0.5,2,4,-2,-1.06,-0.75,GER,2023-2024,playing_time,2026-08-06T23:02:03.548586
GER-Bundesliga,2324,Mainz 05,Anwar El Ghazi,NED,"FW,MF",28,1995,3,54,18,1.8,0.6,0,,0,3,18,0,0.33,1,1,0,0.0,0.36,GER,2023-2024,playing_time,2026-08-06T23:02:03.548586
GER-Bundesliga,2324,Mainz 05,Aymen Barkok,MAR,MF,25,1998,13,321,25,10.5,3.6,1,68,0,12,21,0,0.62,7,7,0,0.0,0.39,GER,2023-2024,playing_time,2026-08-06T23:02:03.548586
GER-Bundesliga,2324,Mainz 05,Brajan Gruda,GER,"MF,FW",19,2004,28,1641,59,53.6,18.2,19,76,2,9,21,1,1.0,22,28,-6,-0.33,0.05,GER,2023-2024,playing_time,2026-08-06T23:02:03.548586
GER-Bundesliga,2324,Mainz 05,Daniel Batz,GER,GK,32,1991,4,360,90,11.8,4.0,4,90,4,0,,16,0.5,1,3,-2,-0.5,-0.17,GER,2023-2024,playing_time,2026-08-06T23:02:03.548586
GER-Bundesliga,2324,Mainz 05,Danny da Costa,GER,"MF,DF",30,1993,19,830,44,27.1,9.2,9,76,4,10,15,10,0.79,10,18,-8,-0.87,-0.71,GER,2023-2024,playing_time,2026-08-06T23:02:03.548586
GER-Bundesliga,2324,Mainz 05,David Mamutovic,GER,MF,22,2000,2,11,6,0.4,0.1,0,,0,2,6,16,0.0,0,0,0,0.0,0.35,GER,2023-2024,playing_time,2026-08-06T23:02:03.548586
GER-Bundesliga,2324,Mainz 05,Dominik Kohr,GER,"DF,MF",29,1994,31,2184,70,71.4,24.3,27,79,16,4,10,0,1.06,24,34,-10,-0.41,-0.21,GER,2023-2024,playing_time,2026-08-06T23:02:03.548586
GER-Bundesliga,2324,Mainz 05,Edimilson Fernandes,SUI,DF,27,1996,21,1290,61,42.2,14.3,13,87,10,8,20,5,1.0,18,32,-14,-0.98,-1.08,GER,2023-2024,playing_time,2026-08-06T23:02:03.548586
GER-Bundesliga,2324,Mainz 05,Jessic Ngankam,GER,"MF,FW",23,2000,7,184,26,6.0,2.0,2,65,0,5,11,4,1.14,0,4,-4,-1.96,-1.71,GER,2023-2024,playing_time,2026-08-06T23:02:03.548586
GER-Bundesliga,2324,Mainz 05,Jonathan Burkardt,GER,"FW,MF",23,2000,21,1538,73,50.3,17.1,18,82,10,3,22,0,1.19,24,20,4,0.23,1.18,GER,2023-2024,playing_time,2026-08-06T23:02:03.548586
GER-Bundesliga,2324,Mainz 05,Josuha Guilavogui,FRA,DF,32,1990,11,409,37,13.4,4.5,5,62,2,6,16,12,1.64,5,8,-3,-0.66,-0.35,GER,2023-2024,playing_time,2026-08-06T23:02:03.548586
GER-Bundesliga,2324,Mainz 05,Karim Onisiwo,AUT,"FW,MF",31,1992,24,1493,62,48.8,16.6,17,81,6,7,18,2,0.88,13,21,-8,-0.48,-0.25,GER,2023-2024,playing_time,2026-08-06T23:02:03.548586
GER-Bundesliga,2324,Mainz 05,Lasse Rieß,GER,GK,22,2001,0,,,,,0,,0,0,,21,,,,,,,GER,2023-2024,playing_time,2026-08-06T23:02:03.548586
GER-Bundesliga,2324,Mainz 05,Lasse Wilhelm,GER,DF,20,2003,0,,,,,0,,0,0,,4,,,,,,,GER,2023-2024,playing_time,2026-08-06T23:02:03.548586
GER-Bundesliga,2324,Mainz 05,Leandro Barreiro Martins,LUX,MF,23,2000,31,2606,84,85.2,29.0,29,88,26,2,29,0,1.1,36,38,-2,-0.07,1.91,GER,2023-2024,playing_time,2026-08-06T23:02:03.548586
GER-Bundesliga,2324,Mainz 05,Lee Jae-sung,KOR,MF,30,1992,29,2113,73,69.1,23.5,24,79,6,5,43,0,1.1,33,32,1,0.04,1.28,GER,2023-2024,playing_time,2026-08-06T23:02:03.548586
GER-Bundesliga,2324,Mainz 05,Ludovic Ajorque,FRA,FW,29,1994,26,1360,52,44.4,15.1,15,80,9,11,14,6,1.04,13,26,-13,-0.86,-0.91,GER,2023-2024,playing_time,2026-08-06T23:02:03.548586
GER-Bundesliga,2324,Mainz 05,Marco Richter,GER,MF,25,1997,20,717,36,23.4,8.0,7,73,1,13,16,9,0.75,3,12,-9,-1.13,-1.01,GER,2023-2024,playing_time,2026-08-06T23:02:03.548586
GER-Bundesliga,2324,Mainz 05,Marcus Müller,GER,FW,20,2002,1,18,18,0.6,0.2,0,,0,1,18,2,0.0,0,0,0,0.0,0.36,GER,2023-2024,playing_time,2026-08-06T23:02:03.548586
GER-Bundesliga,2324,Mainz 05,Maxim Dal,GER,DF,17,2006,0,,,,,0,,0,0,,2,,,,,,,GER,2023-2024,playing_time,2026-08-06T23:02:03.548586
GER-Bundesliga,2324,Mainz 05,Maxim Leitsch,GER,DF,25,1998,7,379,54,12.4,4.2,4,85,3,3,13,1,1.0,5,2,3,0.71,1.22,GER,2023-2024,playing_time,2026-08-06T23:02:03.548586
GER-Bundesliga,2324,Mainz 05,Merveille Papela,GER,MF,22,2001,11,257,23,8.4,2.9,3,59,0,8,10,19,0.91,1,7,-6,-2.1,-1.91,GER,2023-2024,playing_time,2026-08-06T23:02:03.548586
GER-Bundesliga,2324,Mainz 05,Nadiem Amiri,GER,MF,26,1996,15,1315,88,43.0,14.6,15,88,11,0,,0,1.53,23,20,3,0.21,0.98,GER,2023-2024,playing_time,2026-08-06T23:02:03.548586
GER-Bundesliga,2324,Mainz 05,Nelson Weiper,GER,FW,18,2005,5,124,25,4.1,1.4,1,69,0,4,14,2,1.0,1,3,-2,-1.45,-1.15,GER,2023-2024,playing_time,2026-08-06T23:02:03.548586
GER-Bundesliga,2324,Mainz 05,Phillipp Mwene,AUT,"MF,DF",29,1994,23,1996,87,65.2,22.2,23,87,16,0,,2,1.09,24,26,-2,-0.09,0.76,GER,2023-2024,playing_time,2026-08-06T23:02:03.548586
GER-Bundesliga,2324,Mainz 05,Robin Zentner,GER,GK,28,1994,30,2700,90,88.2,30.0,30,90,30,0,,0,1.1,38,48,-10,-0.33,0.17,GER,2023-2024,playing_time,2026-08-06T23:02:03.548586
GER-Bundesliga,2324,Mainz 05,Sepp van den Berg,NED,DF,21,2001,33,2839,86,92.8,31.5,31,90,30,2,27,0,1.03,36,46,-10,-0.32,0.5,GER,2023-2024,playing_time,2026-08-06T23:02:03.548586
GER-Bundesliga,2324,Mainz 05,Silvan Widmer,SUI,"MF,DF",30,1993,20,1242,62,40.6,13.8,13,82,4,7,26,5,1.25,16,19,-3,-0.22,0.23,GER,2023-2024,playing_time,2026-08-06T23:02:03.548586
GER-Bundesliga,2324,Mainz 05,Stefan Bell,GER,DF,31,1991,10,666,67,21.8,7.4,8,76,4,2,29,4,0.4,6,21,-15,-2.03,-2.14,GER,2023-2024,playing_time,2026-08-06T23:02:03.548586
GER-Bundesliga,2324,Mainz 05,Tim Müller,GER,DF,18,2004,0,,,,,0,,0,0,,2,,,,,,,GER,2023-2024,playing_time,2026-08-06T23:02:03.548586
GER-Bundesliga,2324,Mainz 05,Tom Krauß,GER,MF,22,2001,29,1346,46,44.0,15.0,13,79,3,16,20,3,0.9,17,25,-8,-0.53,-0.32,GER,2023-2024,playing_time,2026-08-06T23:02:03.548586
GER-Bundesliga,2324,RB Leipzig,Amadou Haidara,MLI,MF,25,1998,21,1526,73,49.9,17.0,19,79,4,2,11,2,2.1,44,17,27,1.59,0.95,GER,2023-2024,playing_time,2026-08-06T23:02:03.548586
GER-Bundesliga,2324,RB Leipzig,Benjamin Henrichs,GER,"DF,MF",26,1997,33,2526,77,82.5,28.1,28,86,18,5,22,0,1.94,65,31,34,1.21,0.54,GER,2023-2024,playing_time,2026-08-06T23:02:03.548586
GER-Bundesliga,2324,RB Leipzig,Benjamin Šeško,SVN,FW,20,2003,31,1526,49,49.9,17.0,17,74,2,14,19,2,2.0,34,22,12,0.71,-0.82,GER,2023-2024,playing_time,2026-08-06T23:02:03.548586
GER-Bundesliga,2324,RB Leipzig,Castello Lukeba,FRA,DF,20,2002,32,2191,68,71.6,24.3,24,88,22,8,10,2,1.91,55,28,27,1.11,-0.03,GER,2023-2024,playing_time,2026-08-06T23:02:03.548586
GER-Bundesliga,2324,RB Leipzig,Christoph Baumgartner,AUT,"MF,FW",23,1999,32,1158,36,37.8,12.9,11,69,0,21,19,2,1.94,23,16,7,0.54,-0.92,GER,2023-2024,playing_time,2026-08-06T23:02:03.548586
GER-Bundesliga,2324,RB Leipzig,Christopher Lenz,GER,"DF,MF",28,1994,5,47,9,1.5,0.5,0,,0,5,9,21,2.6,2,0,2,3.83,2.75,GER,2023-2024,playing_time,2026-08-06T23:02:03.548586
GER-Bundesliga,2324,RB Leipzig,Dani Olmo,ESP,MF,25,1998,21,1449,69,47.4,16.1,17,82,7,4,16,0,2.0,41,20,21,1.3,0.35,GER,2023-2024,playing_time,2026-08-06T23:02:03.548586
GER-Bundesliga,2324,RB Leipzig,David Raum,GER,DF,25,1998,31,2739,88,89.5,30.4,31,88,25,0,,2,1.94,69,35,34,1.12,0.0,GER,2023-2024,playing_time,2026-08-06T23:02:03.548586
GER-Bundesliga,2324,RB Leipzig,El Chadaille Bitshiabu,FRA,DF,18,2005,6,34,6,1.1,0.4,0,,0,6,6,14,2.33,0,0,0,0.0,-1.13,GER,2023-2024,playing_time,2026-08-06T23:02:03.548586
GER-Bundesliga,2324,RB Leipzig,Elif Elmas,MKD,MF,23,1999,14,266,19,8.7,3.0,2,59,0,12,12,3,1.57,7,3,4,1.35,0.26,GER,2023-2024,playing_time,2026-08-06T23:02:03.548586
GER-Bundesliga,2324,RB Leipzig,Emil Forsberg,SWE,MF,31,1991,14,464,33,15.2,5.2,5,64,0,9,16,2,1.93,12,5,7,1.36,0.28,GER,2023-2024,playing_time,2026-08-06T23:02:03.548586
GER-Bundesliga,2324,RB Leipzig,Fabio Carvalho,POR,MF,20,2002,9,165,18,5.4,1.8,1,69,0,8,12,7,1.67,2,0,2,1.09,-0.03,GER,2023-2024,playing_time,2026-08-06T23:02:03.548586
GER-Bundesliga,2324,RB Leipzig,Hugo Novoa,ESP,"DF,MF",20,2003,0,,,,,0,,0,0,,1,,,,,,,GER,2023-2024,playing_time,2026-08-06T23:02:03.548586
GER-Bundesliga,2324,RB Leipzig,Ilaix Moriba,GUI,MF,20,2003,0,,,,,0,,0,0,,6,,,,,,,GER,2023-2024,playing_time,2026-08-06T23:02:03.548586
GER-Bundesliga,2324,RB Leipzig,Janis Blaswich,GER,GK,32,1991,21,1890,90,61.8,21.0,21,90,21,0,,13,1.62,45,30,15,0.71,-1.05,GER,2023-2024,playing_time,2026-08-06T23:02:03.548586
GER-Bundesliga,2324,RB Leipzig,Jonathan Norbye,NOR,DF,16,2007,1,1,1,0.0,0.0,0,,0,1,1,0,1.0,0,0,0,0.0,-1.12,GER,2023-2024,playing_time,2026-08-06T23:02:03.548586
GER-Bundesliga,2324,RB Leipzig,Kevin Kampl,SVN,MF,32,1990,26,1363,52,44.5,15.1,14,83,7,12,17,7,1.69,30,15,15,0.99,-0.23,GER,2023-2024,playing_time,2026-08-06T23:02:03.548586
GER-Bundesliga,2324,RB Leipzig,Leopold Zingerle,GER,GK,29,1994,0,,,,,0,,0,0,,10,,,,,,,GER,2023-2024,playing_time,2026-08-06T23:02:03.548586
GER-Bundesliga,2324,RB Leipzig,Loïs Openda,BEL,FW,23,2000,34,2697,79,88.1,30.0,33,81,13,1,26,0,1.91,69,33,36,1.2,0.71,GER,2023-2024,playing_time,2026-08-06T23:02:03.548586
GER-Bundesliga,2324,RB Leipzig,Lukas Klostermann,GER,DF,27,1996,25,1436,57,46.9,16.0,16,84,13,9,10,4,2.04,34,22,12,0.75,-0.69,GER,2023-2024,playing_time,2026-08-06T23:02:03.548586
GER-Bundesliga,2324,RB Leipzig,Mohamed Simakan,FRA,DF,23,2000,32,2138,67,69.9,23.8,23,84,13,9,24,0,1.91,49,30,19,0.8,-1.05,GER,2023-2024,playing_time,2026-08-06T23:02:03.548586
GER-Bundesliga,2324,RB Leipzig,Nicolas Seiwald,AUT,MF,22,2001,21,718,34,23.5,8.0,6,74,2,15,18,13,1.76,16,14,2,0.25,-1.13,GER,2023-2024,playing_time,2026-08-06T23:02:03.548586
GER-Bundesliga,2324,RB Leipzig,Nuha Jatta,GAM,MF,17,2006,1,1,1,0.0,0.0,0,,0,1,1,2,1.0,0,0,0,0.0,-1.12,GER,2023-2024,playing_time,2026-08-06T23:02:03.548586
GER-Bundesliga,2324,RB Leipzig,Péter Gulácsi,HUN,GK,33,1990,13,1170,90,38.2,13.0,13,90,13,0,,16,2.38,32,9,23,1.77,1.05,GER,2023-2024,playing_time,2026-08-06T23:02:03.548586
GER-Bundesliga,2324,RB Leipzig,Tim Köhler,GER,DF,18,2005,0,,,,,0,,0,0,,1,,,,,,,GER,2023-2024,playing_time,2026-08-06T23:02:03.548586
GER-Bundesliga,2324,RB Leipzig,Timo Werner,GER,"MF,FW",27,1996,8,207,26,6.8,2.3,2,62,0,6,14,4,2.0,6,4,2,0.87,-0.27,GER,2023-2024,playing_time,2026-08-06T23:02:03.548586
GER-Bundesliga,2324,RB Leipzig,Willi Orban,HUN,DF,30,1992,19,1582,83,51.7,17.6,18,88,16,1,6,0,2.0,45,17,28,1.59,0.98,GER,2023-2024,playing_time,2026-08-06T23:02:03.548586
GER-Bundesliga,2324,RB Leipzig,Xaver Schlager,AUT,MF,25,1997,29,2477,85,80.9,27.5,29,85,22,0,,0,1.93,64,32,32,1.16,0.24,GER,2023-2024,playing_time,2026-08-06T23:02:03.548586
GER-Bundesliga,2324,RB Leipzig,Xavi Simons,NED,MF,20,2003,32,2653,83,86.7,29.5,32,83,10,0,,0,2.0,69,28,41,1.39,2.05,GER,2023-2024,playing_time,2026-08-06T23:02:03.548586
GER-Bundesliga,2324,RB Leipzig,Yannick Eduardo,CZE,FW,17,2006,0,,,,,0,,0,0,,2,,,,,,,GER,2023-2024,playing_time,2026-08-06T23:02:03.548586
GER-Bundesliga,2324,RB Leipzig,Yussuf Poulsen,DEN,FW,29,1994,28,1217,43,39.8,13.5,12,75,2,16,20,3,1.75,34,15,19,1.41,0.48,GER,2023-2024,playing_time,2026-08-06T23:02:03.548586
GER-Bundesliga,2324,Stuttgart,Alexander Nübel,GER,GK,26,1996,30,2700,90,88.2,30.0,30,90,30,0,,0,2.1,69,36,33,1.1,-0.4,GER,2023-2024,playing_time,2026-08-06T23:02:03.548586
GER-Bundesliga,2324,Stuttgart,Angelo Stiller,GER,MF,22,2001,31,2694,87,88.0,29.9,30,89,26,1,20,0,2.23,69,32,37,1.24,0.74,GER,2023-2024,playing_time,2026-08-06T23:02:03.548586
GER-Bundesliga,2324,Stuttgart,Anrie Chase,JPN,DF,19,2004,0,,,,,0,,0,0,,9,,,,,,,GER,2023-2024,playing_time,2026-08-06T23:02:03.548586
GER-Bundesliga,2324,Stuttgart,Anthony Rouault,FRA,DF,22,2001,22,1010,46,33.0,11.2,11,77,5,11,15,4,2.18,27,15,12,1.07,-0.12,GER,2023-2024,playing_time,2026-08-06T23:02:03.548586
GER-Bundesliga,2324,Stuttgart,Atakan Karazor,TUR,MF,26,1996,33,2623,79,85.7,29.1,31,84,21,2,16,0,2.12,64,34,30,1.03,-0.82,GER,2023-2024,playing_time,2026-08-06T23:02:03.548586
GER-Bundesliga,2324,Stuttgart,Borna Sosa,CRO,"DF,MF",25,1998,2,46,23,1.5,0.5,0,,0,2,23,0,1.5,0,4,-4,-7.83,-9.11,GER,2023-2024,playing_time,2026-08-06T23:02:03.548586
GER-Bundesliga,2324,Stuttgart,Chris Führich,GER,MF,25,1998,34,2567,76,83.9,28.5,33,76,5,1,45,0,2.15,64,31,33,1.16,0.06,GER,2023-2024,playing_time,2026-08-06T23:02:03.548586
GER-Bundesliga,2324,Stuttgart,Dan-Axel Zagadou,FRA,DF,24,1999,19,1453,76,47.5,16.1,16,88,14,3,13,0,1.95,37,22,15,0.93,-0.42,GER,2023-2024,playing_time,2026-08-06T23:02:03.548586
GER-Bundesliga,2324,Stuttgart,Deniz Undav,GER,"FW,MF",27,1996,30,2089,70,68.3,23.2,23,83,8,7,27,0,2.2,53,27,26,1.12,-0.08,GER,2023-2024,playing_time,2026-08-06T23:02:03.548586
GER-Bundesliga,2324,Stuttgart,Dennis Seimen,GER,GK,17,2005,0,,,,,0,,0,0,,6,,,,,,,GER,2023-2024,playing_time,2026-08-06T23:02:03.548586
GER-Bundesliga,2324,Stuttgart,Enzo Millot,FRA,MF,21,2002,31,2241,72,73.2,24.9,27,80,8,4,24,1,2.26,55,25,30,1.2,0.22,GER,2023-2024,playing_time,2026-08-06T23:02:03.548586
GER-Bundesliga,2324,Stuttgart,Fabian Bredlow,GER,GK,28,1995,4,360,90,11.8,4.0,4,90,4,0,,26,2.5,9,3,6,1.5,0.4,GER,2023-2024,playing_time,2026-08-06T23:02:03.548586
GER-Bundesliga,2324,Stuttgart,Florian Schock,GER,GK,22,2001,0,,,,,0,,0,0,,3,,,,,,,GER,2023-2024,playing_time,2026-08-06T23:02:03.548586
GER-Bundesliga,2324,Stuttgart,Genki Haraguchi,JPN,"FW,MF",32,1991,2,27,14,0.9,0.3,0,,0,2,14,24,1.5,0,2,-2,-6.67,-7.88,GER,2023-2024,playing_time,2026-08-06T23:02:03.548586
GER-Bundesliga,2324,Stuttgart,Hiroki Ito,JPN,DF,24,1999,26,2228,86,72.8,24.8,25,88,20,1,22,0,2.31,59,27,32,1.29,0.54,GER,2023-2024,playing_time,2026-08-06T23:02:03.548586
GER-Bundesliga,2324,Stuttgart,Jamie Leweling,GER,MF,22,2001,34,1523,45,49.8,16.9,17,71,1,17,18,0,2.15,34,16,18,1.06,-0.17,GER,2023-2024,playing_time,2026-08-06T23:02:03.548586
GER-Bundesliga,2324,Stuttgart,Jeong Woo-yeong,KOR,MF,23,1999,26,633,24,20.7,7.0,5,75,1,21,12,0,2.12,19,9,10,1.42,0.35,GER,2023-2024,playing_time,2026-08-06T23:02:03.548586
GER-Bundesliga,2324,Stuttgart,Josha Vagnoman,GER,"MF,DF",22,2000,18,1183,66,38.7,13.1,12,85,7,6,28,0,2.17,25,19,6,0.46,-1.13,GER,2023-2024,playing_time,2026-08-06T23:02:03.548586
GER-Bundesliga,2324,Stuttgart,Jovan Milošević,SRB,FW,18,2005,5,28,6,0.9,0.3,0,,0,5,6,10,2.4,0,0,0,0.0,-1.16,GER,2023-2024,playing_time,2026-08-06T23:02:03.548586
GER-Bundesliga,2324,Stuttgart,Leonidas Stergiou,SUI,DF,21,2002,15,594,40,19.4,6.6,6,81,4,9,12,17,2.13,14,6,8,1.21,0.08,GER,2023-2024,playing_time,2026-08-06T23:02:03.548586
GER-Bundesliga,2324,Stuttgart,Lilian Egloff,GER,MF,20,2002,5,106,21,3.5,1.2,1,69,0,4,9,7,1.2,2,4,-2,-1.7,-2.95,GER,2023-2024,playing_time,2026-08-06T23:02:03.548586
GER-Bundesliga,2324,Stuttgart,Luca Raimund,GER,MF,18,2005,3,30,10,1.0,0.3,0,,0,3,10,8,1.0,1,2,-1,-3.0,-4.19,GER,2023-2024,playing_time,2026-08-06T23:02:03.548586
GER-Bundesliga,2324,Stuttgart,Mahmoud Dahoud,GER,MF,27,1996,13,227,17,7.4,2.5,1,66,0,12,13,2,2.31,6,3,3,1.19,0.05,GER,2023-2024,playing_time,2026-08-06T23:02:03.548586
GER-Bundesliga,2324,Stuttgart,Maximilian Mittelstädt,GER,"DF,MF",26,1997,31,2103,68,68.7,23.4,23,85,16,8,18,2,2.16,53,24,29,1.24,0.3,GER,2023-2024,playing_time,2026-08-06T23:02:03.548586
GER-Bundesliga,2324,Stuttgart,Mohamed Sankoh,NED,FW,19,2003,0,,,,,0,,0,0,,1,,,,,,,GER,2023-2024,playing_time,2026-08-06T23:02:03.548586
GER-Bundesliga,2324,Stuttgart,Moussa Cissé,FRA,DF,20,2003,0,,,,,0,,0,0,,3,,,,,,,GER,2023-2024,playing_time,2026-08-06T23:02:03.548586
GER-Bundesliga,2324,Stuttgart,Pascal Stenzel,GER,DF,27,1996,23,1064,46,34.8,11.8,14,68,1,9,12,9,2.3,30,13,17,1.44,0.45,GER,2023-2024,playing_time,2026-08-06T23:02:03.548586
GER-Bundesliga,2324,Stuttgart,Raul Paula,GER,MF,19,2004,0,,,,,0,,0,0,,4,,,,,,,GER,2023-2024,playing_time,2026-08-06T23:02:03.548586
GER-Bundesliga,2324,Stuttgart,Roberto Massimo,GER,"FW,MF",22,2000,5,84,17,2.7,0.9,0,,0,5,17,7,1.8,1,2,-1,-1.07,-2.28,GER,2023-2024,playing_time,2026-08-06T23:02:03.548586
GER-Bundesliga,2324,Stuttgart,Samuele Di Benedetto,GER,MF,18,2005,1,7,7,0.2,0.1,0,,0,1,7,2,3.0,0,0,0,0.0,-1.15,GER,2023-2024,playing_time,2026-08-06T23:02:03.548586
GER-Bundesliga,2324,Stuttgart,Serhou Guirassy,GUI,FW,27,1996,28,2208,79,72.2,24.5,25,85,15,3,28,0,2.39,58,24,34,1.39,0.86,GER,2023-2024,playing_time,2026-08-06T23:02:03.548586
GER-Bundesliga,2324,Stuttgart,Silas Katompa,COD,MF,24,1998,27,900,33,29.4,10.0,8,70,0,19,18,1,2.15,30,10,20,2.0,1.21,GER,2023-2024,playing_time,2026-08-06T23:02:03.548586
GER-Bundesliga,2324,Stuttgart,Thomas Kastanaras,GRE,FW,20,2003,0,,,,,0,,0,0,,2,,,,,,,GER,2023-2024,playing_time,2026-08-06T23:02:03.548586
GER-Bundesliga,2324,Stuttgart,Waldemar Anton,GER,DF,27,1996,33,2886,87,94.3,32.1,32,89,30,1,45,0,2.12,76,38,38,1.19,0.67,GER,2023-2024,playing_time,2026-08-06T23:02:03.548586
GER-Bundesliga,2324,Union Berlin,Alex Král,CZE,MF,25,1998,24,1370,57,44.8,15.2,13,81,9,11,28,6,1.0,15,22,-7,-0.46,0.5,GER,2023-2024,playing_time,2026-08-06T23:02:03.548586
GER-Bundesliga,2324,Union Berlin,Alexander Schwolow,GER,GK,31,1992,1,90,90,2.9,1.0,1,90,1,0,,28,0.0,0,2,-2,-2.0,-1.3,GER,2023-2024,playing_time,2026-08-06T23:02:03.548586
GER-Bundesliga,2324,Union Berlin,Aljoscha Kemlein,GER,MF,18,2004,2,29,15,0.9,0.3,0,,0,2,15,4,3.0,2,0,2,6.21,7.01,GER,2023-2024,playing_time,2026-08-06T23:02:03.548586
GER-Bundesliga,2324,Union Berlin,András Schäfer,HUN,MF,24,1999,20,1214,61,39.7,13.5,14,74,4,6,30,0,1.0,13,24,-11,-0.82,-0.13,GER,2023-2024,playing_time,2026-08-06T23:02:03.548586
GER-Bundesliga,2324,Union Berlin,Aïssa Laïdouni,TUN,MF,26,1996,23,1071,47,35.0,11.9,10,76,4,13,24,7,0.91,13,25,-12,-1.01,-0.42,GER,2023-2024,playing_time,2026-08-06T23:02:03.548586
GER-Bundesliga,2324,Union Berlin,Benedict Hollerbach,GER,"FW,MF",22,2001,28,1282,46,41.9,14.2,15,68,1,13,20,5,0.93,14,25,-11,-0.77,-0.06,GER,2023-2024,playing_time,2026-08-06T23:02:03.548586
GER-Bundesliga,2324,Union Berlin,Brenden Aaronson,USA,"MF,FW",22,2000,30,1267,42,41.4,14.1,14,68,2,16,20,2,1.07,17,23,-6,-0.43,0.53,GER,2023-2024,playing_time,2026-08-06T23:02:03.548586
GER-Bundesliga,2324,Union Berlin,Chris Bedia,CIV,FW,27,1996,7,145,21,4.7,1.6,0,,0,7,21,8,0.0,3,5,-2,-1.24,-0.53,GER,2023-2024,playing_time,2026-08-06T23:02:03.548586
GER-Bundesliga,2324,Union Berlin,Christopher Trimmel,AUT,"MF,DF",36,1987,26,1646,63,53.8,18.3,19,79,8,7,20,6,0.88,15,33,-18,-0.98,-0.54,GER,2023-2024,playing_time,2026-08-06T23:02:03.548586
GER-Bundesliga,2324,Union Berlin,Danilho Doekhi,NED,DF,25,1998,24,2160,90,70.6,24.0,24,90,24,0,,3,0.92,26,43,-17,-0.71,0.09,GER,2023-2024,playing_time,2026-08-06T23:02:03.548586
GER-Bundesliga,2324,Union Berlin,David Datro Fofana,CIV,"FW,MF",20,2002,12,682,57,22.3,7.6,8,66,1,4,40,0,0.83,6,16,-10,-1.32,-0.75,GER,2023-2024,playing_time,2026-08-06T23:02:03.548586
GER-Bundesliga,2324,Union Berlin,Diogo Leite,POR,DF,24,1999,32,2702,84,88.3,30.0,31,86,25,1,27,0,1.0,26,49,-23,-0.77,-0.26,GER,2023-2024,playing_time,2026-08-06T23:02:03.548586
GER-Bundesliga,2324,Union Berlin,Frederik Rønnow,DEN,GK,30,1992,33,2970,90,97.1,33.0,33,90,33,0,,0,1.0,33,56,-23,-0.7,1.3,GER,2023-2024,playing_time,2026-08-06T23:02:03.548586
GER-Bundesliga,2324,Union Berlin,Jakob Busk,DEN,GK,29,1993,0,,,,,0,,0,0,,6,,,,,,,GER,2023-2024,playing_time,2026-08-06T23:02:03.548586
GER-Bundesliga,2324,Union Berlin,Janik Haberer,GER,MF,29,1994,21,1221,58,39.9,13.6,14,75,6,7,25,7,0.71,10,30,-20,-1.47,-1.23,GER,2023-2024,playing_time,2026-08-06T23:02:03.548586
GER-Bundesliga,2324,Union Berlin,Jordan Pefok,USA,FW,27,1996,1,27,27,0.9,0.3,0,,0,1,27,1,3.0,1,0,1,3.33,4.1,GER,2023-2024,playing_time,2026-08-06T23:02:03.548586
GER-Bundesliga,2324,Union Berlin,Josip Juranović,CRO,"MF,DF",27,1995,21,1294,62,42.3,14.4,14,83,8,7,19,3,0.95,18,23,-5,-0.35,0.67,GER,2023-2024,playing_time,2026-08-06T23:02:03.548586
GER-Bundesliga,2324,Union Berlin,Jérôme Roussillon,GLP,"DF,MF",30,1993,23,752,33,24.6,8.4,8,72,2,15,12,3,1.13,10,12,-2,-0.24,0.66,GER,2023-2024,playing_time,2026-08-06T23:02:03.548586
GER-Bundesliga,2324,Union Berlin,Kevin Behrens,GER,FW,32,1991,18,1262,70,41.2,14.0,14,81,6,4,34,0,0.94,13,24,-11,-0.78,-0.08,GER,2023-2024,playing_time,2026-08-06T23:02:03.548586
GER-Bundesliga,2324,Union Berlin,Kevin Vogt,GER,DF,31,1991,16,1323,83,43.2,14.7,16,83,13,0,,0,0.88,8,22,-14,-0.95,-0.38,GER,2023-2024,playing_time,2026-08-06T23:02:03.548586
GER-Bundesliga,2324,Union Berlin,Kevin Volland,GER,"FW,MF",31,1992,26,1345,52,44.0,14.9,17,68,3,9,22,1,1.12,13,22,-9,-0.6,0.24,GER,2023-2024,playing_time,2026-08-06T23:02:03.548586
GER-Bundesliga,2324,Union Berlin,Leonardo Bonucci,ITA,DF,36,1987,7,460,66,15.0,5.1,6,73,2,1,23,5,0.43,3,13,-10,-1.96,-1.44,GER,2023-2024,playing_time,2026-08-06T23:02:03.548586
GER-Bundesliga,2324,Union Berlin,Lucas Tousart,FRA,MF,26,1997,23,1572,68,51.4,17.5,18,80,10,5,28,3,0.83,11,28,-17,-0.97,-0.49,GER,2023-2024,playing_time,2026-08-06T23:02:03.548586
GER-Bundesliga,2324,Union Berlin,Mikkel Kaufmann,DEN,FW,22,2001,18,486,27,15.9,5.4,4,66,0,14,16,6,0.94,5,7,-2,-0.37,0.43,GER,2023-2024,playing_time,2026-08-06T23:02:03.548586
GER-Bundesliga,2324,Union Berlin,Miloš Pantović,SRB,"FW,MF",27,1996,1,15,15,0.5,0.2,0,,0,1,15,0,3.0,1,0,1,6.0,6.77,GER,2023-2024,playing_time,2026-08-06T23:02:03.548586
GER-Bundesliga,2324,Union Berlin,Oluwaseun Ogbemudia,GER,DF,17,2006,0,,,,,0,,0,0,,2,,,,,,,GER,2023-2024,playing_time,2026-08-06T23:02:03.548586
GER-Bundesliga,2324,Union Berlin,Paul Jaeckel,GER,DF,25,1998,6,234,39,7.6,2.6,2,90,2,4,14,19,1.67,2,6,-4,-1.54,-0.87,GER,2023-2024,playing_time,2026-08-06T23:02:03.548586
GER-Bundesliga,2324,Union Berlin,Rani Khedira,TUN,MF,29,1994,20,1343,67,43.9,14.9,18,73,8,2,19,1,1.1,16,19,-3,-0.2,0.95,GER,2023-2024,playing_time,2026-08-06T23:02:03.548586
GER-Bundesliga,2324,Union Berlin,Robin Gosens,GER,"MF,DF",29,1994,30,2283,76,74.6,25.4,27,82,10,3,20,0,1.0,27,45,-18,-0.71,0.1,GER,2023-2024,playing_time,2026-08-06T23:02:03.548586
GER-Bundesliga,2324,Union Berlin,Robin Knoche,GER,DF,31,1992,24,1917,80,62.6,21.3,20,89,18,4,33,7,1.08,25,32,-7,-0.33,1.09,GER,2023-2024,playing_time,2026-08-06T23:02:03.548586
GER-Bundesliga,2324,Union Berlin,Sheraldo Becker,SUR,"FW,MF",28,1995,11,645,59,21.1,7.2,7,72,1,4,35,0,0.55,6,17,-11,-1.53,-1.01,GER,2023-2024,playing_time,2026-08-06T23:02:03.548586
GER-Bundesliga,2324,Union Berlin,Tim Schleinitz,GER,MF,18,2005,0,,,,,0,,0,0,,1,,,,,,,GER,2023-2024,playing_time,2026-08-06T23:02:03.548586
GER-Bundesliga,2324,Union Berlin,Yorbe Vertessen,BEL,"FW,MF",22,2001,13,593,46,19.4,6.6,7,60,0,6,28,2,1.0,7,10,-3,-0.46,0.35,GER,2023-2024,playing_time,2026-08-06T23:02:03.548586
GER-Bundesliga,2324,Werder Bremen,Amos Pieper,GER,DF,25,1998,7,590,84,19.3,6.6,7,84,6,0,,5,1.0,10,14,-4,-0.61,-0.54,GER,2023-2024,playing_time,2026-08-06T23:02:03.548586
GER-Bundesliga,2324,Werder Bremen,Anthony Jung,GER,"DF,MF",31,1991,31,2579,83,84.3,28.7,30,86,24,1,11,1,1.32,41,36,5,0.17,2.23,GER,2023-2024,playing_time,2026-08-06T23:02:03.548586
GER-Bundesliga,2324,Werder Bremen,Christian Groß,GER,"DF,MF",34,1989,20,797,40,26.0,8.9,8,83,2,12,11,11,1.4,14,23,-9,-1.02,-1.14,GER,2023-2024,playing_time,2026-08-06T23:02:03.548586
GER-Bundesliga,2324,Werder Bremen,Cimo Röcker,GER,DF,29,1994,0,,,,,0,,0,0,,11,,,,,,,GER,2023-2024,playing_time,2026-08-06T23:02:03.548586
GER-Bundesliga,2324,Werder Bremen,Dawid Kownacki,POL,FW,26,1997,22,380,17,12.4,4.2,3,62,0,19,10,10,0.95,9,9,0,0.0,0.2,GER,2023-2024,playing_time,2026-08-06T23:02:03.548586
GER-Bundesliga,2324,Werder Bremen,Dudu,GER,GK,24,1999,0,,,,,0,,0,0,,9,,,,,,,GER,2023-2024,playing_time,2026-08-06T23:02:03.548586
GER-Bundesliga,2324,Werder Bremen,Felix Agu,NGA,MF,23,1999,24,1614,67,52.7,17.9,19,81,4,5,14,5,1.42,21,23,-2,-0.11,0.14,GER,2023-2024,playing_time,2026-08-06T23:02:03.548586
GER-Bundesliga,2324,Werder Bremen,Ilia Gruev,BUL,MF,23,2000,1,4,4,0.1,0.0,0,,0,1,4,1,0.0,0,1,-1,-22.5,-22.35,GER,2023-2024,playing_time,2026-08-06T23:02:03.548586
GER-Bundesliga,2324,Werder Bremen,Isak Hansen-Aarøen,NOR,MF,18,2004,3,27,9,0.9,0.3,0,,0,3,9,7,1.0,0,3,-3,-10.0,-9.91,GER,2023-2024,playing_time,2026-08-06T23:02:03.548586
GER-Bundesliga,2324,Werder Bremen,Jakob Löpping,GER,MF,20,2003,0,,,,,0,,0,0,,1,,,,,,,GER,2023-2024,playing_time,2026-08-06T23:02:03.548586
GER-Bundesliga,2324,Werder Bremen,Jens Stage,DEN,MF,26,1996,30,2327,78,76.0,25.9,26,85,15,4,29,0,1.2,32,39,-7,-0.27,-0.39,GER,2023-2024,playing_time,2026-08-06T23:02:03.548586
GER-Bundesliga,2324,Werder Bremen,Jiří Pavlenka,CZE,GK,31,1992,7,630,90,20.6,7.0,7,90,7,0,,17,0.86,12,17,-5,-0.71,-0.68,GER,2023-2024,playing_time,2026-08-06T23:02:03.548586
GER-Bundesliga,2324,Werder Bremen,Joel Imasuen,USA,FW,18,2004,1,2,2,0.1,0.0,0,,0,1,2,1,0.0,0,0,0,0.0,0.18,GER,2023-2024,playing_time,2026-08-06T23:02:03.548586
GER-Bundesliga,2324,Werder Bremen,Julián Malatini,ARG,DF,22,2001,11,602,55,19.7,6.7,6,85,4,5,19,6,1.27,6,13,-7,-1.05,-1.08,GER,2023-2024,playing_time,2026-08-06T23:02:03.548586
GER-Bundesliga,2324,Werder Bremen,Justin Njinmah,GER,FW,22,2000,24,1016,42,33.2,11.3,10,75,1,14,19,2,1.25,18,16,2,0.18,0.53,GER,2023-2024,playing_time,2026-08-06T23:02:03.548586
GER-Bundesliga,2324,Werder Bremen,Kein Sato,JPN,MF,22,2001,0,,,,,0,,0,0,,3,,,,,,,GER,2023-2024,playing_time,2026-08-06T23:02:03.548586
GER-Bundesliga,2324,Werder Bremen,Leon Opitz,GER,MF,18,2005,3,18,6,0.6,0.2,0,,0,3,6,11,1.0,0,2,-2,-10.0,-9.88,GER,2023-2024,playing_time,2026-08-06T23:02:03.548586
GER-Bundesliga,2324,Werder Bremen,Leonardo Bittencourt,GER,MF,29,1993,29,1578,54,51.6,17.5,19,75,1,10,15,3,1.24,23,23,0,0.0,0.36,GER,2023-2024,playing_time,2026-08-06T23:02:03.548586
GER-Bundesliga,2324,Werder Bremen,Marco Friedl,AUT,DF,25,1998,25,2197,88,71.8,24.4,25,88,23,0,,0,1.36,33,32,1,0.04,0.77,GER,2023-2024,playing_time,2026-08-06T23:02:03.548586
GER-Bundesliga,2324,Werder Bremen,Marvin Ducksch,GER,FW,29,1994,33,2696,82,88.1,30.0,32,83,15,1,45,0,1.18,41,49,-8,-0.27,-0.76,GER,2023-2024,playing_time,2026-08-06T23:02:03.548586
GER-Bundesliga,2324,Werder Bremen,Michael Zetterer,GER,GK,28,1995,27,2430,90,79.4,27.0,27,90,27,0,,7,1.33,36,37,-1,-0.04,0.68,GER,2023-2024,playing_time,2026-08-06T23:02:03.548586
GER-Bundesliga,2324,Werder Bremen,Miloš Veljković,SRB,DF,27,1995,23,1920,83,62.7,21.3,21,88,19,2,36,1,1.04,33,40,-7,-0.33,-0.41,GER,2023-2024,playing_time,2026-08-06T23:02:03.548586
GER-Bundesliga,2324,Werder Bremen,Mitchell Weiser,GER,MF,29,1994,30,2636,88,86.1,29.3,30,88,26,0,,1,1.2,43,45,-2,-0.07,0.78,GER,2023-2024,playing_time,2026-08-06T23:02:03.548586
GER-Bundesliga,2324,Werder Bremen,Naby Keïta,GUI,MF,28,1995,5,109,22,3.6,1.2,1,58,0,4,13,7,0.6,3,3,0,0.0,0.18,GER,2023-2024,playing_time,2026-08-06T23:02:03.548586
GER-Bundesliga,2324,Werder Bremen,Nick Woltemade,GER,"FW,MF",21,2002,30,1189,40,38.9,13.2,12,73,1,18,18,3,1.37,20,17,3,0.23,0.66,GER,2023-2024,playing_time,2026-08-06T23:02:03.548586
GER-Bundesliga,2324,Werder Bremen,Niclas Füllkrug,GER,FW,30,1993,2,180,90,5.9,2.0,2,90,2,0,,0,0.0,0,5,-5,-2.5,-2.47,GER,2023-2024,playing_time,2026-08-06T23:02:03.548586
GER-Bundesliga,2324,Werder Bremen,Nicolai Rapp,GER,DF,26,1996,2,76,38,2.5,0.8,1,71,0,1,5,9,0.0,1,2,-1,-1.18,-1.03,GER,2023-2024,playing_time,2026-08-06T23:02:03.548586
GER-Bundesliga,2324,Werder Bremen,Niklas Stark,GER,DF,28,1995,17,1088,64,35.6,12.1,12,85,10,5,13,3,1.47,20,16,4,0.33,0.79,GER,2023-2024,playing_time,2026-08-06T23:02:03.548586
GER-Bundesliga,2324,Werder Bremen,Oliver Burke,SCO,"FW,MF",26,1997,1,32,32,1.0,0.4,0,,0,1,32,0,0.0,0,3,-3,-8.44,-8.35,GER,2023-2024,playing_time,2026-08-06T23:02:03.548586
GER-Bundesliga,2324,Werder Bremen,Olivier Deman,BEL,MF,23,2000,29,1365,47,44.6,15.2,14,82,7,15,14,1,1.34,26,27,-1,-0.07,0.2,GER,2023-2024,playing_time,2026-08-06T23:02:03.548586
GER-Bundesliga,2324,Werder Bremen,Rafael Borré,COL,FW,27,1995,19,991,52,32.4,11.0,11,77,2,8,19,1,1.37,13,18,-5,-0.45,-0.41,GER,2023-2024,playing_time,2026-08-06T23:02:03.548586
GER-Bundesliga,2324,Werder Bremen,Romano Schmid,AUT,"MF,FW",23,2000,33,2601,79,85.0,28.9,30,84,13,3,23,0,1.27,43,48,-5,-0.17,0.02,GER,2023-2024,playing_time,2026-08-06T23:02:03.548586
GER-Bundesliga,2324,Werder Bremen,Senne Lynen,BEL,MF,24,1999,32,1797,56,58.7,20.0,20,80,10,12,16,1,1.31,29,28,1,0.05,0.55,GER,2023-2024,playing_time,2026-08-06T23:02:03.548586
GER-Bundesliga,2324,Werder Bremen,Skelly Alvero,FRA,MF,21,2002,6,123,21,4.0,1.4,1,78,0,5,9,3,0.5,1,1,0,0.0,0.18,GER,2023-2024,playing_time,2026-08-06T23:02:03.548586
GER-Bundesliga,2324,Werder Bremen,Spyridon Angelidis,GRE,GK,18,2005,0,,,,,0,,0,0,,1,,,,,,,GER,2023-2024,playing_time,2026-08-06T23:02:03.548586
GER-Bundesliga,2324,Wolfsburg,Amin Sarr,SWE,"MF,FW",22,2001,14,386,28,12.6,4.3,2,68,0,12,21,6,0.71,2,8,-6,-1.4,-1.1,GER,2023-2024,playing_time,2026-08-06T23:02:03.548586
GER-Bundesliga,2324,Wolfsburg,Anders Børset,NOR,DF,17,2006,0,,,,,0,,0,0,,1,,,,,,,GER,2023-2024,playing_time,2026-08-06T23:02:03.548586
GER-Bundesliga,2324,Wolfsburg,Aster Vranckx,BEL,MF,20,2002,24,1153,48,37.7,12.8,12,84,9,12,13,3,1.21,13,24,-11,-0.86,-0.67,GER,2023-2024,playing_time,2026-08-06T23:02:03.548586
GER-Bundesliga,2324,Wolfsburg,Bennit Bröger,GER,MF,17,2006,1,11,11,0.4,0.1,0,,0,1,11,0,0.0,0,1,-1,-8.18,-7.77,GER,2023-2024,playing_time,2026-08-06T23:02:03.548586
GER-Bundesliga,2324,Wolfsburg,Cedric Zesiger,SUI,DF,25,1998,23,1634,71,53.4,18.2,18,84,14,5,24,10,1.35,20,32,-12,-0.66,-0.47,GER,2023-2024,playing_time,2026-08-06T23:02:03.548586
GER-Bundesliga,2324,Wolfsburg,Dženan Pejčinović,GER,FW,18,2005,4,37,9,1.2,0.4,0,,0,4,9,4,0.75,0,0,0,0.0,0.45,GER,2023-2024,playing_time,2026-08-06T23:02:03.548586
GER-Bundesliga,2324,Wolfsburg,Jakub Kamiński,POL,MF,21,2002,17,473,28,15.5,5.3,4,69,1,13,15,12,1.24,4,9,-5,-0.95,-0.6,GER,2023-2024,playing_time,2026-08-06T23:02:03.548586
GER-Bundesliga,2324,Wolfsburg,Joakim Mæhle,DEN,"DF,MF",26,1997,30,2452,82,80.1,27.2,27,87,22,3,33,1,1.03,34,44,-10,-0.37,0.37,GER,2023-2024,playing_time,2026-08-06T23:02:03.548586
GER-Bundesliga,2324,Wolfsburg,Jonas Wind,DEN,FW,24,1999,34,2651,78,86.6,29.5,31,84,16,3,16,0,1.09,38,47,-9,-0.31,1.01,GER,2023-2024,playing_time,2026-08-06T23:02:03.548586
GER-Bundesliga,2324,Wolfsburg,Kevin Behrens,GER,FW,32,1991,13,616,47,20.1,6.8,7,78,1,6,12,2,1.15,8,11,-3,-0.44,0.0,GER,2023-2024,playing_time,2026-08-06T23:02:03.548586
GER-Bundesliga,2324,Wolfsburg,Kevin Paredes,USA,"MF,DF",20,2003,28,1432,51,46.8,15.9,15,80,6,13,18,3,1.07,20,27,-7,-0.44,0.0,GER,2023-2024,playing_time,2026-08-06T23:02:03.548586
GER-Bundesliga,2324,Wolfsburg,Kilian Fischer,GER,"MF,DF",22,2000,6,291,49,9.5,3.2,4,69,1,2,9,18,1.67,3,5,-2,-0.62,-0.2,GER,2023-2024,playing_time,2026-08-06T23:02:03.548586
GER-Bundesliga,2324,Wolfsburg,Koen Casteels,BEL,GK,31,1992,25,2250,90,73.5,25.0,25,90,25,0,,0,1.2,31,39,-8,-0.32,0.46,GER,2023-2024,playing_time,2026-08-06T23:02:03.548586
GER-Bundesliga,2324,Wolfsburg,Kofi Amoako,GER,MF,18,2005,2,2,1,0.1,0.0,0,,0,2,1,4,2.0,0,0,0,0.0,0.44,GER,2023-2024,playing_time,2026-08-06T23:02:03.548586
GER-Bundesliga,2324,Wolfsburg,Lovro Majer,CRO,"MF,FW",25,1998,32,2106,66,68.8,23.4,25,76,4,7,30,2,0.97,32,38,-6,-0.26,0.59,GER,2023-2024,playing_time,2026-08-06T23:02:03.548586
GER-Bundesliga,2324,Wolfsburg,Lukas Nmecha,GER,FW,24,1998,3,42,14,1.4,0.5,0,,0,3,14,0,0.67,1,1,0,0.0,0.45,GER,2023-2024,playing_time,2026-08-06T23:02:03.548586
GER-Bundesliga,2324,Wolfsburg,Mattias Svanberg,SWE,MF,24,1999,25,1715,69,56.0,19.1,20,80,5,5,25,4,1.16,25,33,-8,-0.42,0.05,GER,2023-2024,playing_time,2026-08-06T23:02:03.548586
GER-Bundesliga,2324,Wolfsburg,Maxence Lacroix,FRA,DF,23,2000,28,2362,84,77.2,26.2,27,87,23,1,15,0,1.25,33,40,-7,-0.27,0.76,GER,2023-2024,playing_time,2026-08-06T23:02:03.548586
GER-Bundesliga,2324,Wolfsburg,Maximilian Arnold,GER,MF,29,1994,30,2506,84,81.9,27.8,27,90,26,3,26,0,1.0,32,49,-17,-0.61,-0.94,GER,2023-2024,playing_time,2026-08-06T23:02:03.548586
GER-Bundesliga,2324,Wolfsburg,Moritz Jenz,GER,DF,24,1999,22,1742,79,56.9,19.4,21,81,16,1,45,6,0.82,23,32,-9,-0.46,-0.06,GER,2023-2024,playing_time,2026-08-06T23:02:03.548586
GER-Bundesliga,2324,Wolfsburg,Nicolas Cozza,FRA,DF,24,1999,6,276,46,9.0,3.1,3,70,0,3,22,8,1.33,4,7,-3,-0.98,-0.59,GER,2023-2024,playing_time,2026-08-06T23:02:03.548586
GER-Bundesliga,2324,Wolfsburg,Niklas Klinger,GER,GK,27,1995,0,,,,,0,,0,0,,7,,,,,,,GER,2023-2024,playing_time,2026-08-06T23:02:03.548586
GER-Bundesliga,2324,Wolfsburg,Patrick Wimmer,AUT,"MF,FW",22,2001,14,589,42,19.2,6.5,8,61,0,6,17,4,1.36,14,8,6,0.92,1.68,GER,2023-2024,playing_time,2026-08-06T23:02:03.548586
GER-Bundesliga,2324,Wolfsburg,Pavao Pervan,AUT,GK,35,1987,9,810,90,26.5,9.0,9,90,9,0,,25,0.78,10,17,-7,-0.78,-0.46,GER,2023-2024,playing_time,2026-08-06T23:02:03.548586
GER-Bundesliga,2324,Wolfsburg,Philipp Schulze,GER,GK,20,2003,0,,,,,0,,0,0,,4,,,,,,,GER,2023-2024,playing_time,2026-08-06T23:02:03.548586
GER-Bundesliga,2324,Wolfsburg,Ridle Baku,GER,"MF,DF",25,1998,33,2013,61,65.8,22.4,22,81,10,11,20,0,1.09,28,34,-6,-0.27,0.51,GER,2023-2024,playing_time,2026-08-06T23:02:03.548586
GER-Bundesliga,2324,Wolfsburg,Rogério,BRA,"DF,MF",25,1998,13,906,70,29.6,10.1,10,83,7,3,26,3,0.77,10,15,-5,-0.5,-0.08,GER,2023-2024,playing_time,2026-08-06T23:02:03.548586
GER-Bundesliga,2324,Wolfsburg,Sebastiaan Bornauw,BEL,DF,24,1999,20,1431,72,46.8,15.9,16,84,12,4,20,7,1.1,17,30,-13,-0.82,-0.71,GER,2023-2024,playing_time,2026-08-06T23:02:03.548586
GER-Bundesliga,2324,Wolfsburg,Tiago Tomás,POR,"FW,MF",21,2002,26,1032,40,33.7,11.5,11,63,0,15,23,2,1.08,11,20,-9,-0.78,-0.52,GER,2023-2024,playing_time,2026-08-06T23:02:03.548586
GER-Bundesliga,2324,Wolfsburg,Václav Černý,CZE,"MF,FW",25,1997,22,921,42,30.1,10.2,12,67,0,10,12,8,0.91,13,17,-4,-0.39,0.07,GER,2023-2024,playing_time,2026-08-06T23:02:03.548586
GER-Bundesliga,2324,Wolfsburg,Yannick Gerhardt,GER,MF,29,1994,25,1630,65,53.3,18.1,18,84,8,7,18,5,1.36,23,23,0,0.0,0.94,GER,2023-2024,playing_time,2026-08-06T23:02:03.548586
