league,season,team,player,nation,pos,age,born,90s,Performance_CrdY,Performance_CrdR,Performance_2CrdY,Performance_Fls,Performance_Fld,Performance_Off,Performance_Crs,Performance_Int,Performance_TklW,Performance_PKwon,Performance_PKcon,Performance_OG,_league_id,_season,_stat_type,_scraped_at
ENG-Premier League,2526,Arsenal,Ben White,ENG,DF,27,1997,7.8,0,0,0,5,6,3,16,9,9,,,0,ENG,2025-2026,misc,2026-08-08T22:15:47.817297
ENG-Premier League,2526,Arsenal,Bukayo Saka,ENG,"FW,MF",23,2001,24.7,2,0,0,33,54,14,122,16,19,,,0,ENG,2025-2026,misc,2026-08-08T22:15:47.817297
ENG-Premier League,2526,Arsenal,Christian Nørgaard,DEN,MF,31,1994,1.2,0,0,0,3,0,0,1,1,2,,,0,ENG,2025-2026,misc,2026-08-08T22:15:47.817297
ENG-Premier League,2526,Arsenal,Cristhian Mosquera,ESP,DF,21,2004,11.0,4,0,0,17,7,1,3,8,21,,,0,ENG,2025-2026,misc,2026-08-08T22:15:47.817297
ENG-Premier League,2526,Arsenal,David Raya,ESP,GK,29,1995,37.0,1,0,0,0,14,0,1,1,1,,,0,ENG,2025-2026,misc,2026-08-08T22:15:47.817297
ENG-Premier League,2526,Arsenal,Declan Rice,ENG,MF,26,1999,34.4,3,0,0,26,11,1,177,33,33,,,0,ENG,2025-2026,misc,2026-08-08T22:15:47.817297
ENG-Premier League,2526,Arsenal,Eberechi Eze,ENG,"MF,FW",27,1998,20.1,1,0,0,14,38,1,8,11,13,,,0,ENG,2025-2026,misc,2026-08-08T22:15:47.817297
ENG-Premier League,2526,Arsenal,Ethan Nwaneri,ENG,MF,18,2007,1.9,0,0,0,2,0,0,2,0,0,,,0,ENG,2025-2026,misc,2026-08-08T22:15:47.817297
ENG-Premier League,2526,Arsenal,Gabriel Jesus,BRA,FW,28,1997,4.8,3,0,0,9,1,7,0,2,0,,,0,ENG,2025-2026,misc,2026-08-08T22:15:47.817297
ENG-Premier League,2526,Arsenal,Gabriel Magalhães,BRA,DF,27,1997,30.6,4,0,0,21,34,0,6,22,20,,,0,ENG,2025-2026,misc,2026-08-08T22:15:47.817297
ENG-Premier League,2526,Arsenal,Gabriel Martinelli,BRA,"FW,MF",24,2001,12.0,3,0,0,10,14,5,37,1,8,,,0,ENG,2025-2026,misc,2026-08-08T22:15:47.817297
ENG-Premier League,2526,Arsenal,Jurriën Timber,NED,DF,24,2001,27.3,5,0,0,38,29,0,46,24,35,,,0,ENG,2025-2026,misc,2026-08-08T22:15:47.817297
ENG-Premier League,2526,Arsenal,Kai Havertz,GER,"FW,MF",26,1999,6.5,1,0,0,8,8,3,6,1,5,,,0,ENG,2025-2026,misc,2026-08-08T22:15:47.817297
ENG-Premier League,2526,Arsenal,Kepa Arrizabalaga,ESP,GK,30,1994,1.0,0,0,0,0,0,0,0,0,0,,,0,ENG,2025-2026,misc,2026-08-08T22:15:47.817297
ENG-Premier League,2526,Arsenal,Leandro Trossard,BEL,"FW,MF",30,1994,22.2,2,0,0,13,39,5,58,9,15,,,0,ENG,2025-2026,misc,2026-08-08T22:15:47.817297
ENG-Premier League,2526,Arsenal,Martin Ødegaard,NOR,MF,26,1998,15.2,0,0,0,9,9,2,22,7,9,,,0,ENG,2025-2026,misc,2026-08-08T22:15:47.817297
ENG-Premier League,2526,Arsenal,Martín Zubimendi,ESP,MF,26,1999,33.2,4,0,0,33,15,1,13,39,39,,,0,ENG,2025-2026,misc,2026-08-08T22:15:47.817297
ENG-Premier League,2526,Arsenal,Max Dowman,ENG,MF,15,2009,1.7,0,0,0,2,7,0,6,1,2,,,0,ENG,2025-2026,misc,2026-08-08T22:15:47.817297
ENG-Premier League,2526,Arsenal,Mikel Merino,ESP,"MF,FW",29,1996,11.5,1,0,0,22,20,3,4,9,13,,,0,ENG,2025-2026,misc,2026-08-08T22:15:47.817297
ENG-Premier League,2526,Arsenal,Myles Lewis-Skelly,ENG,"MF,DF",18,2006,7.9,3,0,0,10,16,1,0,5,5,,,0,ENG,2025-2026,misc,2026-08-08T22:15:47.817297
ENG-Premier League,2526,Arsenal,Noni Madueke,ENG,"FW,MF",23,2002,13.5,0,0,0,15,15,4,80,5,10,,,0,ENG,2025-2026,misc,2026-08-08T22:15:47.817297
ENG-Premier League,2526,Arsenal,Piero Hincapié,ECU,DF,23,2002,19.9,2,0,0,18,14,1,33,26,26,,,1,ENG,2025-2026,misc,2026-08-08T22:15:47.817297
ENG-Premier League,2526,Arsenal,Riccardo Calafiori,ITA,DF,23,2002,18.9,5,0,0,26,10,4,21,13,19,,,0,ENG,2025-2026,misc,2026-08-08T22:15:47.817297
ENG-Premier League,2526,Arsenal,Viktor Gyökeres,SWE,FW,27,1998,24.7,5,0,0,35,31,4,8,1,5,,,0,ENG,2025-2026,misc,2026-08-08T22:15:47.817297
ENG-Premier League,2526,Arsenal,William Saliba,FRA,DF,24,2001,29.0,2,0,0,22,16,1,9,15,23,,,0,ENG,2025-2026,misc,2026-08-08T22:15:47.817297
ENG-Premier League,2526,Aston Villa,Alysson,BRA,MF,19,2006,0.5,0,0,0,0,1,0,2,1,0,,,0,ENG,2025-2026,misc,2026-08-08T22:15:47.817297
ENG-Premier League,2526,Aston Villa,Amadou Onana,BEL,MF,23,2001,19.5,3,0,0,20,25,0,0,19,30,,,0,ENG,2025-2026,misc,2026-08-08T22:15:47.817297
ENG-Premier League,2526,Aston Villa,Andrés García,ESP,DF,22,2003,1.0,0,0,0,1,0,0,4,0,4,,,0,ENG,2025-2026,misc,2026-08-08T22:15:47.817297
ENG-Premier League,2526,Aston Villa,Boubacar Kamara,FRA,MF,25,1999,15.7,5,0,0,16,30,0,2,15,16,,,0,ENG,2025-2026,misc,2026-08-08T22:15:47.817297
ENG-Premier League,2526,Aston Villa,Bradley Burrowes,ENG,MF,17,2008,0.2,0,0,0,0,1,0,3,0,0,,,0,ENG,2025-2026,misc,2026-08-08T22:15:47.817297
ENG-Premier League,2526,Aston Villa,Donyell Malen,NED,"FW,MF",26,1999,7.3,0,0,0,2,6,1,7,0,2,,,0,ENG,2025-2026,misc,2026-08-08T22:15:47.817297
ENG-Premier League,2526,Aston Villa,Douglas Luiz,BRA,MF,27,1998,6.7,1,0,0,9,10,0,28,7,11,,,0,ENG,2025-2026,misc,2026-08-08T22:15:47.817297
ENG-Premier League,2526,Aston Villa,Emi Buendía,ARG,MF,28,1996,19.5,6,0,0,41,45,1,10,13,27,,,0,ENG,2025-2026,misc,2026-08-08T22:15:47.817297
ENG-Premier League,2526,Aston Villa,Emiliano Martínez,ARG,GK,32,1992,31.5,2,0,0,0,17,0,0,0,0,,,0,ENG,2025-2026,misc,2026-08-08T22:15:47.817297
ENG-Premier League,2526,Aston Villa,Evann Guessand,CIV,MF,24,2001,6.5,0,0,0,11,12,0,10,3,9,,,0,ENG,2025-2026,misc,2026-08-08T22:15:47.817297
ENG-Premier League,2526,Aston Villa,Ezri Konsa,ENG,DF,27,1997,33.7,0,1,0,11,42,0,5,22,8,,,0,ENG,2025-2026,misc,2026-08-08T22:15:47.817297
ENG-Premier League,2526,Aston Villa,George Hemmings,ENG,MF,18,2007,0.3,0,0,0,1,0,0,0,0,0,,,0,ENG,2025-2026,misc,2026-08-08T22:15:47.817297
ENG-Premier League,2526,Aston Villa,Harvey Elliott,ENG,MF,22,2003,1.2,0,0,0,0,2,0,3,0,0,,,0,ENG,2025-2026,misc,2026-08-08T22:15:47.817297
ENG-Premier League,2526,Aston Villa,Ian Maatsen,NED,DF,23,2002,17.8,2,0,0,17,19,1,54,18,31,,,0,ENG,2025-2026,misc,2026-08-08T22:15:47.817297
ENG-Premier League,2526,Aston Villa,Jadon Sancho,ENG,MF,25,2000,9.7,0,0,0,3,2,3,23,2,2,,,0,ENG,2025-2026,misc,2026-08-08T22:15:47.817297
ENG-Premier League,2526,Aston Villa,Jamaldeen Jimoh,ENG,MF,18,2006,0.1,0,0,0,0,1,0,0,0,0,,,0,ENG,2025-2026,misc,2026-08-08T22:15:47.817297
ENG-Premier League,2526,Aston Villa,John McGinn,SCO,MF,30,1994,23.7,5,0,0,31,48,0,82,12,17,,,0,ENG,2025-2026,misc,2026-08-08T22:15:47.817297
ENG-Premier League,2526,Aston Villa,Lamare Bogarde,NED,"MF,DF",21,2004,11.7,5,0,0,17,20,0,2,4,19,,,0,ENG,2025-2026,misc,2026-08-08T22:15:47.817297
ENG-Premier League,2526,Aston Villa,Leon Bailey,JAM,MF,27,1997,5.1,1,0,0,6,5,1,19,4,6,,,0,ENG,2025-2026,misc,2026-08-08T22:15:47.817297
ENG-Premier League,2526,Aston Villa,Lucas Digne,FRA,DF,32,1993,20.6,3,0,0,14,12,3,108,13,26,,,0,ENG,2025-2026,misc,2026-08-08T22:15:47.817297
ENG-Premier League,2526,Aston Villa,Marco Bizot,NED,GK,34,1991,6.5,2,0,0,1,1,0,0,0,0,,,0,ENG,2025-2026,misc,2026-08-08T22:15:47.817297
ENG-Premier League,2526,Aston Villa,Matty Cash,POL,DF,27,1997,33.5,9,0,0,42,30,4,131,24,32,,,0,ENG,2025-2026,misc,2026-08-08T22:15:47.817297
ENG-Premier League,2526,Aston Villa,Morgan Rogers,ENG,MF,23,2002,36.4,7,0,0,46,49,3,51,13,23,,,0,ENG,2025-2026,misc,2026-08-08T22:15:47.817297
ENG-Premier League,2526,Aston Villa,Ollie Watkins,ENG,FW,29,1995,31.5,4,0,0,35,32,25,7,5,14,,,0,ENG,2025-2026,misc,2026-08-08T22:15:47.817297
ENG-Premier League,2526,Aston Villa,Pau Torres,ESP,DF,28,1997,18.6,1,0,0,7,5,0,4,11,14,,,1,ENG,2025-2026,misc,2026-08-08T22:15:47.817297
ENG-Premier League,2526,Aston Villa,Ross Barkley,ENG,MF,31,1993,9.5,1,0,0,9,8,0,0,2,11,,,0,ENG,2025-2026,misc,2026-08-08T22:15:47.817297
ENG-Premier League,2526,Aston Villa,Tammy Abraham,ENG,FW,27,1997,3.2,0,0,0,2,0,0,1,0,1,,,0,ENG,2025-2026,misc,2026-08-08T22:15:47.817297
ENG-Premier League,2526,Aston Villa,Tyrone Mings,ENG,DF,32,1993,14.7,1,0,0,10,8,0,4,11,2,,,0,ENG,2025-2026,misc,2026-08-08T22:15:47.817297
ENG-Premier League,2526,Aston Villa,Victor Lindelöf,SWE,"DF,MF",31,1994,10.5,0,0,0,2,0,0,0,8,3,,,0,ENG,2025-2026,misc,2026-08-08T22:15:47.817297
ENG-Premier League,2526,Aston Villa,Youri Tielemans,BEL,MF,28,1997,20.7,0,0,0,25,40,1,45,16,39,,,0,ENG,2025-2026,misc,2026-08-08T22:15:47.817297
ENG-Premier League,2526,Bournemouth,Adam Smith,ENG,DF,34,1991,12.0,3,0,0,19,11,0,13,10,12,,,0,ENG,2025-2026,misc,2026-08-08T22:15:47.817297
ENG-Premier League,2526,Bournemouth,Adrien Truffert,FRA,DF,23,2001,37.5,5,0,0,39,32,0,142,43,51,,,0,ENG,2025-2026,misc,2026-08-08T22:15:47.817297
ENG-Premier League,2526,Bournemouth,Alex Scott,ENG,MF,21,2003,31.7,5,0,0,45,60,1,88,35,38,,,0,ENG,2025-2026,misc,2026-08-08T22:15:47.817297
ENG-Premier League,2526,Bournemouth,Alex Tóth,HUN,MF,19,2005,1.6,1,0,0,1,2,0,3,3,0,,,0,ENG,2025-2026,misc,2026-08-08T22:15:47.817297
ENG-Premier League,2526,Bournemouth,Amine Adli,MAR,MF,25,2000,12.2,2,0,0,29,23,5,39,6,17,,,0,ENG,2025-2026,misc,2026-08-08T22:15:47.817297
ENG-Premier League,2526,Bournemouth,Antoine Semenyo,GHA,MF,25,2000,20.0,6,0,0,37,14,12,28,6,20,,,0,ENG,2025-2026,misc,2026-08-08T22:15:47.817297
ENG-Premier League,2526,Bournemouth,Bafodé Diakité,FRA,DF,24,2001,14.2,1,0,0,8,4,2,1,10,15,,,0,ENG,2025-2026,misc,2026-08-08T22:15:47.817297
ENG-Premier League,2526,Bournemouth,Ben Gannon-Doak,SCO,MF,19,2005,1.3,0,0,0,3,1,0,4,1,2,,,0,ENG,2025-2026,misc,2026-08-08T22:15:47.817297
ENG-Premier League,2526,Bournemouth,Ben Winterburn,ENG,MF,20,2004,0.1,0,0,0,0,0,0,0,0,0,,,0,ENG,2025-2026,misc,2026-08-08T22:15:47.817297
ENG-Premier League,2526,Bournemouth,David Brooks,WAL,MF,28,1997,13.4,7,0,0,11,13,2,59,4,13,,,0,ENG,2025-2026,misc,2026-08-08T22:15:47.817297
ENG-Premier League,2526,Bournemouth,Eli Junior Kroupi,FRA,"MF,FW",19,2006,18.6,5,0,0,27,12,6,10,9,6,,,0,ENG,2025-2026,misc,2026-08-08T22:15:47.817297
ENG-Premier League,2526,Bournemouth,Enes Ünal,TUR,FW,28,1997,2.6,1,0,0,6,10,3,2,0,1,,,0,ENG,2025-2026,misc,2026-08-08T22:15:47.817297
ENG-Premier League,2526,Bournemouth,Evanilson,BRA,FW,25,1999,30.5,2,0,0,26,37,28,3,6,5,,,0,ENG,2025-2026,misc,2026-08-08T22:15:47.817297
ENG-Premier League,2526,Bournemouth,Hamed Junior Traorè,CIV,MF,25,2000,0.2,0,0,0,0,0,0,1,0,0,,,0,ENG,2025-2026,misc,2026-08-08T22:15:47.817297
ENG-Premier League,2526,Bournemouth,James Hill,ENG,DF,23,2002,23.4,5,0,0,17,13,2,11,37,20,,,2,ENG,2025-2026,misc,2026-08-08T22:15:47.817297
ENG-Premier League,2526,Bournemouth,Julio Soler,ARG,DF,20,2005,0.4,0,0,0,2,2,0,2,0,0,,,0,ENG,2025-2026,misc,2026-08-08T22:15:47.817297
ENG-Premier League,2526,Bournemouth,Justin Kluivert,NED,MF,26,1999,10.6,5,0,0,18,10,1,40,4,7,,,0,ENG,2025-2026,misc,2026-08-08T22:15:47.817297
ENG-Premier League,2526,Bournemouth,Lewis Cook,ENG,"MF,DF",28,1997,9.7,1,1,0,8,5,0,44,21,17,,,0,ENG,2025-2026,misc,2026-08-08T22:15:47.817297
ENG-Premier League,2526,Bournemouth,Marcos Senesi,ARG,DF,28,1997,36.5,8,0,0,35,37,1,28,50,34,,,0,ENG,2025-2026,misc,2026-08-08T22:15:47.817297
ENG-Premier League,2526,Bournemouth,Marcus Tavernier,ENG,MF,26,1999,30.3,6,0,0,31,35,4,114,16,21,,,0,ENG,2025-2026,misc,2026-08-08T22:15:47.817297
ENG-Premier League,2526,Bournemouth,Rayan,BRA,MF,18,2006,12.3,1,0,0,9,6,1,24,8,6,,,0,ENG,2025-2026,misc,2026-08-08T22:15:47.817297
ENG-Premier League,2526,Bournemouth,Ryan Christie,SCO,MF,30,1995,11.0,3,1,0,16,22,1,17,11,20,,,0,ENG,2025-2026,misc,2026-08-08T22:15:47.817297
ENG-Premier League,2526,Bournemouth,Tyler Adams,USA,MF,26,1999,19.7,8,0,0,36,13,1,3,30,24,,,0,ENG,2025-2026,misc,2026-08-08T22:15:47.817297
ENG-Premier League,2526,Bournemouth,Veljko Milosavljević,SRB,DF,18,2007,4.1,0,0,0,0,0,0,0,4,4,,,0,ENG,2025-2026,misc,2026-08-08T22:15:47.817297
ENG-Premier League,2526,Bournemouth,Álex Jiménez,ESP,"DF,MF",20,2005,25.7,10,0,0,35,20,0,51,27,45,,,0,ENG,2025-2026,misc,2026-08-08T22:15:47.817297
ENG-Premier League,2526,Bournemouth,Đorđe Petrović,SRB,GK,25,1999,38.0,3,0,0,0,2,0,0,0,0,,,1,ENG,2025-2026,misc,2026-08-08T22:15:47.817297
ENG-Premier League,2526,Brentford,Aaron Hickey,SCO,"DF,MF",23,2002,7.7,1,0,0,7,9,0,4,8,7,,,0,ENG,2025-2026,misc,2026-08-08T22:15:47.817297
ENG-Premier League,2526,Brentford,Antoni Milambo,NED,MF,20,2005,0.5,0,0,0,0,0,0,0,0,1,,,0,ENG,2025-2026,misc,2026-08-08T22:15:47.817297
ENG-Premier League,2526,Brentford,Caoimhín Kelleher,IRL,GK,26,1998,37.0,1,0,0,3,6,0,0,1,0,,,0,ENG,2025-2026,misc,2026-08-08T22:15:47.817297
ENG-Premier League,2526,Brentford,Dango Ouattara,BFA,MF,23,2002,25.3,5,0,0,27,39,8,107,24,14,,,0,ENG,2025-2026,misc,2026-08-08T22:15:47.817297
ENG-Premier League,2526,Brentford,Ethan Pinnock,JAM,DF,32,1993,3.5,1,0,0,0,2,0,0,5,5,,,1,ENG,2025-2026,misc,2026-08-08T22:15:47.817297
ENG-Premier League,2526,Brentford,Fabio Carvalho,POR,MF,22,2002,1.1,0,0,0,0,0,0,5,0,2,,,0,ENG,2025-2026,misc,2026-08-08T22:15:47.817297
ENG-Premier League,2526,Brentford,Frank Onyeka,NGA,MF,27,1998,1.0,0,0,0,3,3,0,0,0,0,,,0,ENG,2025-2026,misc,2026-08-08T22:15:47.817297
ENG-Premier League,2526,Brentford,Hákon Valdimarsson,ISL,GK,23,2001,1.0,0,0,0,0,0,0,0,0,0,,,0,ENG,2025-2026,misc,2026-08-08T22:15:47.817297
ENG-Premier League,2526,Brentford,Igor Thiago,BRA,FW,24,2001,36.5,7,0,0,74,26,24,19,12,21,,,0,ENG,2025-2026,misc,2026-08-08T22:15:47.817297
ENG-Premier League,2526,Brentford,Jordan Henderson,ENG,MF,35,1990,21.3,6,0,0,13,7,1,48,16,14,,,0,ENG,2025-2026,misc,2026-08-08T22:15:47.817297
ENG-Premier League,2526,Brentford,Josh Dasilva,ENG,MF,26,1998,0.0,0,0,0,0,0,0,0,0,0,,,0,ENG,2025-2026,misc,2026-08-08T22:15:47.817297
ENG-Premier League,2526,Brentford,Kaye Furo,BEL,FW,18,2007,0.0,0,0,0,1,0,0,0,0,0,,,0,ENG,2025-2026,misc,2026-08-08T22:15:47.817297
ENG-Premier League,2526,Brentford,Keane Lewis-Potter,ENG,"DF,MF",24,2001,21.9,1,0,0,15,36,3,69,10,14,,,0,ENG,2025-2026,misc,2026-08-08T22:15:47.817297
ENG-Premier League,2526,Brentford,Kevin Schade,GER,"MF,FW",23,2001,30.5,6,1,0,50,43,10,23,19,27,,,0,ENG,2025-2026,misc,2026-08-08T22:15:47.817297
ENG-Premier League,2526,Brentford,Kristoffer Ajer,NOR,DF,27,1998,20.1,4,0,0,23,5,0,7,15,23,,,0,ENG,2025-2026,misc,2026-08-08T22:15:47.817297
ENG-Premier League,2526,Brentford,Mathias Jensen,DEN,MF,29,1996,25.0,3,0,0,20,15,2,124,21,23,,,0,ENG,2025-2026,misc,2026-08-08T22:15:47.817297
ENG-Premier League,2526,Brentford,Michael Kayode,ITA,DF,21,2004,36.2,8,0,0,26,50,1,56,39,47,,,1,ENG,2025-2026,misc,2026-08-08T22:15:47.817297
ENG-Premier League,2526,Brentford,Mikkel Damsgaard,DEN,MF,25,2000,22.8,0,0,0,18,23,4,95,24,34,,,0,ENG,2025-2026,misc,2026-08-08T22:15:47.817297
ENG-Premier League,2526,Brentford,Myles Peart-Harris,ENG,MF,22,2002,0.0,0,0,0,1,0,0,0,0,0,,,0,ENG,2025-2026,misc,2026-08-08T22:15:47.817297
ENG-Premier League,2526,Brentford,Nathan Collins,IRL,DF,24,2001,33.1,7,0,0,20,17,2,1,36,13,,,1,ENG,2025-2026,misc,2026-08-08T22:15:47.817297
ENG-Premier League,2526,Brentford,Reiss Nelson,ENG,"FW,MF",25,1999,1.4,0,0,0,0,2,0,2,0,3,,,0,ENG,2025-2026,misc,2026-08-08T22:15:47.817297
ENG-Premier League,2526,Brentford,Rico Henry,JAM,DF,28,1997,14.8,2,0,0,15,17,2,26,7,11,,,0,ENG,2025-2026,misc,2026-08-08T22:15:47.817297
ENG-Premier League,2526,Brentford,Romelle Donovan,ENG,FW,18,2006,0.5,0,0,0,2,3,0,2,0,0,,,0,ENG,2025-2026,misc,2026-08-08T22:15:47.817297
ENG-Premier League,2526,Brentford,Sepp van den Berg,NED,DF,23,2001,30.7,2,0,0,15,11,0,0,26,9,,,0,ENG,2025-2026,misc,2026-08-08T22:15:47.817297
ENG-Premier League,2526,Brentford,Vitaly Janelt,GER,MF,27,1998,16.0,8,0,0,20,13,0,61,27,17,,,0,ENG,2025-2026,misc,2026-08-08T22:15:47.817297
ENG-Premier League,2526,Brentford,Yehor Yarmoliuk,UKR,MF,21,2004,29.5,7,0,0,37,12,1,30,28,46,,,0,ENG,2025-2026,misc,2026-08-08T22:15:47.817297
ENG-Premier League,2526,Brighton,Bart Verbruggen,NED,GK,22,2002,38.0,3,0,0,2,2,0,0,0,1,,,1,ENG,2025-2026,misc,2026-08-08T22:15:47.817297
ENG-Premier League,2526,Brighton,Brajan Gruda,GER,MF,21,2004,8.0,2,0,0,11,14,2,14,2,5,,,0,ENG,2025-2026,misc,2026-08-08T22:15:47.817297
ENG-Premier League,2526,Brighton,Carlos Baleba,CMR,MF,21,2004,18.4,5,0,0,31,24,0,0,28,21,,,0,ENG,2025-2026,misc,2026-08-08T22:15:47.817297
ENG-Premier League,2526,Brighton,Charalampos Kostoulas,GRE,FW,18,2007,4.1,2,0,0,7,7,4,6,1,6,,,0,ENG,2025-2026,misc,2026-08-08T22:15:47.817297
ENG-Premier League,2526,Brighton,Danny Welbeck,ENG,FW,34,1990,25.1,5,0,0,31,10,5,3,8,14,,,0,ENG,2025-2026,misc,2026-08-08T22:15:47.817297
ENG-Premier League,2526,Brighton,Diego Coppola,ITA,DF,21,2003,2.2,2,0,0,4,0,0,0,1,2,,,0,ENG,2025-2026,misc,2026-08-08T22:15:47.817297
ENG-Premier League,2526,Brighton,Diego Gómez,PAR,"MF,FW",22,2003,23.6,9,0,0,49,11,1,23,19,49,,,0,ENG,2025-2026,misc,2026-08-08T22:15:47.817297
ENG-Premier League,2526,Brighton,Ferdi Kadioglu,TUR,"DF,MF",25,1999,34.8,6,0,0,22,36,7,109,25,39,,,0,ENG,2025-2026,misc,2026-08-08T22:15:47.817297
ENG-Premier League,2526,Brighton,Georginio Rutter,FRA,"MF,FW",23,2002,19.8,2,0,0,30,34,11,20,11,19,,,1,ENG,2025-2026,misc,2026-08-08T22:15:47.817297
ENG-Premier League,2526,Brighton,Harry Howell,ENG,MF,17,2008,1.0,0,0,0,0,0,1,4,0,0,,,0,ENG,2025-2026,misc,2026-08-08T22:15:47.817297
ENG-Premier League,2526,Brighton,Jack Hinshelwood,ENG,MF,20,2005,19.3,0,0,0,32,12,2,7,6,13,,,1,ENG,2025-2026,misc,2026-08-08T22:15:47.817297
ENG-Premier League,2526,Brighton,James Milner,ENG,MF,39,1986,8.7,2,0,0,15,3,1,14,5,9,,,0,ENG,2025-2026,misc,2026-08-08T22:15:47.817297
ENG-Premier League,2526,Brighton,Jan Paul van Hecke,NED,DF,25,2000,35.7,9,0,0,27,43,4,23,45,31,,,1,ENG,2025-2026,misc,2026-08-08T22:15:47.817297
ENG-Premier League,2526,Brighton,Joe Knight,ENG,MF,19,2005,0.0,0,0,0,0,0,0,0,0,0,,,0,ENG,2025-2026,misc,2026-08-08T22:15:47.817297
ENG-Premier League,2526,Brighton,Joël Veltman,NED,DF,33,1992,11.8,5,0,0,10,22,2,18,19,17,,,0,ENG,2025-2026,misc,2026-08-08T22:15:47.817297
ENG-Premier League,2526,Brighton,Kaoru Mitoma,JPN,"MF,FW",28,1997,19.1,5,0,0,31,21,4,46,8,12,,,0,ENG,2025-2026,misc,2026-08-08T22:15:47.817297
ENG-Premier League,2526,Brighton,Lewis Dunk,ENG,DF,33,1991,31.5,10,0,0,14,12,1,5,30,22,,,0,ENG,2025-2026,misc,2026-08-08T22:15:47.817297
ENG-Premier League,2526,Brighton,Mats Wieffer,NED,DF,25,1999,21.1,8,0,0,30,22,2,17,24,43,,,0,ENG,2025-2026,misc,2026-08-08T22:15:47.817297
ENG-Premier League,2526,Brighton,Matt O'Riley,DEN,MF,24,2000,2.3,0,0,0,2,1,1,6,0,2,,,0,ENG,2025-2026,misc,2026-08-08T22:15:47.817297
ENG-Premier League,2526,Brighton,Maxim De Cuyper,BEL,"DF,MF",24,2000,15.7,2,0,0,18,21,1,77,11,10,,,0,ENG,2025-2026,misc,2026-08-08T22:15:47.817297
ENG-Premier League,2526,Brighton,Nehemiah Oriola,ENG,MF,18,2007,0.0,0,0,0,0,0,0,0,0,0,,,0,ENG,2025-2026,misc,2026-08-08T22:15:47.817297
ENG-Premier League,2526,Brighton,Olivier Boscagli,FRA,DF,27,1997,8.9,2,0,0,7,10,0,15,16,11,,,0,ENG,2025-2026,misc,2026-08-08T22:15:47.817297
ENG-Premier League,2526,Brighton,Pascal Groß,GER,MF,34,1991,18.2,2,0,0,17,12,4,119,11,17,,,0,ENG,2025-2026,misc,2026-08-08T22:15:47.817297
ENG-Premier League,2526,Brighton,Solly March,ENG,MF,31,1994,0.5,0,0,0,0,1,0,4,0,2,,,0,ENG,2025-2026,misc,2026-08-08T22:15:47.817297
ENG-Premier League,2526,Brighton,Stefanos Tzimas,GRE,FW,19,2006,1.5,0,0,0,4,1,1,1,0,1,,,0,ENG,2025-2026,misc,2026-08-08T22:15:47.817297
ENG-Premier League,2526,Brighton,Tom Watson,ENG,MF,19,2006,0.7,1,0,0,3,0,0,0,0,1,,,0,ENG,2025-2026,misc,2026-08-08T22:15:47.817297
ENG-Premier League,2526,Brighton,Yankuba Minteh,GAM,MF,21,2004,26.6,3,0,0,32,22,10,159,15,37,,,0,ENG,2025-2026,misc,2026-08-08T22:15:47.817297
ENG-Premier League,2526,Brighton,Yasin Ayari,SWE,MF,21,2003,21.4,1,0,0,24,28,0,24,26,25,,,0,ENG,2025-2026,misc,2026-08-08T22:15:47.817297
ENG-Premier League,2526,Burnley,Armando Broja,ALB,FW,23,2001,9.6,0,0,0,14,16,6,3,3,3,,,0,ENG,2025-2026,misc,2026-08-08T22:15:47.817297
ENG-Premier League,2526,Burnley,Ashley Barnes,ENG,"FW,MF",35,1989,0.5,2,0,0,2,2,2,0,0,0,,,0,ENG,2025-2026,misc,2026-08-08T22:15:47.817297
ENG-Premier League,2526,Burnley,Axel Tuanzebe,COD,DF,27,1997,13.3,1,0,0,13,2,1,1,12,8,,,1,ENG,2025-2026,misc,2026-08-08T22:15:47.817297
ENG-Premier League,2526,Burnley,Bashir Humphreys,ENG,"DF,MF",22,2003,17.5,6,0,0,14,10,2,17,11,17,,,0,ENG,2025-2026,misc,2026-08-08T22:15:47.817297
ENG-Premier League,2526,Burnley,Florentino Luís,POR,MF,25,1999,23.4,6,0,0,40,8,1,11,40,49,,,0,ENG,2025-2026,misc,2026-08-08T22:15:47.817297
ENG-Premier League,2526,Burnley,Hannibal Mejbri,TUN,MF,22,2003,13.7,10,0,0,23,46,3,30,7,17,,,0,ENG,2025-2026,misc,2026-08-08T22:15:47.817297
ENG-Premier League,2526,Burnley,Hjalmar Ekdal,SWE,DF,26,1998,17.1,0,0,0,5,7,2,1,12,17,,,0,ENG,2025-2026,misc,2026-08-08T22:15:47.817297
ENG-Premier League,2526,Burnley,Jacob Bruun Larsen,DEN,"MF,FW",26,1998,11.4,0,0,0,1,0,4,42,6,3,,,0,ENG,2025-2026,misc,2026-08-08T22:15:47.817297
ENG-Premier League,2526,Burnley,Jaidon Anthony,ENG,MF,25,1999,30.2,4,0,0,27,47,9,80,16,21,,,0,ENG,2025-2026,misc,2026-08-08T22:15:47.817297
ENG-Premier League,2526,Burnley,James Ward-Prowse,ENG,MF,30,1994,7.6,1,0,0,4,11,0,52,15,4,,,0,ENG,2025-2026,misc,2026-08-08T22:15:47.817297
ENG-Premier League,2526,Burnley,Jaydon Amauri Banel,NED,"FW,MF",20,2004,0.1,0,0,0,0,1,0,0,0,0,,,0,ENG,2025-2026,misc,2026-08-08T22:15:47.817297
ENG-Premier League,2526,Burnley,Joe Worrall,ENG,DF,28,1997,5.6,0,0,0,4,1,0,0,6,2,,,0,ENG,2025-2026,misc,2026-08-08T22:15:47.817297
ENG-Premier League,2526,Burnley,Josh Cullen,IRL,MF,29,1996,16.8,2,0,0,16,18,0,12,24,19,,,1,ENG,2025-2026,misc,2026-08-08T22:15:47.817297
ENG-Premier League,2526,Burnley,Josh Laurent,ENG,"DF,MF",30,1995,19.6,7,1,0,31,11,2,14,28,25,,,0,ENG,2025-2026,misc,2026-08-08T22:15:47.817297
ENG-Premier League,2526,Burnley,Kyle Walker,ENG,"DF,MF",35,1990,34.4,9,0,0,32,22,1,37,43,32,,,0,ENG,2025-2026,misc,2026-08-08T22:15:47.817297
ENG-Premier League,2526,Burnley,Lesley Ugochukwu,FRA,MF,21,2004,26.0,3,1,1,28,30,1,7,17,26,,,0,ENG,2025-2026,misc,2026-08-08T22:15:47.817297
ENG-Premier League,2526,Burnley,Loum Tchaouna,FRA,"MF,FW",21,2003,14.1,2,0,0,12,16,1,34,2,9,,,0,ENG,2025-2026,misc,2026-08-08T22:15:47.817297
ENG-Premier League,2526,Burnley,Lucas,BRA,"MF,DF",24,2001,15.7,1,1,0,15,4,5,56,19,22,,,0,ENG,2025-2026,misc,2026-08-08T22:15:47.817297
ENG-Premier League,2526,Burnley,Lyle Foster,RSA,"FW,MF",24,2000,15.2,4,0,0,22,13,11,6,4,12,,,0,ENG,2025-2026,misc,2026-08-08T22:15:47.817297
ENG-Premier League,2526,Burnley,Marcus Edwards,ENG,"MF,FW",26,1998,11.9,0,0,0,7,18,1,19,3,6,,,0,ENG,2025-2026,misc,2026-08-08T22:15:47.817297
ENG-Premier League,2526,Burnley,Martin Dúbravka,SVK,GK,36,1989,35.0,1,0,0,0,8,0,0,0,1,,,0,ENG,2025-2026,misc,2026-08-08T22:15:47.817297
ENG-Premier League,2526,Burnley,Max Weiß,GER,GK,21,2004,3.0,0,0,0,0,0,0,0,0,0,,,0,ENG,2025-2026,misc,2026-08-08T22:15:47.817297
ENG-Premier League,2526,Burnley,Maxime Estève,FRA,DF,23,2002,32.6,1,0,0,13,12,0,6,37,27,,,2,ENG,2025-2026,misc,2026-08-08T22:15:47.817297
ENG-Premier League,2526,Burnley,Mike Trésor,BEL,"FW,MF",26,1999,0.5,0,0,0,0,0,0,3,0,1,,,0,ENG,2025-2026,misc,2026-08-08T22:15:47.817297
ENG-Premier League,2526,Burnley,Oliver Sonne,PER,DF,24,2000,1.9,0,0,0,4,0,0,5,1,1,,,0,ENG,2025-2026,misc,2026-08-08T22:15:47.817297
ENG-Premier League,2526,Burnley,Quilindschy Hartman,NED,DF,23,2001,20.3,1,0,0,13,3,1,74,32,31,,,0,ENG,2025-2026,misc,2026-08-08T22:15:47.817297
ENG-Premier League,2526,Burnley,Zeki Amdouni,SUI,"FW,MF",24,2000,0.8,0,0,0,1,1,0,0,0,0,,,0,ENG,2025-2026,misc,2026-08-08T22:15:47.817297
ENG-Premier League,2526,Burnley,Zian Flemming,NED,FW,26,1998,19.7,5,0,0,51,26,3,6,6,10,,,0,ENG,2025-2026,misc,2026-08-08T22:15:47.817297
ENG-Premier League,2526,Chelsea,Alejandro Garnacho,ARG,MF,21,2004,14.1,2,0,0,9,23,2,61,4,13,,,0,ENG,2025-2026,misc,2026-08-08T22:15:47.817297
ENG-Premier League,2526,Chelsea,Andrey Santos,BRA,MF,21,2004,14.0,4,0,0,13,22,1,2,18,21,,,0,ENG,2025-2026,misc,2026-08-08T22:15:47.817297
ENG-Premier League,2526,Chelsea,Benoît Badiashile,FRA,DF,24,2001,5.2,2,0,0,6,2,0,0,9,5,,,0,ENG,2025-2026,misc,2026-08-08T22:15:47.817297
ENG-Premier League,2526,Chelsea,Cole Palmer,ENG,MF,23,2002,21.7,5,0,0,13,37,2,35,13,12,,,0,ENG,2025-2026,misc,2026-08-08T22:15:47.817297
ENG-Premier League,2526,Chelsea,Dario Essugo,POR,MF,20,2005,0.3,2,0,0,3,1,0,0,0,3,,,0,ENG,2025-2026,misc,2026-08-08T22:15:47.817297
ENG-Premier League,2526,Chelsea,Enzo Fernández,ARG,MF,24,2001,34.6,10,0,0,36,45,1,89,20,24,,,0,ENG,2025-2026,misc,2026-08-08T22:15:47.817297
ENG-Premier League,2526,Chelsea,Estêvão Willian,BRA,MF,18,2007,9.4,4,0,0,12,9,6,16,4,6,,,0,ENG,2025-2026,misc,2026-08-08T22:15:47.817297
ENG-Premier League,2526,Chelsea,Facundo Buonanotte,ARG,MF,20,2004,0.5,0,0,0,0,0,0,0,0,0,,,0,ENG,2025-2026,misc,2026-08-08T22:15:47.817297
ENG-Premier League,2526,Chelsea,Filip Jørgensen,DEN,GK,23,2002,4.2,0,0,0,0,0,0,0,1,0,,,0,ENG,2025-2026,misc,2026-08-08T22:15:47.817297
ENG-Premier League,2526,Chelsea,Jamie Gittens,ENG,MF,20,2004,5.5,0,0,0,6,8,2,13,2,4,,,0,ENG,2025-2026,misc,2026-08-08T22:15:47.817297
ENG-Premier League,2526,Chelsea,Jesse Derry,ENG,MF,18,2007,0.5,0,0,0,0,1,0,2,0,1,,,0,ENG,2025-2026,misc,2026-08-08T22:15:47.817297
ENG-Premier League,2526,Chelsea,Jorrel Hato,NED,DF,19,2006,12.8,7,0,0,15,2,0,7,17,19,,,0,ENG,2025-2026,misc,2026-08-08T22:15:47.817297
ENG-Premier League,2526,Chelsea,Joshua Acheampong,ENG,DF,19,2006,7.4,1,0,0,2,9,2,1,12,8,,,0,ENG,2025-2026,misc,2026-08-08T22:15:47.817297
ENG-Premier League,2526,Chelsea,João Pedro,BRA,"FW,MF",23,2001,29.6,5,0,0,38,55,16,18,6,17,,,0,ENG,2025-2026,misc,2026-08-08T22:15:47.817297
ENG-Premier League,2526,Chelsea,Levi Colwill,ENG,DF,22,2003,2.5,0,0,0,1,2,0,1,5,2,,,0,ENG,2025-2026,misc,2026-08-08T22:15:47.817297
ENG-Premier League,2526,Chelsea,Liam Delap,ENG,FW,22,2003,12.3,4,0,0,25,19,5,6,1,3,,,0,ENG,2025-2026,misc,2026-08-08T22:15:47.817297
ENG-Premier League,2526,Chelsea,Malo Gusto,FRA,"DF,MF",22,2003,25.1,5,1,1,20,20,1,58,30,23,,,1,ENG,2025-2026,misc,2026-08-08T22:15:47.817297
ENG-Premier League,2526,Chelsea,Mamadou Sarr,SEN,DF,19,2005,1.1,0,0,0,0,0,0,0,1,0,,,0,ENG,2025-2026,misc,2026-08-08T22:15:47.817297
ENG-Premier League,2526,Chelsea,Marc Cucurella,ESP,DF,27,1998,30.1,8,1,0,45,29,5,41,28,40,,,0,ENG,2025-2026,misc,2026-08-08T22:15:47.817297
ENG-Premier League,2526,Chelsea,Marc Guiu,ESP,FW,19,2006,2.9,1,0,0,9,2,2,0,0,0,,,0,ENG,2025-2026,misc,2026-08-08T22:15:47.817297
ENG-Premier League,2526,Chelsea,Moisés Caicedo,ECU,MF,23,2001,31.1,11,1,0,54,55,0,8,59,47,,,0,ENG,2025-2026,misc,2026-08-08T22:15:47.817297
ENG-Premier League,2526,Chelsea,Pedro Neto,POR,"MF,FW",25,2000,29.2,4,1,1,17,25,6,184,6,11,,,0,ENG,2025-2026,misc,2026-08-08T22:15:47.817297
ENG-Premier League,2526,Chelsea,Reece James,ENG,"DF,MF",25,1999,21.8,4,0,0,26,22,1,126,32,33,,,0,ENG,2025-2026,misc,2026-08-08T22:15:47.817297
ENG-Premier League,2526,Chelsea,Robert Sánchez,ESP,GK,27,1997,33.8,3,1,0,2,13,0,0,1,0,,,0,ENG,2025-2026,misc,2026-08-08T22:15:47.817297
ENG-Premier League,2526,Chelsea,Roméo Lavia,BEL,MF,21,2004,4.2,0,0,0,8,8,0,1,5,7,,,0,ENG,2025-2026,misc,2026-08-08T22:15:47.817297
ENG-Premier League,2526,Chelsea,Shumaira Mheuka,ENG,FW,17,2007,0.0,0,0,0,0,0,0,0,0,0,,,0,ENG,2025-2026,misc,2026-08-08T22:15:47.817297
ENG-Premier League,2526,Chelsea,Tosin Adarabioyo,ENG,DF,27,1997,8.8,2,0,0,6,0,1,0,9,6,,,0,ENG,2025-2026,misc,2026-08-08T22:15:47.817297
ENG-Premier League,2526,Chelsea,Trevoh Chalobah,ENG,DF,26,1999,30.9,3,1,0,20,18,2,5,37,22,,,0,ENG,2025-2026,misc,2026-08-08T22:15:47.817297
ENG-Premier League,2526,Chelsea,Tyrique George,ENG,FW,19,2006,1.6,2,0,0,6,1,2,1,0,2,,,0,ENG,2025-2026,misc,2026-08-08T22:15:47.817297
ENG-Premier League,2526,Chelsea,Wesley Fofana,FRA,DF,24,2000,19.1,9,2,2,27,17,1,2,38,11,,,0,ENG,2025-2026,misc,2026-08-08T22:15:47.817297
ENG-Premier League,2526,Crystal Palace,Adam Wharton,ENG,MF,21,2004,28.4,6,1,1,35,31,0,86,27,36,,,0,ENG,2025-2026,misc,2026-08-08T22:15:47.817297
ENG-Premier League,2526,Crystal Palace,Borna Sosa,CRO,"DF,MF",27,1998,1.1,1,0,0,4,0,0,6,2,0,,,0,ENG,2025-2026,misc,2026-08-08T22:15:47.817297
ENG-Premier League,2526,Crystal Palace,Brennan Johnson,WAL,"MF,FW",24,2001,12.4,4,0,0,18,11,6,45,2,7,,,0,ENG,2025-2026,misc,2026-08-08T22:15:47.817297
ENG-Premier League,2526,Crystal Palace,Chadi Riad,MAR,DF,22,2003,6.1,2,0,0,5,3,0,6,4,5,,,0,ENG,2025-2026,misc,2026-08-08T22:15:47.817297
ENG-Premier League,2526,Crystal Palace,Chris Richards,USA,DF,25,2000,31.4,4,0,0,17,5,0,14,43,35,,,0,ENG,2025-2026,misc,2026-08-08T22:15:47.817297
ENG-Premier League,2526,Crystal Palace,Christantus Uche,NGA,FW,22,2003,1.9,0,0,0,4,7,3,6,0,1,,,0,ENG,2025-2026,misc,2026-08-08T22:15:47.817297
ENG-Premier League,2526,Crystal Palace,Daichi Kamada,JPN,MF,28,1996,21.1,3,0,0,30,28,1,42,14,35,,,0,ENG,2025-2026,misc,2026-08-08T22:15:47.817297
ENG-Premier League,2526,Crystal Palace,Daniel Muñoz,COL,MF,29,1996,26.7,7,0,0,34,18,8,62,24,48,,,0,ENG,2025-2026,misc,2026-08-08T22:15:47.817297
ENG-Premier League,2526,Crystal Palace,Dean Henderson,ENG,GK,28,1997,37.0,5,0,0,2,5,0,0,1,0,,,0,ENG,2025-2026,misc,2026-08-08T22:15:47.817297
ENG-Premier League,2526,Crystal Palace,Eberechi Eze,ENG,MF,27,1998,0.9,0,0,0,2,1,0,4,0,1,,,0,ENG,2025-2026,misc,2026-08-08T22:15:47.817297
ENG-Premier League,2526,Crystal Palace,Eddie Nketiah,ENG,MF,26,1999,4.7,2,0,0,7,7,3,0,2,6,,,0,ENG,2025-2026,misc,2026-08-08T22:15:47.817297
ENG-Premier League,2526,Crystal Palace,Evann Guessand,CIV,MF,24,2001,3.7,0,0,0,4,8,1,1,2,2,,,0,ENG,2025-2026,misc,2026-08-08T22:15:47.817297
ENG-Premier League,2526,Crystal Palace,Ismaila Sarr,SEN,MF,27,1998,24.2,2,0,0,12,42,14,24,7,9,,,0,ENG,2025-2026,misc,2026-08-08T22:15:47.817297
ENG-Premier League,2526,Crystal Palace,Jaydee Canvot,FRA,DF,19,2006,14.8,3,0,0,12,7,0,5,12,22,,,0,ENG,2025-2026,misc,2026-08-08T22:15:47.817297
ENG-Premier League,2526,Crystal Palace,Jean-Philippe Mateta,FRA,FW,28,1997,24.6,2,0,0,21,19,18,11,6,4,,,0,ENG,2025-2026,misc,2026-08-08T22:15:47.817297
ENG-Premier League,2526,Crystal Palace,Jefferson Lerma,COL,"MF,DF",30,1994,19.3,7,0,0,25,24,0,12,25,18,,,2,ENG,2025-2026,misc,2026-08-08T22:15:47.817297
ENG-Premier League,2526,Crystal Palace,Joél Drakes-Thomas,ENG,MF,16,2009,0.1,0,0,0,1,0,0,0,0,1,,,0,ENG,2025-2026,misc,2026-08-08T22:15:47.817297
ENG-Premier League,2526,Crystal Palace,Justin Devenny,NIR,"MF,FW",21,2003,8.8,0,0,0,11,10,1,17,1,11,,,0,ENG,2025-2026,misc,2026-08-08T22:15:47.817297
ENG-Premier League,2526,Crystal Palace,Jørgen Strand Larsen,NOR,FW,25,2000,10.0,2,0,0,21,10,1,0,1,0,,,0,ENG,2025-2026,misc,2026-08-08T22:15:47.817297
ENG-Premier League,2526,Crystal Palace,Kaden Rodney,ENG,"DF,MF",20,2004,0.0,0,0,0,1,0,0,0,0,0,,,0,ENG,2025-2026,misc,2026-08-08T22:15:47.817297
ENG-Premier League,2526,Crystal Palace,Marc Guéhi,ENG,DF,25,2000,20.0,4,0,0,14,18,0,10,24,19,,,0,ENG,2025-2026,misc,2026-08-08T22:15:47.817297
ENG-Premier League,2526,Crystal Palace,Maxence Lacroix,FRA,DF,25,2000,34.3,4,1,0,34,19,0,5,45,38,,,0,ENG,2025-2026,misc,2026-08-08T22:15:47.817297
ENG-Premier League,2526,Crystal Palace,Nathaniel Clyne,ENG,"MF,DF",34,1991,6.6,1,0,0,4,2,0,15,7,9,,,0,ENG,2025-2026,misc,2026-08-08T22:15:47.817297
ENG-Premier League,2526,Crystal Palace,Odsonne Édouard,FRA,FW,27,1998,0.0,0,0,0,0,1,0,0,0,1,,,0,ENG,2025-2026,misc,2026-08-08T22:15:47.817297
ENG-Premier League,2526,Crystal Palace,Rio Cardines,TRI,MF,19,2006,1.0,0,0,0,0,1,0,3,0,1,,,0,ENG,2025-2026,misc,2026-08-08T22:15:47.817297
ENG-Premier League,2526,Crystal Palace,Romain Esse,ENG,MF,20,2005,0.5,0,0,0,2,2,0,2,0,1,,,0,ENG,2025-2026,misc,2026-08-08T22:15:47.817297
ENG-Premier League,2526,Crystal Palace,Tyrick Mitchell,ENG,MF,25,1999,36.1,6,0,0,24,28,5,104,33,65,,,0,ENG,2025-2026,misc,2026-08-08T22:15:47.817297
ENG-Premier League,2526,Crystal Palace,Walter Benítez,ARG,GK,32,1993,1.0,0,0,0,0,0,0,0,0,0,,,0,ENG,2025-2026,misc,2026-08-08T22:15:47.817297
ENG-Premier League,2526,Crystal Palace,Will Hughes,ENG,MF,30,1995,17.5,7,0,0,24,25,0,45,15,16,,,0,ENG,2025-2026,misc,2026-08-08T22:15:47.817297
ENG-Premier League,2526,Crystal Palace,Yéremy Pino,ESP,"MF,FW",22,2002,23.1,4,0,0,30,24,10,79,8,20,,,0,ENG,2025-2026,misc,2026-08-08T22:15:47.817297
ENG-Premier League,2526,Everton,Beto,GNB,FW,27,1998,17.4,3,0,0,32,12,9,2,1,5,,,0,ENG,2025-2026,misc,2026-08-08T22:15:47.817297
ENG-Premier League,2526,Everton,Carlos Alcaraz,ARG,MF,22,2002,7.7,4,0,0,10,12,1,6,2,9,,,0,ENG,2025-2026,misc,2026-08-08T22:15:47.817297
ENG-Premier League,2526,Everton,Dwight McNeil,ENG,MF,25,1999,13.0,1,0,0,11,7,2,40,10,16,,,0,ENG,2025-2026,misc,2026-08-08T22:15:47.817297
ENG-Premier League,2526,Everton,Harrison Armstrong,ENG,MF,18,2007,5.9,0,0,0,6,15,2,3,4,10,,,0,ENG,2025-2026,misc,2026-08-08T22:15:47.817297
ENG-Premier League,2526,Everton,Idrissa Gueye,SEN,MF,35,1989,23.3,1,1,0,21,31,0,19,29,21,,,0,ENG,2025-2026,misc,2026-08-08T22:15:47.817297
ENG-Premier League,2526,Everton,Iliman Ndiaye,SEN,MF,25,2000,30.9,2,0,0,30,37,12,55,17,40,,,0,ENG,2025-2026,misc,2026-08-08T22:15:47.817297
ENG-Premier League,2526,Everton,Jack Grealish,ENG,MF,29,1995,18.1,5,1,1,13,58,0,39,11,15,,,0,ENG,2025-2026,misc,2026-08-08T22:15:47.817297
ENG-Premier League,2526,Everton,Jake O'Brien,IRL,DF,24,2001,34.7,6,1,0,23,17,4,49,13,32,,,0,ENG,2025-2026,misc,2026-08-08T22:15:47.817297
ENG-Premier League,2526,Everton,James Garner,ENG,"MF,DF",24,2001,37.9,12,0,0,39,42,0,205,57,72,,,0,ENG,2025-2026,misc,2026-08-08T22:15:47.817297
ENG-Premier League,2526,Everton,James Tarkowski,ENG,DF,32,1992,37.0,8,0,0,32,35,2,7,29,30,,,0,ENG,2025-2026,misc,2026-08-08T22:15:47.817297
ENG-Premier League,2526,Everton,Jarrad Branthwaite,ENG,DF,23,2002,7.6,1,0,0,3,1,1,3,11,6,,,0,ENG,2025-2026,misc,2026-08-08T22:15:47.817297
ENG-Premier League,2526,Everton,Jordan Pickford,ENG,GK,31,1994,38.0,4,0,0,1,6,0,0,0,1,,,0,ENG,2025-2026,misc,2026-08-08T22:15:47.817297
ENG-Premier League,2526,Everton,Kiernan Dewsbury-Hall,ENG,MF,26,1998,29.2,6,0,0,32,48,2,112,14,26,,,0,ENG,2025-2026,misc,2026-08-08T22:15:47.817297
ENG-Premier League,2526,Everton,Merlin Röhl,GER,MF,23,2002,7.6,0,0,0,20,7,2,5,4,13,,,0,ENG,2025-2026,misc,2026-08-08T22:15:47.817297
ENG-Premier League,2526,Everton,Michael Keane,ENG,DF,32,1993,28.8,1,1,0,16,6,0,1,37,24,,,0,ENG,2025-2026,misc,2026-08-08T22:15:47.817297
ENG-Premier League,2526,Everton,Nathan Patterson,SCO,DF,23,2001,2.7,0,0,0,2,2,1,6,2,4,,,0,ENG,2025-2026,misc,2026-08-08T22:15:47.817297
ENG-Premier League,2526,Everton,Séamus Coleman,IRL,DF,36,1988,0.2,0,0,0,0,1,0,3,0,0,,,0,ENG,2025-2026,misc,2026-08-08T22:15:47.817297
ENG-Premier League,2526,Everton,Thierno Barry,FRA,FW,22,2002,21.3,3,0,0,46,8,13,4,5,4,,,0,ENG,2025-2026,misc,2026-08-08T22:15:47.817297
ENG-Premier League,2526,Everton,Tim Iroegbunam,ENG,MF,22,2003,16.5,9,0,0,29,20,0,3,22,44,,,0,ENG,2025-2026,misc,2026-08-08T22:15:47.817297
ENG-Premier League,2526,Everton,Tyler Dibling,ENG,MF,19,2006,4.0,2,0,0,11,11,0,7,6,3,,,0,ENG,2025-2026,misc,2026-08-08T22:15:47.817297
ENG-Premier League,2526,Everton,Tyrique George,ENG,MF,19,2006,2.4,0,0,0,3,1,2,10,2,3,,,0,ENG,2025-2026,misc,2026-08-08T22:15:47.817297
ENG-Premier League,2526,Everton,Vitaliy Mykolenko,UKR,DF,26,1999,32.9,6,0,0,29,28,0,93,27,25,,,1,ENG,2025-2026,misc,2026-08-08T22:15:47.817297
ENG-Premier League,2526,Fulham,Adama Traoré,ESP,MF,29,1996,3.0,0,0,0,6,8,3,15,0,1,,,0,ENG,2025-2026,misc,2026-08-08T22:15:47.817297
ENG-Premier League,2526,Fulham,Alex Iwobi,NGA,MF,29,1996,26.9,3,0,0,8,10,1,88,15,18,,,0,ENG,2025-2026,misc,2026-08-08T22:15:47.817297
ENG-Premier League,2526,Fulham,Antonee Robinson,USA,"DF,MF",27,1997,16.6,5,0,0,15,9,2,77,28,31,,,0,ENG,2025-2026,misc,2026-08-08T22:15:47.817297
ENG-Premier League,2526,Fulham,Bernd Leno,GER,GK,33,1992,38.0,3,0,0,0,6,0,0,1,1,,,1,ENG,2025-2026,misc,2026-08-08T22:15:47.817297
ENG-Premier League,2526,Fulham,Calvin Bassey,NGA,DF,25,1999,28.2,5,0,0,28,40,1,14,22,32,,,0,ENG,2025-2026,misc,2026-08-08T22:15:47.817297
ENG-Premier League,2526,Fulham,Emile Smith Rowe,ENG,MF,25,2000,21.4,1,0,0,10,17,3,13,22,22,,,0,ENG,2025-2026,misc,2026-08-08T22:15:47.817297
ENG-Premier League,2526,Fulham,Harrison Reed,ENG,MF,30,1995,1.0,0,0,0,2,1,0,4,0,0,,,0,ENG,2025-2026,misc,2026-08-08T22:15:47.817297
ENG-Premier League,2526,Fulham,Harry Wilson,WAL,MF,28,1997,29.7,7,0,0,13,37,13,115,16,19,,,0,ENG,2025-2026,misc,2026-08-08T22:15:47.817297
ENG-Premier League,2526,Fulham,Issa Diop,MAR,DF,28,1997,9.1,2,0,0,9,3,0,1,6,2,,,0,ENG,2025-2026,misc,2026-08-08T22:15:47.817297
ENG-Premier League,2526,Fulham,Joachim Andersen,DEN,DF,29,1996,31.9,7,1,0,30,13,0,15,34,26,,,0,ENG,2025-2026,misc,2026-08-08T22:15:47.817297
ENG-Premier League,2526,Fulham,Jonah Kusi-Asare,SWE,FW,18,2007,0.6,1,0,0,4,2,0,0,0,1,,,0,ENG,2025-2026,misc,2026-08-08T22:15:47.817297
ENG-Premier League,2526,Fulham,Jorge Cuenca,ESP,DF,25,1999,10.4,6,0,0,10,1,1,2,15,10,,,0,ENG,2025-2026,misc,2026-08-08T22:15:47.817297
ENG-Premier League,2526,Fulham,Joshua King,ENG,MF,18,2007,14.5,4,0,0,13,30,3,12,3,12,,,0,ENG,2025-2026,misc,2026-08-08T22:15:47.817297
ENG-Premier League,2526,Fulham,Kenny Tete,NED,DF,29,1995,19.9,2,0,0,27,31,1,34,26,38,,,0,ENG,2025-2026,misc,2026-08-08T22:15:47.817297
ENG-Premier League,2526,Fulham,Kevin,BRA,MF,22,2003,11.6,1,0,0,14,17,3,43,9,10,,,0,ENG,2025-2026,misc,2026-08-08T22:15:47.817297
ENG-Premier League,2526,Fulham,Oscar Bobb,NOR,MF,22,2003,6.3,0,0,0,4,8,0,9,6,7,,,0,ENG,2025-2026,misc,2026-08-08T22:15:47.817297
ENG-Premier League,2526,Fulham,Raúl Jiménez,MEX,FW,34,1991,24.3,5,0,0,46,34,20,7,7,20,,,0,ENG,2025-2026,misc,2026-08-08T22:15:47.817297
ENG-Premier League,2526,Fulham,Rodrigo Muniz,BRA,FW,24,2001,11.1,2,0,0,21,18,5,2,2,3,,,1,ENG,2025-2026,misc,2026-08-08T22:15:47.817297
ENG-Premier League,2526,Fulham,Ryan Sessegnon,ENG,"DF,MF",25,2000,20.3,0,0,0,33,3,4,55,23,29,,,0,ENG,2025-2026,misc,2026-08-08T22:15:47.817297
ENG-Premier League,2526,Fulham,Samuel Chukwueze,NGA,MF,26,1999,12.0,0,0,0,5,12,3,43,6,4,,,0,ENG,2025-2026,misc,2026-08-08T22:15:47.817297
ENG-Premier League,2526,Fulham,Sander Berge,NOR,MF,27,1998,32.3,5,0,0,35,14,1,13,26,41,,,1,ENG,2025-2026,misc,2026-08-08T22:15:47.817297
ENG-Premier League,2526,Fulham,Saša Lukić,SRB,MF,28,1996,19.3,9,0,0,53,25,2,68,16,28,,,0,ENG,2025-2026,misc,2026-08-08T22:15:47.817297
ENG-Premier League,2526,Fulham,Timothy Castagne,BEL,"DF,MF",29,1995,20.5,4,0,0,18,11,1,48,28,24,,,0,ENG,2025-2026,misc,2026-08-08T22:15:47.817297
ENG-Premier League,2526,Fulham,Tom Cairney,SCO,MF,34,1991,8.6,3,0,0,10,11,0,6,4,4,,,0,ENG,2025-2026,misc,2026-08-08T22:15:47.817297
ENG-Premier League,2526,Leeds United,Anton Stach,GER,MF,26,1998,26.3,3,0,0,36,24,0,155,19,35,,,0,ENG,2025-2026,misc,2026-08-08T22:15:47.817297
ENG-Premier League,2526,Leeds United,Ao Tanaka,JPN,MF,26,1998,14.6,1,0,0,13,10,0,39,21,15,,,0,ENG,2025-2026,misc,2026-08-08T22:15:47.817297
ENG-Premier League,2526,Leeds United,Brenden Aaronson,USA,"MF,FW",24,2000,27.2,3,0,0,20,51,5,37,17,27,,,0,ENG,2025-2026,misc,2026-08-08T22:15:47.817297
ENG-Premier League,2526,Leeds United,Daniel James,WAL,"FW,MF",27,1997,6.2,0,0,0,1,8,1,50,1,5,,,0,ENG,2025-2026,misc,2026-08-08T22:15:47.817297
ENG-Premier League,2526,Leeds United,Dominic Calvert-Lewin,ENG,FW,28,1997,30.2,3,0,0,45,37,26,9,5,4,,,0,ENG,2025-2026,misc,2026-08-08T22:15:47.817297
ENG-Premier League,2526,Leeds United,Ethan Ampadu,WAL,MF,24,2000,34.7,10,0,0,50,36,0,25,50,46,,,0,ENG,2025-2026,misc,2026-08-08T22:15:47.817297
ENG-Premier League,2526,Leeds United,Facundo Buonanotte,ARG,MF,20,2004,0.4,1,0,0,1,0,0,2,1,0,,,0,ENG,2025-2026,misc,2026-08-08T22:15:47.817297
ENG-Premier League,2526,Leeds United,Gabriel Gudmundsson,SWE,"DF,MF",26,1999,29.2,6,1,1,31,56,3,88,28,47,,,1,ENG,2025-2026,misc,2026-08-08T22:15:47.817297
ENG-Premier League,2526,Leeds United,Ilia Gruev,BUL,MF,25,2000,14.7,3,0,0,16,9,0,16,14,13,,,0,ENG,2025-2026,misc,2026-08-08T22:15:47.817297
ENG-Premier League,2526,Leeds United,Jack Harrison,ENG,FW,28,1996,3.0,0,0,0,1,4,0,17,4,2,,,0,ENG,2025-2026,misc,2026-08-08T22:15:47.817297
ENG-Premier League,2526,Leeds United,Jaka Bijol,SVN,DF,26,1999,21.0,4,0,0,19,10,0,1,22,13,,,0,ENG,2025-2026,misc,2026-08-08T22:15:47.817297
ENG-Premier League,2526,Leeds United,James Justin,ENG,"DF,MF",27,1998,21.1,4,0,0,13,31,2,38,26,38,,,0,ENG,2025-2026,misc,2026-08-08T22:15:47.817297
ENG-Premier League,2526,Leeds United,Jayden Bogle,ENG,"MF,DF",25,2000,31.0,6,0,0,39,29,10,67,30,43,,,0,ENG,2025-2026,misc,2026-08-08T22:15:47.817297
ENG-Premier League,2526,Leeds United,Joe Rodon,WAL,DF,27,1997,32.8,3,0,0,17,19,1,6,30,19,,,0,ENG,2025-2026,misc,2026-08-08T22:15:47.817297
ENG-Premier League,2526,Leeds United,Joël Piroe,SUR,FW,25,1999,2.9,0,0,0,4,0,1,4,1,1,,,0,ENG,2025-2026,misc,2026-08-08T22:15:47.817297
ENG-Premier League,2526,Leeds United,Karl Darlow,WAL,GK,34,1990,22.0,1,0,0,0,7,0,0,0,0,,,0,ENG,2025-2026,misc,2026-08-08T22:15:47.817297
ENG-Premier League,2526,Leeds United,Lucas Perri,BRA,GK,27,1997,16.0,2,0,0,1,3,0,0,0,0,,,0,ENG,2025-2026,misc,2026-08-08T22:15:47.817297
ENG-Premier League,2526,Leeds United,Lukas Nmecha,GER,FW,26,1998,12.0,0,0,0,18,18,3,10,3,7,,,0,ENG,2025-2026,misc,2026-08-08T22:15:47.817297
ENG-Premier League,2526,Leeds United,Noah Okafor,SUI,"FW,MF",25,2000,17.3,3,0,0,18,14,0,36,12,15,,,0,ENG,2025-2026,misc,2026-08-08T22:15:47.817297
ENG-Premier League,2526,Leeds United,Pascal Struijk,NED,DF,25,1999,32.6,5,0,0,27,22,5,2,32,22,,,0,ENG,2025-2026,misc,2026-08-08T22:15:47.817297
ENG-Premier League,2526,Leeds United,Sam Byram,ENG,"DF,MF",31,1993,0.1,0,0,0,1,0,1,0,0,1,,,0,ENG,2025-2026,misc,2026-08-08T22:15:47.817297
ENG-Premier League,2526,Leeds United,Sean Longstaff,ENG,MF,27,1997,11.2,2,0,0,13,17,1,54,12,24,,,0,ENG,2025-2026,misc,2026-08-08T22:15:47.817297
ENG-Premier League,2526,Leeds United,Sebastiaan Bornauw,BEL,DF,26,1999,4.8,1,0,0,7,0,1,1,7,4,,,0,ENG,2025-2026,misc,2026-08-08T22:15:47.817297
ENG-Premier League,2526,Leeds United,Wilfried Gnonto,ITA,FW,21,2003,6.0,3,0,0,7,11,0,20,3,13,,,0,ENG,2025-2026,misc,2026-08-08T22:15:47.817297
ENG-Premier League,2526,Liverpool,Alexander Isak,SWE,FW,25,1999,7.8,0,0,0,5,1,0,2,0,6,,,0,ENG,2025-2026,misc,2026-08-08T22:15:47.817297
ENG-Premier League,2526,Liverpool,Alexis Mac Allister,ARG,MF,26,1998,29.5,7,0,0,35,32,0,20,18,27,,,0,ENG,2025-2026,misc,2026-08-08T22:15:47.817297
ENG-Premier League,2526,Liverpool,Alisson,BRA,GK,32,1992,26.0,1,0,0,1,7,0,0,0,0,,,0,ENG,2025-2026,misc,2026-08-08T22:15:47.817297
ENG-Premier League,2526,Liverpool,Andy Robertson,SCO,DF,31,1994,13.1,0,0,0,4,1,5,53,7,10,,,0,ENG,2025-2026,misc,2026-08-08T22:15:47.817297
ENG-Premier League,2526,Liverpool,Cody Gakpo,NED,"MF,FW",26,1999,30.4,3,0,0,42,44,30,86,12,15,,,0,ENG,2025-2026,misc,2026-08-08T22:15:47.817297
ENG-Premier League,2526,Liverpool,Conor Bradley,NIR,DF,22,2003,10.3,5,0,0,18,20,1,23,12,15,,,0,ENG,2025-2026,misc,2026-08-08T22:15:47.817297
ENG-Premier League,2526,Liverpool,Curtis Jones,ENG,"MF,DF",24,2001,21.5,2,0,0,17,29,0,16,18,23,,,0,ENG,2025-2026,misc,2026-08-08T22:15:47.817297
ENG-Premier League,2526,Liverpool,Dominik Szoboszlai,HUN,"MF,DF",24,2000,35.9,8,1,0,42,30,2,206,29,32,,,0,ENG,2025-2026,misc,2026-08-08T22:15:47.817297
ENG-Premier League,2526,Liverpool,Federico Chiesa,ITA,MF,27,1997,3.8,3,0,0,11,7,2,17,4,5,,,0,ENG,2025-2026,misc,2026-08-08T22:15:47.817297
ENG-Premier League,2526,Liverpool,Florian Wirtz,GER,MF,22,2003,26.4,1,0,0,22,19,2,32,12,26,,,0,ENG,2025-2026,misc,2026-08-08T22:15:47.817297
ENG-Premier League,2526,Liverpool,Freddie Woodman,ENG,GK,28,1997,2.4,0,0,0,0,0,0,0,0,0,,,0,ENG,2025-2026,misc,2026-08-08T22:15:47.817297
ENG-Premier League,2526,Liverpool,Giorgi Mamardashvili,GEO,GK,24,2000,9.6,0,0,0,1,2,0,0,1,1,,,0,ENG,2025-2026,misc,2026-08-08T22:15:47.817297
ENG-Premier League,2526,Liverpool,Harvey Elliott,ENG,"FW,MF",22,2003,0.0,0,0,0,0,0,0,0,0,0,,,0,ENG,2025-2026,misc,2026-08-08T22:15:47.817297
ENG-Premier League,2526,Liverpool,Hugo Ekitike,FRA,FW,23,2002,20.0,0,0,0,35,12,10,7,4,7,,,0,ENG,2025-2026,misc,2026-08-08T22:15:47.817297
ENG-Premier League,2526,Liverpool,Ibrahima Konaté,FRA,DF,26,1999,34.3,7,0,0,33,41,0,3,28,31,,,0,ENG,2025-2026,misc,2026-08-08T22:15:47.817297
ENG-Premier League,2526,Liverpool,Jeremie Frimpong,NED,"DF,MF",24,2000,11.6,1,0,0,8,21,4,51,6,9,,,0,ENG,2025-2026,misc,2026-08-08T22:15:47.817297
ENG-Premier League,2526,Liverpool,Joe Gomez,ENG,DF,28,1997,6.7,4,0,0,14,0,0,16,8,7,,,0,ENG,2025-2026,misc,2026-08-08T22:15:47.817297
ENG-Premier League,2526,Liverpool,Milos Kerkez,HUN,DF,21,2003,25.1,4,0,0,22,30,4,79,15,26,,,0,ENG,2025-2026,misc,2026-08-08T22:15:47.817297
ENG-Premier League,2526,Liverpool,Mohamed Salah,EGY,MF,33,1992,23.8,1,0,0,10,16,14,117,3,12,,,0,ENG,2025-2026,misc,2026-08-08T22:15:47.817297
ENG-Premier League,2526,Liverpool,Rio Ngumoha,ENG,MF,16,2008,6.2,0,0,0,4,12,0,22,3,2,,,0,ENG,2025-2026,misc,2026-08-08T22:15:47.817297
ENG-Premier League,2526,Liverpool,Ryan Gravenberch,NED,MF,23,2002,33.2,5,0,0,38,42,0,8,44,35,,,0,ENG,2025-2026,misc,2026-08-08T22:15:47.817297
ENG-Premier League,2526,Liverpool,Trey Nyoni,ENG,MF,18,2007,0.3,0,0,0,1,0,1,0,0,0,,,0,ENG,2025-2026,misc,2026-08-08T22:15:47.817297
ENG-Premier League,2526,Liverpool,Virgil van Dijk,NED,DF,34,1991,38.0,4,0,0,19,18,1,1,26,15,,,0,ENG,2025-2026,misc,2026-08-08T22:15:47.817297
ENG-Premier League,2526,Liverpool,Wataru Endo,JPN,DF,32,1993,1.9,1,0,0,2,3,0,3,0,3,,,0,ENG,2025-2026,misc,2026-08-08T22:15:47.817297
ENG-Premier League,2526,Manchester City,Abdukodir Khusanov,UZB,DF,21,2004,15.9,2,0,0,14,6,0,3,29,20,,,0,ENG,2025-2026,misc,2026-08-08T22:15:47.817297
ENG-Premier League,2526,Manchester City,Antoine Semenyo,GHA,"MF,FW",25,2000,15.5,1,0,0,17,7,7,21,6,11,,,0,ENG,2025-2026,misc,2026-08-08T22:15:47.817297
ENG-Premier League,2526,Manchester City,Bernardo Silva,POR,MF,30,1994,31.9,10,0,0,36,22,5,72,21,28,,,0,ENG,2025-2026,misc,2026-08-08T22:15:47.817297
ENG-Premier League,2526,Manchester City,Divine Mukasa,ENG,MF,17,2007,0.3,0,0,0,1,0,0,0,0,0,,,0,ENG,2025-2026,misc,2026-08-08T22:15:47.817297
ENG-Premier League,2526,Manchester City,Erling Haaland,NOR,FW,25,2000,32.8,2,0,0,24,25,5,3,4,7,,,0,ENG,2025-2026,misc,2026-08-08T22:15:47.817297
ENG-Premier League,2526,Manchester City,Gianluigi Donnarumma,ITA,GK,26,1999,34.0,8,0,0,0,4,0,0,1,0,,,0,ENG,2025-2026,misc,2026-08-08T22:15:47.817297
ENG-Premier League,2526,Manchester City,James Trafford,ENG,GK,22,2002,4.0,0,0,0,0,1,0,0,0,1,,,0,ENG,2025-2026,misc,2026-08-08T22:15:47.817297
ENG-Premier League,2526,Manchester City,Jeremy Doku,BEL,"MF,FW",23,2002,19.8,0,0,0,23,61,3,62,12,16,,,0,ENG,2025-2026,misc,2026-08-08T22:15:47.817297
ENG-Premier League,2526,Manchester City,John Stones,ENG,DF,31,1994,4.9,0,0,0,0,0,0,4,3,1,,,0,ENG,2025-2026,misc,2026-08-08T22:15:47.817297
ENG-Premier League,2526,Manchester City,Joško Gvardiol,CRO,DF,23,2002,15.2,2,0,0,16,7,0,2,16,13,,,0,ENG,2025-2026,misc,2026-08-08T22:15:47.817297
ENG-Premier League,2526,Manchester City,Marc Guéhi,ENG,DF,25,2000,15.0,2,0,0,11,20,0,7,25,12,,,0,ENG,2025-2026,misc,2026-08-08T22:15:47.817297
ENG-Premier League,2526,Manchester City,Mateo Kovačić,CRO,MF,31,1994,1.4,0,0,0,0,2,0,0,2,1,,,0,ENG,2025-2026,misc,2026-08-08T22:15:47.817297
ENG-Premier League,2526,Manchester City,Matheus Nunes,POR,DF,26,1998,31.8,5,0,0,17,30,4,67,29,41,,,0,ENG,2025-2026,misc,2026-08-08T22:15:47.817297
ENG-Premier League,2526,Manchester City,Max Alleyne,ENG,DF,20,2005,1.5,0,0,0,0,0,0,0,3,3,,,0,ENG,2025-2026,misc,2026-08-08T22:15:47.817297
ENG-Premier League,2526,Manchester City,Nathan Aké,NED,DF,30,1995,7.7,1,0,0,3,8,1,4,5,6,,,0,ENG,2025-2026,misc,2026-08-08T22:15:47.817297
ENG-Premier League,2526,Manchester City,Nico O'Reilly,ENG,"DF,MF",20,2005,29.4,5,0,0,45,18,1,38,20,36,,,0,ENG,2025-2026,misc,2026-08-08T22:15:47.817297
ENG-Premier League,2526,Manchester City,Nicolás González,ESP,MF,23,2002,17.4,6,0,0,30,18,0,3,24,30,,,0,ENG,2025-2026,misc,2026-08-08T22:15:47.817297
ENG-Premier League,2526,Manchester City,Omar Marmoush,EGY,"FW,MF",26,1999,7.8,3,0,0,10,21,6,12,2,8,,,0,ENG,2025-2026,misc,2026-08-08T22:15:47.817297
ENG-Premier League,2526,Manchester City,Oscar Bobb,NOR,"MF,FW",22,2003,5.2,1,0,0,5,9,0,5,3,5,,,0,ENG,2025-2026,misc,2026-08-08T22:15:47.817297
ENG-Premier League,2526,Manchester City,Phil Foden,ENG,MF,25,2000,23.2,4,0,0,18,31,3,119,10,16,,,0,ENG,2025-2026,misc,2026-08-08T22:15:47.817297
ENG-Premier League,2526,Manchester City,Rayan Aït-Nouri,ALG,DF,24,2001,10.8,2,0,0,17,10,0,22,13,21,,,0,ENG,2025-2026,misc,2026-08-08T22:15:47.817297
ENG-Premier League,2526,Manchester City,Rayan Cherki,FRA,MF,21,2003,19.8,1,0,0,18,34,1,80,7,16,,,0,ENG,2025-2026,misc,2026-08-08T22:15:47.817297
ENG-Premier League,2526,Manchester City,Rico Lewis,ENG,DF,20,2004,4.5,2,0,0,5,9,0,2,7,4,,,0,ENG,2025-2026,misc,2026-08-08T22:15:47.817297
ENG-Premier League,2526,Manchester City,Rodri,ESP,MF,29,1996,16.8,3,0,0,14,31,0,5,12,25,,,0,ENG,2025-2026,misc,2026-08-08T22:15:47.817297
ENG-Premier League,2526,Manchester City,Rúben Dias,POR,DF,28,1997,23.8,3,0,0,15,9,0,9,23,6,,,0,ENG,2025-2026,misc,2026-08-08T22:15:47.817297
ENG-Premier League,2526,Manchester City,Sávio,BRA,MF,21,2004,9.3,2,0,0,9,15,4,40,5,5,,,0,ENG,2025-2026,misc,2026-08-08T22:15:47.817297
ENG-Premier League,2526,Manchester City,Tijjani Reijnders,NED,MF,27,1998,18.1,2,0,0,19,15,4,43,11,4,,,0,ENG,2025-2026,misc,2026-08-08T22:15:47.817297
ENG-Premier League,2526,Manchester Utd,Altay Bayındır,TUR,GK,27,1998,6.0,0,0,0,0,3,0,0,0,0,,,0,ENG,2025-2026,misc,2026-08-08T22:15:47.817297
ENG-Premier League,2526,Manchester Utd,Amad Diallo,CIV,MF,23,2002,26.0,2,0,0,24,38,12,46,15,23,,,0,ENG,2025-2026,misc,2026-08-08T22:15:47.817297
ENG-Premier League,2526,Manchester Utd,Ayden Heaven,ENG,DF,18,2006,10.3,2,0,0,7,9,0,1,1,13,,,1,ENG,2025-2026,misc,2026-08-08T22:15:47.817297
ENG-Premier League,2526,Manchester Utd,Bendito Mantato,ENG,MF,17,2008,0.2,0,0,0,0,0,0,1,0,0,,,0,ENG,2025-2026,misc,2026-08-08T22:15:47.817297
ENG-Premier League,2526,Manchester Utd,Benjamin Šeško,SVN,FW,22,2003,18.3,2,0,0,17,6,7,2,3,3,,,0,ENG,2025-2026,misc,2026-08-08T22:15:47.817297
ENG-Premier League,2526,Manchester Utd,Bruno Fernandes,POR,MF,30,1994,34.0,5,0,0,24,35,4,181,21,35,,,0,ENG,2025-2026,misc,2026-08-08T22:15:47.817297
ENG-Premier League,2526,Manchester Utd,Bryan Mbeumo,CMR,"MF,FW",25,1999,29.0,4,0,0,23,28,7,105,7,11,,,0,ENG,2025-2026,misc,2026-08-08T22:15:47.817297
ENG-Premier League,2526,Manchester Utd,Casemiro,BRA,MF,33,1992,28.6,11,1,1,46,36,5,19,30,45,,,0,ENG,2025-2026,misc,2026-08-08T22:15:47.817297
ENG-Premier League,2526,Manchester Utd,Diogo Dalot,POR,"DF,MF",26,1999,29.0,5,0,0,25,14,4,57,26,30,,,0,ENG,2025-2026,misc,2026-08-08T22:15:47.817297
ENG-Premier League,2526,Manchester Utd,Harry Maguire,ENG,DF,32,1993,18.4,3,1,0,16,16,0,4,12,17,,,0,ENG,2025-2026,misc,2026-08-08T22:15:47.817297
ENG-Premier League,2526,Manchester Utd,Jack Fletcher,ENG,MF,18,2007,1.2,0,0,0,2,1,0,0,1,1,,,0,ENG,2025-2026,misc,2026-08-08T22:15:47.817297
ENG-Premier League,2526,Manchester Utd,Joshua Zirkzee,NED,"FW,MF",24,2001,7.0,3,0,0,8,6,1,5,1,6,,,0,ENG,2025-2026,misc,2026-08-08T22:15:47.817297
ENG-Premier League,2526,Manchester Utd,Kobbie Mainoo,ENG,MF,20,2005,18.5,2,0,0,12,22,1,13,19,20,,,0,ENG,2025-2026,misc,2026-08-08T22:15:47.817297
ENG-Premier League,2526,Manchester Utd,Leny Yoro,FRA,DF,19,2005,19.3,1,0,0,17,5,2,3,31,20,,,0,ENG,2025-2026,misc,2026-08-08T22:15:47.817297
ENG-Premier League,2526,Manchester Utd,Lisandro Martínez,ARG,DF,27,1998,13.7,0,1,0,9,2,0,2,12,11,,,1,ENG,2025-2026,misc,2026-08-08T22:15:47.817297
ENG-Premier League,2526,Manchester Utd,Luke Shaw,ENG,DF,30,1995,35.8,9,0,0,48,20,0,54,43,45,,,0,ENG,2025-2026,misc,2026-08-08T22:15:47.817297
ENG-Premier League,2526,Manchester Utd,Manuel Ugarte,URU,MF,24,2001,9.9,1,0,0,24,15,0,1,20,30,,,0,ENG,2025-2026,misc,2026-08-08T22:15:47.817297
ENG-Premier League,2526,Manchester Utd,Mason Mount,ENG,MF,26,1999,11.3,2,0,0,17,12,0,22,9,13,,,0,ENG,2025-2026,misc,2026-08-08T22:15:47.817297
ENG-Premier League,2526,Manchester Utd,Matheus Cunha,BRA,"MF,FW",26,1999,27.7,4,0,0,28,54,2,49,21,23,,,0,ENG,2025-2026,misc,2026-08-08T22:15:47.817297
ENG-Premier League,2526,Manchester Utd,Matthijs de Ligt,NED,DF,25,1999,13.0,0,0,0,6,5,0,4,11,13,,,0,ENG,2025-2026,misc,2026-08-08T22:15:47.817297
ENG-Premier League,2526,Manchester Utd,Noussair Mazraoui,MAR,"DF,MF",27,1997,10.9,3,0,0,12,14,0,13,11,15,,,0,ENG,2025-2026,misc,2026-08-08T22:15:47.817297
ENG-Premier League,2526,Manchester Utd,Patrick Dorgu,DEN,MF,20,2004,16.1,5,0,0,23,47,7,57,16,30,,,0,ENG,2025-2026,misc,2026-08-08T22:15:47.817297
ENG-Premier League,2526,Manchester Utd,Senne Lammens,BEL,GK,23,2002,32.0,0,0,0,0,4,0,0,0,1,,,0,ENG,2025-2026,misc,2026-08-08T22:15:47.817297
ENG-Premier League,2526,Manchester Utd,Shea Lacey,ENG,FW,18,2007,0.5,0,0,0,2,2,0,0,0,0,,,0,ENG,2025-2026,misc,2026-08-08T22:15:47.817297
ENG-Premier League,2526,Manchester Utd,Tyler Fletcher,SCO,MF,18,2007,0.2,0,0,0,0,0,0,0,0,0,,,0,ENG,2025-2026,misc,2026-08-08T22:15:47.817297
ENG-Premier League,2526,Manchester Utd,Tyler Fredricson,ENG,DF,20,2005,0.0,0,0,0,0,0,0,0,0,0,,,0,ENG,2025-2026,misc,2026-08-08T22:15:47.817297
ENG-Premier League,2526,Manchester Utd,Tyrell Malacia,NED,DF,25,1999,0.2,0,0,0,0,0,0,0,0,1,,,0,ENG,2025-2026,misc,2026-08-08T22:15:47.817297
ENG-Premier League,2526,Newcastle,Aaron Ramsdale,ENG,GK,27,1998,11.2,2,0,0,0,1,0,0,0,0,,,0,ENG,2025-2026,misc,2026-08-08T22:15:47.817297
ENG-Premier League,2526,Newcastle,Alex Murphy,IRL,DF,21,2004,0.1,0,0,0,0,0,0,0,1,0,,,0,ENG,2025-2026,misc,2026-08-08T22:15:47.817297
ENG-Premier League,2526,Newcastle,Anthony Elanga,SWE,"FW,MF",23,2002,14.7,0,0,0,8,25,2,83,3,11,,,0,ENG,2025-2026,misc,2026-08-08T22:15:47.817297
ENG-Premier League,2526,Newcastle,Anthony Gordon,ENG,FW,24,2001,19.9,3,1,0,13,40,5,69,3,13,,,0,ENG,2025-2026,misc,2026-08-08T22:15:47.817297
ENG-Premier League,2526,Newcastle,Bruno Guimarães,BRA,MF,27,1997,27.3,6,0,0,45,75,2,82,16,41,,,0,ENG,2025-2026,misc,2026-08-08T22:15:47.817297
ENG-Premier League,2526,Newcastle,Dan Burn,ENG,DF,33,1992,24.4,11,1,1,36,13,3,14,20,26,,,0,ENG,2025-2026,misc,2026-08-08T22:15:47.817297
ENG-Premier League,2526,Newcastle,Emil Krafth,SWE,DF,30,1994,0.5,0,0,0,1,0,0,1,0,0,,,0,ENG,2025-2026,misc,2026-08-08T22:15:47.817297
ENG-Premier League,2526,Newcastle,Fabian Schär,SUI,DF,33,1991,12.1,1,0,0,15,7,1,4,16,9,,,0,ENG,2025-2026,misc,2026-08-08T22:15:47.817297
ENG-Premier League,2526,Newcastle,Harvey Barnes,ENG,"FW,MF",27,1997,21.8,1,0,0,17,23,3,74,3,5,,,0,ENG,2025-2026,misc,2026-08-08T22:15:47.817297
ENG-Premier League,2526,Newcastle,Jacob Murphy,ENG,"FW,MF",30,1995,18.0,2,0,0,9,13,5,125,6,12,,,0,ENG,2025-2026,misc,2026-08-08T22:15:47.817297
ENG-Premier League,2526,Newcastle,Jacob Ramsey,ENG,MF,24,2001,16.1,5,1,1,16,14,2,8,9,21,,,0,ENG,2025-2026,misc,2026-08-08T22:15:47.817297
ENG-Premier League,2526,Newcastle,Jamaal Lascelles,ENG,DF,31,1993,0.2,0,0,0,0,0,0,0,0,0,,,0,ENG,2025-2026,misc,2026-08-08T22:15:47.817297
ENG-Premier League,2526,Newcastle,Joe Willock,ENG,MF,25,1999,10.9,3,0,0,16,11,2,16,7,15,,,0,ENG,2025-2026,misc,2026-08-08T22:15:47.817297
ENG-Premier League,2526,Newcastle,Joelinton,BRA,MF,28,1996,21.7,10,0,0,46,27,1,11,28,23,,,0,ENG,2025-2026,misc,2026-08-08T22:15:47.817297
ENG-Premier League,2526,Newcastle,Kieran Trippier,ENG,DF,34,1990,17.6,3,0,0,22,19,1,96,7,13,,,0,ENG,2025-2026,misc,2026-08-08T22:15:47.817297
ENG-Premier League,2526,Newcastle,Lewis Hall,ENG,DF,20,2004,24.2,4,0,0,17,40,0,102,29,31,,,0,ENG,2025-2026,misc,2026-08-08T22:15:47.817297
ENG-Premier League,2526,Newcastle,Lewis Miley,ENG,"MF,DF",19,2006,16.6,0,0,0,5,4,2,42,20,18,,,0,ENG,2025-2026,misc,2026-08-08T22:15:47.817297
ENG-Premier League,2526,Newcastle,Malick Thiaw,GER,DF,23,2001,32.9,4,0,0,24,11,2,9,30,34,,,0,ENG,2025-2026,misc,2026-08-08T22:15:47.817297
ENG-Premier League,2526,Newcastle,Nick Pope,ENG,GK,33,1992,26.8,2,0,0,1,2,0,0,0,1,,,0,ENG,2025-2026,misc,2026-08-08T22:15:47.817297
ENG-Premier League,2526,Newcastle,Nick Woltemade,GER,"FW,MF",23,2002,21.1,0,0,0,20,20,8,3,5,13,,,1,ENG,2025-2026,misc,2026-08-08T22:15:47.817297
ENG-Premier League,2526,Newcastle,Sandro Tonali,ITA,MF,25,2000,28.2,4,0,0,24,42,1,95,28,25,,,0,ENG,2025-2026,misc,2026-08-08T22:15:47.817297
ENG-Premier League,2526,Newcastle,Sean Neave,ENG,FW,18,2007,0.2,0,0,0,0,0,0,0,0,0,,,0,ENG,2025-2026,misc,2026-08-08T22:15:47.817297
ENG-Premier League,2526,Newcastle,Sven Botman,NED,DF,25,2000,20.4,2,0,0,13,19,1,2,25,14,,,1,ENG,2025-2026,misc,2026-08-08T22:15:47.817297
ENG-Premier League,2526,Newcastle,Tino Livramento,ENG,DF,22,2002,14.8,1,0,0,7,16,2,36,2,14,,,0,ENG,2025-2026,misc,2026-08-08T22:15:47.817297
ENG-Premier League,2526,Newcastle,William Osula,DEN,FW,21,2003,9.1,0,0,0,24,16,2,3,1,5,,,0,ENG,2025-2026,misc,2026-08-08T22:15:47.817297
ENG-Premier League,2526,Newcastle,Yoane Wissa,COD,FW,28,1996,5.9,3,0,0,6,2,4,1,0,5,,,0,ENG,2025-2026,misc,2026-08-08T22:15:47.817297
ENG-Premier League,2526,Nottingham,Angus Gunn,SCO,GK,29,1996,0.5,0,0,0,0,0,0,0,0,0,,,0,ENG,2025-2026,misc,2026-08-08T22:15:47.817297
ENG-Premier League,2526,Nottingham,Arnaud Kalimuendo,FRA,FW,23,2002,1.1,0,0,0,2,0,1,2,0,1,,,0,ENG,2025-2026,misc,2026-08-08T22:15:47.817297
ENG-Premier League,2526,Nottingham,Callum Hudson-Odoi,ENG,MF,24,2000,20.5,0,0,0,12,12,2,91,8,7,,,0,ENG,2025-2026,misc,2026-08-08T22:15:47.817297
ENG-Premier League,2526,Nottingham,Chris Wood,NZL,FW,33,1991,10.0,0,0,0,6,6,4,1,1,1,,,0,ENG,2025-2026,misc,2026-08-08T22:15:47.817297
ENG-Premier League,2526,Nottingham,Dan Ndoye,SUI,MF,24,2000,13.0,1,0,0,16,22,9,41,10,11,,,0,ENG,2025-2026,misc,2026-08-08T22:15:47.817297
ENG-Premier League,2526,Nottingham,Dilane Bakwa,FRA,MF,22,2002,6.1,1,0,0,9,14,0,38,0,3,,,0,ENG,2025-2026,misc,2026-08-08T22:15:47.817297
ENG-Premier League,2526,Nottingham,Douglas Luiz,BRA,MF,27,1998,3.5,2,0,0,4,5,0,15,7,3,,,0,ENG,2025-2026,misc,2026-08-08T22:15:47.817297
ENG-Premier League,2526,Nottingham,Elliot Anderson,ENG,MF,22,2002,37.0,8,0,0,57,80,2,175,41,60,,,0,ENG,2025-2026,misc,2026-08-08T22:15:47.817297
ENG-Premier League,2526,Nottingham,Ibrahim Sangaré,CIV,MF,27,1997,23.1,5,0,0,42,18,0,8,22,32,,,0,ENG,2025-2026,misc,2026-08-08T22:15:47.817297
ENG-Premier League,2526,Nottingham,Igor Jesus,BRA,FW,24,2001,25.5,2,0,0,42,40,11,10,2,16,,,0,ENG,2025-2026,misc,2026-08-08T22:15:47.817297
ENG-Premier League,2526,Nottingham,Jair Cunha,BRA,DF,20,2005,5.7,0,0,0,0,6,0,2,5,5,,,0,ENG,2025-2026,misc,2026-08-08T22:15:47.817297
ENG-Premier League,2526,Nottingham,James Mcatee,ENG,MF,22,2002,3.3,1,0,0,4,5,2,9,3,4,,,0,ENG,2025-2026,misc,2026-08-08T22:15:47.817297
ENG-Premier League,2526,Nottingham,John,BRA,GK,29,1996,4.9,1,0,0,0,0,0,0,0,0,,,0,ENG,2025-2026,misc,2026-08-08T22:15:47.817297
ENG-Premier League,2526,Nottingham,Jota Silva,POR,FW,25,1999,0.1,0,0,0,0,1,0,1,0,1,,,0,ENG,2025-2026,misc,2026-08-08T22:15:47.817297
ENG-Premier League,2526,Nottingham,Lorenzo Lucca,ITA,FW,24,2000,1.4,0,0,0,1,2,2,0,1,0,,,0,ENG,2025-2026,misc,2026-08-08T22:15:47.817297
ENG-Premier League,2526,Nottingham,Luca Netz,GER,"DF,MF",22,2003,4.0,0,0,0,5,2,0,2,1,8,,,0,ENG,2025-2026,misc,2026-08-08T22:15:47.817297
ENG-Premier League,2526,Nottingham,Matz Sels,BEL,GK,33,1992,29.6,2,0,0,0,4,0,0,0,1,,,0,ENG,2025-2026,misc,2026-08-08T22:15:47.817297
ENG-Premier League,2526,Nottingham,Morato,BRA,DF,24,2001,14.9,5,0,0,16,7,1,2,11,18,,,0,ENG,2025-2026,misc,2026-08-08T22:15:47.817297
ENG-Premier League,2526,Nottingham,Morgan Gibbs-White,ENG,MF,25,2000,34.4,1,0,0,26,41,5,42,12,16,,,0,ENG,2025-2026,misc,2026-08-08T22:15:47.817297
ENG-Premier League,2526,Nottingham,Murillo,BRA,DF,23,2002,23.7,5,0,0,23,7,0,2,29,23,,,2,ENG,2025-2026,misc,2026-08-08T22:15:47.817297
ENG-Premier League,2526,Nottingham,Neco Williams,WAL,DF,24,2001,35.6,6,1,0,29,52,4,143,46,61,,,0,ENG,2025-2026,misc,2026-08-08T22:15:47.817297
ENG-Premier League,2526,Nottingham,Nicolás Domínguez,ARG,MF,27,1998,13.1,3,0,0,16,11,0,14,6,30,,,0,ENG,2025-2026,misc,2026-08-08T22:15:47.817297
ENG-Premier League,2526,Nottingham,Nicolò Savona,ITA,DF,22,2003,11.4,2,0,0,12,5,1,27,5,12,,,0,ENG,2025-2026,misc,2026-08-08T22:15:47.817297
ENG-Premier League,2526,Nottingham,Nikola Milenković,SRB,DF,27,1997,37.5,6,0,0,21,20,1,2,29,19,,,1,ENG,2025-2026,misc,2026-08-08T22:15:47.817297
ENG-Premier League,2526,Nottingham,Ola Aina,NGA,DF,28,1996,17.6,3,0,0,13,15,0,39,26,21,,,0,ENG,2025-2026,misc,2026-08-08T22:15:47.817297
ENG-Premier League,2526,Nottingham,Oleksandr Zinchenko,UKR,DF,28,1996,3.9,0,0,0,1,2,1,18,2,6,,,0,ENG,2025-2026,misc,2026-08-08T22:15:47.817297
ENG-Premier League,2526,Nottingham,Omari Hutchinson,ENG,MF,21,2003,18.8,1,0,0,23,24,8,133,11,11,,,0,ENG,2025-2026,misc,2026-08-08T22:15:47.817297
ENG-Premier League,2526,Nottingham,Ryan Yates,ENG,MF,27,1997,6.9,3,0,0,13,13,0,5,9,10,,,0,ENG,2025-2026,misc,2026-08-08T22:15:47.817297
ENG-Premier League,2526,Nottingham,Stefan Ortega,GER,GK,32,1992,3.0,0,0,0,0,0,0,0,0,0,,,0,ENG,2025-2026,misc,2026-08-08T22:15:47.817297
ENG-Premier League,2526,Nottingham,Taiwo Awoniyi,NGA,FW,27,1997,5.5,2,0,0,10,7,6,1,1,1,,,0,ENG,2025-2026,misc,2026-08-08T22:15:47.817297
ENG-Premier League,2526,Nottingham,Zach Abbott,ENG,DF,19,2006,1.8,0,0,0,3,1,0,3,2,4,,,0,ENG,2025-2026,misc,2026-08-08T22:15:47.817297
ENG-Premier League,2526,Sunderland,Arthur Masuaku,COD,DF,31,1993,1.4,1,0,0,3,0,0,8,2,2,,,0,ENG,2025-2026,misc,2026-08-08T22:15:47.817297
ENG-Premier League,2526,Sunderland,Bertrand Traoré,BFA,"MF,FW",29,1995,7.0,1,0,0,11,12,1,13,2,4,,,0,ENG,2025-2026,misc,2026-08-08T22:15:47.817297
ENG-Premier League,2526,Sunderland,Brian Brobbey,NED,FW,23,2002,21.4,6,0,0,33,37,8,2,0,2,,,0,ENG,2025-2026,misc,2026-08-08T22:15:47.817297
ENG-Premier League,2526,Sunderland,Chemsdine Talbi,MAR,"MF,FW",20,2005,17.3,0,0,0,5,1,2,50,3,6,,,0,ENG,2025-2026,misc,2026-08-08T22:15:47.817297
ENG-Premier League,2526,Sunderland,Chris Rigg,ENG,MF,18,2007,8.5,1,0,0,8,8,2,11,4,8,,,0,ENG,2025-2026,misc,2026-08-08T22:15:47.817297
ENG-Premier League,2526,Sunderland,Dan Neil,ENG,MF,23,2001,0.2,0,0,0,0,1,0,0,1,0,,,0,ENG,2025-2026,misc,2026-08-08T22:15:47.817297
ENG-Premier League,2526,Sunderland,Daniel Ballard,NIR,DF,25,1999,23.9,4,1,0,29,29,3,1,20,17,,,0,ENG,2025-2026,misc,2026-08-08T22:15:47.817297
ENG-Premier League,2526,Sunderland,Dennis Cirkin,LVA,DF,23,2002,3.6,2,0,0,4,2,0,3,5,5,,,0,ENG,2025-2026,misc,2026-08-08T22:15:47.817297
ENG-Premier League,2526,Sunderland,Eliezer Mayenda,ESP,"FW,MF",20,2005,8.4,0,0,0,6,11,3,1,1,3,,,0,ENG,2025-2026,misc,2026-08-08T22:15:47.817297
ENG-Premier League,2526,Sunderland,Enzo Le Fée,FRA,"MF,FW",25,2000,32.6,5,0,0,31,37,4,98,28,56,,,0,ENG,2025-2026,misc,2026-08-08T22:15:47.817297
ENG-Premier League,2526,Sunderland,Granit Xhaka,SUI,MF,32,1992,32.3,8,0,0,23,40,0,99,29,33,,,0,ENG,2025-2026,misc,2026-08-08T22:15:47.817297
ENG-Premier League,2526,Sunderland,Habib Diarra,SEN,MF,21,2004,15.6,6,0,0,19,27,3,32,4,7,,,0,ENG,2025-2026,misc,2026-08-08T22:15:47.817297
ENG-Premier League,2526,Sunderland,Jenson Seelt,NED,DF,22,2003,1.5,0,0,0,1,1,0,1,0,0,,,0,ENG,2025-2026,misc,2026-08-08T22:15:47.817297
ENG-Premier League,2526,Sunderland,Jocelin Ta Bi,CIV,MF,20,2005,0.4,0,0,0,0,1,0,5,0,0,,,0,ENG,2025-2026,misc,2026-08-08T22:15:47.817297
ENG-Premier League,2526,Sunderland,Luke O'Nien,ENG,DF,30,1994,6.3,1,1,0,7,8,0,7,6,6,,,0,ENG,2025-2026,misc,2026-08-08T22:15:47.817297
ENG-Premier League,2526,Sunderland,Lutsharel Geertruida,NED,"DF,MF",25,2000,18.8,2,0,0,15,7,1,9,20,22,,,0,ENG,2025-2026,misc,2026-08-08T22:15:47.817297
ENG-Premier League,2526,Sunderland,Marc Guiu,ESP,FW,19,2006,0.2,0,0,0,0,0,0,0,0,0,,,0,ENG,2025-2026,misc,2026-08-08T22:15:47.817297
ENG-Premier League,2526,Sunderland,Melker Ellborg,SWE,GK,22,2003,3.0,0,0,0,0,1,0,0,0,0,,,0,ENG,2025-2026,misc,2026-08-08T22:15:47.817297
ENG-Premier League,2526,Sunderland,Nilson Angulo,ECU,MF,22,2003,4.5,1,0,0,11,3,1,7,5,7,,,0,ENG,2025-2026,misc,2026-08-08T22:15:47.817297
ENG-Premier League,2526,Sunderland,Noah Sadiki,COD,MF,20,2004,32.1,9,0,0,31,40,2,21,33,26,,,0,ENG,2025-2026,misc,2026-08-08T22:15:47.817297
ENG-Premier League,2526,Sunderland,Nordi Mukiele,FRA,DF,27,1997,30.9,5,0,0,35,26,3,85,37,45,,,1,ENG,2025-2026,misc,2026-08-08T22:15:47.817297
ENG-Premier League,2526,Sunderland,Omar Alderete,PAR,DF,28,1996,31.1,6,0,0,34,10,5,11,36,18,,,0,ENG,2025-2026,misc,2026-08-08T22:15:47.817297
ENG-Premier League,2526,Sunderland,Patrick Roberts,ENG,"FW,MF",28,1997,0.3,0,0,0,0,0,0,0,0,0,,,0,ENG,2025-2026,misc,2026-08-08T22:15:47.817297
ENG-Premier League,2526,Sunderland,Reinildo Mandava,MOZ,DF,31,1994,21.8,7,1,0,32,35,1,23,29,23,,,0,ENG,2025-2026,misc,2026-08-08T22:15:47.817297
ENG-Premier League,2526,Sunderland,Robin Roefs,NED,GK,22,2003,35.0,4,0,0,0,14,0,0,0,0,,,0,ENG,2025-2026,misc,2026-08-08T22:15:47.817297
ENG-Premier League,2526,Sunderland,Romaine Mundle,ENG,MF,22,2003,4.6,1,0,0,7,8,0,11,1,4,,,0,ENG,2025-2026,misc,2026-08-08T22:15:47.817297
ENG-Premier League,2526,Sunderland,Simon Adingra,CIV,"MF,FW",23,2002,7.3,2,0,0,18,3,4,27,2,8,,,0,ENG,2025-2026,misc,2026-08-08T22:15:47.817297
ENG-Premier League,2526,Sunderland,Trai Hume,NIR,"DF,MF",23,2002,33.7,9,0,0,30,38,3,88,25,46,,,1,ENG,2025-2026,misc,2026-08-08T22:15:47.817297
ENG-Premier League,2526,Sunderland,Wilson Isidor,HAI,FW,24,2000,12.9,1,0,0,14,7,10,0,2,8,,,0,ENG,2025-2026,misc,2026-08-08T22:15:47.817297
ENG-Premier League,2526,Tottenham,Antonín Kinský,CZE,GK,22,2003,7.0,1,0,0,0,1,0,0,0,0,,,0,ENG,2025-2026,misc,2026-08-08T22:15:47.817297
ENG-Premier League,2526,Tottenham,Archie Gray,ENG,"MF,DF",19,2006,16.4,5,0,0,12,2,0,12,17,8,,,0,ENG,2025-2026,misc,2026-08-08T22:15:47.817297
ENG-Premier League,2526,Tottenham,Ben Davies,WAL,DF,32,1993,1.5,1,0,0,2,0,0,3,1,4,,,0,ENG,2025-2026,misc,2026-08-08T22:15:47.817297
ENG-Premier League,2526,Tottenham,Brennan Johnson,WAL,"MF,FW",24,2001,6.8,2,0,0,2,4,8,23,2,9,,,0,ENG,2025-2026,misc,2026-08-08T22:15:47.817297
ENG-Premier League,2526,Tottenham,Callum Olusesi,ENG,MF,18,2007,0.2,0,0,0,0,0,0,0,0,0,,,0,ENG,2025-2026,misc,2026-08-08T22:15:47.817297
ENG-Premier League,2526,Tottenham,Conor Gallagher,ENG,MF,25,2000,13.2,2,0,0,25,23,1,23,18,14,,,0,ENG,2025-2026,misc,2026-08-08T22:15:47.817297
ENG-Premier League,2526,Tottenham,Cristian Romero,ARG,DF,27,1998,20.8,11,2,1,32,16,1,1,31,30,,,0,ENG,2025-2026,misc,2026-08-08T22:15:47.817297
ENG-Premier League,2526,Tottenham,Dane Scarlett,ENG,FW,21,2004,0.1,0,0,0,1,0,0,0,0,0,,,0,ENG,2025-2026,misc,2026-08-08T22:15:47.817297
ENG-Premier League,2526,Tottenham,Destiny Udogie,ITA,"DF,MF",22,2002,14.9,4,0,0,17,22,3,27,7,20,,,0,ENG,2025-2026,misc,2026-08-08T22:15:47.817297
ENG-Premier League,2526,Tottenham,Djed Spence,ENG,"DF,MF",24,2000,22.8,4,0,0,28,21,4,49,15,25,,,0,ENG,2025-2026,misc,2026-08-08T22:15:47.817297
ENG-Premier League,2526,Tottenham,Dominic Solanke,ENG,FW,27,1997,11.1,1,0,0,12,9,3,2,3,16,,,0,ENG,2025-2026,misc,2026-08-08T22:15:47.817297
ENG-Premier League,2526,Tottenham,Guglielmo Vicario,ITA,GK,28,1996,31.0,1,0,0,0,3,0,0,0,1,,,0,ENG,2025-2026,misc,2026-08-08T22:15:47.817297
ENG-Premier League,2526,Tottenham,James Maddison,ENG,"FW,MF",28,1996,0.4,0,0,0,1,1,0,6,0,1,,,0,ENG,2025-2026,misc,2026-08-08T22:15:47.817297
ENG-Premier League,2526,Tottenham,James Rowswell,ENG,DF,19,2006,0.0,0,0,0,0,0,0,0,0,0,,,0,ENG,2025-2026,misc,2026-08-08T22:15:47.817297
ENG-Premier League,2526,Tottenham,João Palhinha,POR,MF,30,1995,24.4,8,0,0,28,36,0,4,28,61,,,0,ENG,2025-2026,misc,2026-08-08T22:15:47.817297
ENG-Premier League,2526,Tottenham,Jun'ai Byfield,ENG,DF,16,2008,0.0,0,0,0,0,0,0,0,0,0,,,0,ENG,2025-2026,misc,2026-08-08T22:15:47.817297
ENG-Premier League,2526,Tottenham,Kevin Danso,AUT,DF,26,1998,16.6,8,0,0,21,13,0,7,25,13,,,0,ENG,2025-2026,misc,2026-08-08T22:15:47.817297
ENG-Premier League,2526,Tottenham,Lucas Bergvall,SWE,MF,19,2006,10.7,2,0,0,24,7,3,19,3,14,,,0,ENG,2025-2026,misc,2026-08-08T22:15:47.817297
ENG-Premier League,2526,Tottenham,Mathys Tel,FRA,"MF,FW",20,2005,15.0,1,0,0,19,23,3,92,5,12,,,0,ENG,2025-2026,misc,2026-08-08T22:15:47.817297
ENG-Premier League,2526,Tottenham,Micky van de Ven,NED,DF,24,2001,33.8,9,1,0,28,22,2,3,21,20,,,0,ENG,2025-2026,misc,2026-08-08T22:15:47.817297
ENG-Premier League,2526,Tottenham,Mohammed Kudus,GHA,"MF,FW",24,2000,17.1,3,0,0,23,15,10,122,3,17,,,0,ENG,2025-2026,misc,2026-08-08T22:15:47.817297
ENG-Premier League,2526,Tottenham,Pape Matar Sarr,SEN,MF,22,2002,15.5,3,0,0,29,13,3,8,14,21,,,0,ENG,2025-2026,misc,2026-08-08T22:15:47.817297
ENG-Premier League,2526,Tottenham,Pedro Porro,ESP,DF,25,1999,31.1,10,0,0,32,26,1,232,31,50,,,0,ENG,2025-2026,misc,2026-08-08T22:15:47.817297
ENG-Premier League,2526,Tottenham,Radu Drăgușin,ROU,DF,23,2002,5.7,0,0,0,9,1,0,3,16,3,,,0,ENG,2025-2026,misc,2026-08-08T22:15:47.817297
ENG-Premier League,2526,Tottenham,Randal Kolo Muani,FRA,"FW,MF",26,1998,18.5,3,0,0,41,17,3,18,2,16,,,0,ENG,2025-2026,misc,2026-08-08T22:15:47.817297
ENG-Premier League,2526,Tottenham,Richarlison,BRA,"FW,MF",28,1997,21.8,5,0,0,23,33,10,18,7,16,,,0,ENG,2025-2026,misc,2026-08-08T22:15:47.817297
ENG-Premier League,2526,Tottenham,Rodrigo Bentancur,URU,MF,28,1997,20.9,7,0,0,19,8,1,7,36,36,,,0,ENG,2025-2026,misc,2026-08-08T22:15:47.817297
ENG-Premier League,2526,Tottenham,Souza,BRA,MF,19,2006,1.6,1,0,0,3,2,0,3,2,0,,,0,ENG,2025-2026,misc,2026-08-08T22:15:47.817297
ENG-Premier League,2526,Tottenham,Wilson Odobert,FRA,"MF,FW",20,2004,10.9,0,0,0,2,10,2,28,0,8,,,0,ENG,2025-2026,misc,2026-08-08T22:15:47.817297
ENG-Premier League,2526,Tottenham,Xavi Simons,NED,"MF,FW",22,2003,19.5,5,1,0,21,44,0,51,15,20,,,0,ENG,2025-2026,misc,2026-08-08T22:15:47.817297
ENG-Premier League,2526,Tottenham,Yves Bissouma,MLI,MF,28,1996,6.7,4,0,0,8,6,0,1,8,11,,,0,ENG,2025-2026,misc,2026-08-08T22:15:47.817297
ENG-Premier League,2526,West Ham,Aaron Wan-Bissaka,COD,"DF,MF",27,1997,23.1,4,0,0,23,12,1,43,41,24,,,0,ENG,2025-2026,misc,2026-08-08T22:15:47.817297
ENG-Premier League,2526,West Ham,Adama Traoré,ESP,"FW,MF",29,1996,1.3,1,0,0,1,0,2,12,0,1,,,0,ENG,2025-2026,misc,2026-08-08T22:15:47.817297
ENG-Premier League,2526,West Ham,Alphonse Areola,FRA,GK,32,1993,20.0,0,0,0,1,1,0,0,1,0,,,0,ENG,2025-2026,misc,2026-08-08T22:15:47.817297
ENG-Premier League,2526,West Ham,Andy Irving,SCO,MF,25,2000,1.8,0,0,0,1,0,0,12,1,4,,,0,ENG,2025-2026,misc,2026-08-08T22:15:47.817297
ENG-Premier League,2526,West Ham,Axel Disasi,FRA,DF,27,1998,13.9,1,0,0,5,4,1,0,12,10,,,1,ENG,2025-2026,misc,2026-08-08T22:15:47.817297
ENG-Premier League,2526,West Ham,Callum Marshall,NIR,FW,20,2004,0.7,0,0,0,0,0,1,0,2,0,,,0,ENG,2025-2026,misc,2026-08-08T22:15:47.817297
ENG-Premier League,2526,West Ham,Callum Wilson,ENG,FW,33,1992,13.9,1,0,0,12,14,9,5,3,2,,,0,ENG,2025-2026,misc,2026-08-08T22:15:47.817297
ENG-Premier League,2526,West Ham,Crysencio Summerville,NED,"MF,FW",23,2001,27.4,6,0,0,49,67,6,59,15,26,,,0,ENG,2025-2026,misc,2026-08-08T22:15:47.817297
ENG-Premier League,2526,West Ham,El Hadji Malick Diouf,SEN,"DF,MF",20,2004,30.1,6,0,0,28,25,2,109,32,19,,,0,ENG,2025-2026,misc,2026-08-08T22:15:47.817297
ENG-Premier League,2526,West Ham,Ezra Mayers,BRB,DF,18,2007,1.3,0,0,0,0,0,0,3,1,0,,,0,ENG,2025-2026,misc,2026-08-08T22:15:47.817297
ENG-Premier League,2526,West Ham,Freddie Potts,ENG,MF,21,2003,13.0,1,0,0,15,14,0,34,16,18,,,0,ENG,2025-2026,misc,2026-08-08T22:15:47.817297
ENG-Premier League,2526,West Ham,George Earthy,ENG,MF,20,2004,0.1,0,0,0,0,0,0,0,0,0,,,0,ENG,2025-2026,misc,2026-08-08T22:15:47.817297
ENG-Premier League,2526,West Ham,Guido Rodríguez,ARG,MF,31,1994,2.0,1,0,0,2,4,0,2,2,0,,,0,ENG,2025-2026,misc,2026-08-08T22:15:47.817297
ENG-Premier League,2526,West Ham,Igor,BRA,DF,27,1998,1.2,0,0,0,1,0,0,0,1,0,,,0,ENG,2025-2026,misc,2026-08-08T22:15:47.817297
ENG-Premier League,2526,West Ham,James Ward-Prowse,ENG,MF,30,1994,4.6,0,0,0,4,2,0,22,6,2,,,0,ENG,2025-2026,misc,2026-08-08T22:15:47.817297
ENG-Premier League,2526,West Ham,Jarrod Bowen,ENG,"MF,FW",28,1996,37.8,4,0,0,19,49,17,148,27,28,,,0,ENG,2025-2026,misc,2026-08-08T22:15:47.817297
ENG-Premier League,2526,West Ham,Jean-Clair Todibo,FRA,DF,25,1999,20.2,5,1,0,9,3,1,2,16,24,,,0,ENG,2025-2026,misc,2026-08-08T22:15:47.817297
ENG-Premier League,2526,West Ham,Konstantinos Mavropanos,GRE,DF,27,1997,28.2,2,0,0,16,9,2,4,47,24,,,2,ENG,2025-2026,misc,2026-08-08T22:15:47.817297
ENG-Premier League,2526,West Ham,Kyle Walker-Peters,ENG,DF,28,1997,15.4,2,0,0,12,25,1,20,9,30,,,0,ENG,2025-2026,misc,2026-08-08T22:15:47.817297
ENG-Premier League,2526,West Ham,Lucas Paquetá,BRA,"MF,FW",27,1997,16.8,7,1,1,27,30,5,36,7,22,,,0,ENG,2025-2026,misc,2026-08-08T22:15:47.817297
ENG-Premier League,2526,West Ham,Luis Guilherme,BRA,FW,19,2006,1.4,0,0,0,0,0,0,0,0,1,,,0,ENG,2025-2026,misc,2026-08-08T22:15:47.817297
ENG-Premier League,2526,West Ham,Mads Hermansen,DEN,GK,25,2000,18.0,0,0,0,0,2,0,0,0,0,,,0,ENG,2025-2026,misc,2026-08-08T22:15:47.817297
ENG-Premier League,2526,West Ham,Mateus Fernandes,POR,MF,21,2004,33.5,7,0,0,49,49,0,51,36,67,,,0,ENG,2025-2026,misc,2026-08-08T22:15:47.817297
ENG-Premier League,2526,West Ham,Max Kilman,ENG,DF,28,1997,17.3,4,0,0,16,2,0,2,6,8,,,0,ENG,2025-2026,misc,2026-08-08T22:15:47.817297
ENG-Premier League,2526,West Ham,Mohamadou Kanté,FRA,MF,19,2005,0.8,2,0,0,4,1,0,0,0,4,,,0,ENG,2025-2026,misc,2026-08-08T22:15:47.817297
ENG-Premier League,2526,West Ham,Nayef Aguerd,MAR,DF,29,1996,2.0,0,0,0,0,1,0,2,1,0,,,0,ENG,2025-2026,misc,2026-08-08T22:15:47.817297
ENG-Premier League,2526,West Ham,Niclas Füllkrug,GER,FW,32,1993,4.5,0,0,0,11,1,2,0,2,1,,,0,ENG,2025-2026,misc,2026-08-08T22:15:47.817297
ENG-Premier League,2526,West Ham,Oliver Scarles,ENG,"DF,MF",19,2005,7.3,2,0,0,7,7,1,35,13,19,,,0,ENG,2025-2026,misc,2026-08-08T22:15:47.817297
ENG-Premier League,2526,West Ham,Pablo,BRA,"MF,FW",21,2004,9.1,0,0,0,23,8,0,5,5,14,,,0,ENG,2025-2026,misc,2026-08-08T22:15:47.817297
ENG-Premier League,2526,West Ham,Soungoutou Magassa,FRA,MF,21,2003,10.9,4,0,0,17,17,0,9,17,23,,,0,ENG,2025-2026,misc,2026-08-08T22:15:47.817297
ENG-Premier League,2526,West Ham,Tomáš Souček,CZE,MF,30,1995,24.4,3,1,0,37,22,5,14,16,23,,,0,ENG,2025-2026,misc,2026-08-08T22:15:47.817297
ENG-Premier League,2526,West Ham,Valentín Castellanos,ARG,FW,26,1998,15.4,6,0,0,32,16,9,9,6,9,,,0,ENG,2025-2026,misc,2026-08-08T22:15:47.817297
ENG-Premier League,2526,Wolves,Adam Armstrong,ENG,"FW,MF",28,1997,12.7,3,0,0,12,3,5,5,1,4,,,0,ENG,2025-2026,misc,2026-08-08T22:15:47.817297
ENG-Premier League,2526,Wolves,André,BRA,MF,24,2001,30.7,12,0,0,47,43,0,40,25,42,,,0,ENG,2025-2026,misc,2026-08-08T22:15:47.817297
ENG-Premier League,2526,Wolves,Angel Gomes,ENG,"MF,FW",24,2000,5.1,1,0,0,7,9,0,12,1,5,,,0,ENG,2025-2026,misc,2026-08-08T22:15:47.817297
ENG-Premier League,2526,Wolves,Daniel Bentley,ENG,GK,32,1993,3.0,0,0,0,0,2,0,0,0,0,,,0,ENG,2025-2026,misc,2026-08-08T22:15:47.817297
ENG-Premier League,2526,Wolves,David Møller Wolfe,NOR,"MF,DF",23,2002,11.7,1,0,0,10,4,0,32,7,5,,,0,ENG,2025-2026,misc,2026-08-08T22:15:47.817297
ENG-Premier League,2526,Wolves,Emmanuel Agbadou,CIV,DF,28,1997,12.2,1,1,0,10,5,1,13,14,21,,,0,ENG,2025-2026,misc,2026-08-08T22:15:47.817297
ENG-Premier League,2526,Wolves,Fer López,ESP,MF,21,2004,2.6,1,0,0,6,4,0,4,0,1,,,0,ENG,2025-2026,misc,2026-08-08T22:15:47.817297
ENG-Premier League,2526,Wolves,Hugo Bueno,ESP,"MF,DF",22,2002,26.3,3,0,0,17,24,3,166,33,35,,,0,ENG,2025-2026,misc,2026-08-08T22:15:47.817297
ENG-Premier League,2526,Wolves,Hwang Hee-chan,KOR,"FW,MF",29,1996,16.1,5,0,0,28,18,9,19,12,4,,,0,ENG,2025-2026,misc,2026-08-08T22:15:47.817297
ENG-Premier League,2526,Wolves,Jackson Tchatchoua,CMR,"MF,DF",23,2001,20.5,3,0,0,8,9,2,90,14,15,,,0,ENG,2025-2026,misc,2026-08-08T22:15:47.817297
ENG-Premier League,2526,Wolves,Jean-Ricner Bellegarde,HAI,"MF,FW",27,1998,13.9,5,0,0,20,41,0,25,9,15,,,0,ENG,2025-2026,misc,2026-08-08T22:15:47.817297
ENG-Premier League,2526,Wolves,Jerome Abbey,ENG,MF,15,2009,0.2,0,0,0,0,0,1,0,1,0,,,0,ENG,2025-2026,misc,2026-08-08T22:15:47.817297
ENG-Premier League,2526,Wolves,Jhon Arias,COL,"FW,MF",27,1997,12.5,1,0,0,26,9,3,30,7,27,,,0,ENG,2025-2026,misc,2026-08-08T22:15:47.817297
ENG-Premier League,2526,Wolves,José Sá,POR,GK,32,1993,23.0,2,0,0,0,6,0,0,0,0,,,0,ENG,2025-2026,misc,2026-08-08T22:15:47.817297
ENG-Premier League,2526,Wolves,João Gomes,BRA,MF,24,2001,31.4,10,0,0,69,49,1,31,36,68,,,0,ENG,2025-2026,misc,2026-08-08T22:15:47.817297
ENG-Premier League,2526,Wolves,Jørgen Strand Larsen,NOR,FW,25,2000,15.6,2,0,0,30,11,9,3,3,2,,,0,ENG,2025-2026,misc,2026-08-08T22:15:47.817297
ENG-Premier League,2526,Wolves,Ki-Jana Hoever,NED,"MF,DF",23,2002,4.7,0,0,0,3,3,1,22,5,11,,,0,ENG,2025-2026,misc,2026-08-08T22:15:47.817297
ENG-Premier League,2526,Wolves,Ladislav Krejčí,CZE,"DF,MF",26,1999,26.2,5,1,1,33,7,0,17,32,21,,,1,ENG,2025-2026,misc,2026-08-08T22:15:47.817297
ENG-Premier League,2526,Wolves,Marshall Munetsi,ZIM,"MF,FW",29,1996,9.7,2,0,0,19,10,4,14,5,13,,,0,ENG,2025-2026,misc,2026-08-08T22:15:47.817297
ENG-Premier League,2526,Wolves,Mateus Mane,POR,MF,17,2007,19.9,0,0,0,26,47,2,94,5,13,,,0,ENG,2025-2026,misc,2026-08-08T22:15:47.817297
ENG-Premier League,2526,Wolves,Matt Doherty,IRL,"DF,MF",33,1992,8.7,4,0,0,16,6,0,8,7,8,,,0,ENG,2025-2026,misc,2026-08-08T22:15:47.817297
ENG-Premier League,2526,Wolves,Pedro Lima,BRA,MF,19,2006,2.9,0,0,0,6,1,0,10,4,5,,,0,ENG,2025-2026,misc,2026-08-08T22:15:47.817297
ENG-Premier League,2526,Wolves,Rodrigo Gomes,POR,"MF,FW",22,2003,10.7,0,0,0,6,8,3,24,11,18,,,0,ENG,2025-2026,misc,2026-08-08T22:15:47.817297
ENG-Premier League,2526,Wolves,Sam Johnstone,ENG,GK,32,1993,12.0,0,0,0,0,0,0,0,0,1,,,1,ENG,2025-2026,misc,2026-08-08T22:15:47.817297
ENG-Premier League,2526,Wolves,Santiago Bueno,URU,DF,26,1998,28.4,4,0,0,29,11,2,6,27,30,,,0,ENG,2025-2026,misc,2026-08-08T22:15:47.817297
ENG-Premier League,2526,Wolves,Saša Kalajdžić,AUT,"FW,MF",28,1997,0.2,0,0,0,0,0,0,0,1,0,,,0,ENG,2025-2026,misc,2026-08-08T22:15:47.817297
ENG-Premier League,2526,Wolves,Tawanda Chirewa,ZIM,MF,21,2003,0.3,0,0,0,3,1,0,0,0,0,,,0,ENG,2025-2026,misc,2026-08-08T22:15:47.817297
ENG-Premier League,2526,Wolves,Tolu Arokodare,NGA,FW,24,2000,15.8,1,0,0,18,17,6,0,5,4,,,0,ENG,2025-2026,misc,2026-08-08T22:15:47.817297
ENG-Premier League,2526,Wolves,Tom Edozie,ENG,MF,19,2006,0.2,0,0,0,0,0,0,0,0,0,,,0,ENG,2025-2026,misc,2026-08-08T22:15:47.817297
ENG-Premier League,2526,Wolves,Toti Gomes,POR,DF,26,1999,15.8,2,1,0,11,11,0,11,13,11,,,0,ENG,2025-2026,misc,2026-08-08T22:15:47.817297
ENG-Premier League,2526,Wolves,Yerson Mosquera,COL,DF,24,2001,23.7,12,0,0,34,44,1,18,25,36,,,2,ENG,2025-2026,misc,2026-08-08T22:15:47.817297
