league,season,team,player,nation,pos,age,born,90s,Standard_Gls,Standard_Sh,Standard_SoT,Standard_SoT%,Standard_Sh/90,Standard_SoT/90,Standard_G/Sh,Standard_G/SoT,Standard_PK,Standard_PKatt,_league_id,_season,_stat_type,_scraped_at
FRA-Ligue 1,2324,Brest,Achraf Dari,MAR,DF,24,1999,1.3,0,1,1,100.0,0.74,0.74,0.0,0.0,0,0,FRA,2023-2024,shooting,2026-08-06T23:13:23.735900
FRA-Ligue 1,2324,Brest,Adrien Lebeau,FRA,MF,24,1999,0.6,0,1,0,0.0,1.67,0.0,0.0,,0,0,FRA,2023-2024,shooting,2026-08-06T23:13:23.735900
FRA-Ligue 1,2324,Brest,Axel Camblan,FRA,FW,19,2003,1.0,0,2,0,0.0,2.0,0.0,0.0,,0,0,FRA,2023-2024,shooting,2026-08-06T23:13:23.735900
FRA-Ligue 1,2324,Brest,Bilal Brahimi,ALG,FW,23,2000,2.5,0,4,2,50.0,1.63,0.81,0.0,0.0,0,0,FRA,2023-2024,shooting,2026-08-06T23:13:23.735900
FRA-Ligue 1,2324,Brest,Bradley Locko,FRA,DF,21,2002,32.9,0,12,2,16.7,0.36,0.06,0.0,0.0,0,0,FRA,2023-2024,shooting,2026-08-06T23:13:23.735900
FRA-Ligue 1,2324,Brest,Brendan Chardonnet,FRA,DF,28,1994,33.0,1,19,3,15.8,0.58,0.09,0.05,0.33,0,0,FRA,2023-2024,shooting,2026-08-06T23:13:23.735900
FRA-Ligue 1,2324,Brest,Grégoire Coudert,FRA,GK,24,1999,2.0,0,0,0,,0.0,0.0,,,0,0,FRA,2023-2024,shooting,2026-08-06T23:13:23.735900
FRA-Ligue 1,2324,Brest,Hianga'a Mbock,FRA,MF,23,1999,0.1,0,1,0,0.0,10.0,0.0,0.0,,0,0,FRA,2023-2024,shooting,2026-08-06T23:13:23.735900
FRA-Ligue 1,2324,Brest,Hugo Magnetti,FRA,MF,25,1998,26.0,2,36,11,30.6,1.38,0.42,0.06,0.18,0,0,FRA,2023-2024,shooting,2026-08-06T23:13:23.735900
FRA-Ligue 1,2324,Brest,Jonas Martin,FRA,MF,33,1990,13.4,0,10,3,30.0,0.75,0.22,0.0,0.0,0,0,FRA,2023-2024,shooting,2026-08-06T23:13:23.735900
FRA-Ligue 1,2324,Brest,Jordan Amavi,FRA,DF,29,1994,1.0,1,1,1,100.0,0.99,0.99,1.0,1.0,0,0,FRA,2023-2024,shooting,2026-08-06T23:13:23.735900
FRA-Ligue 1,2324,Brest,Julien Le Cardinal,FRA,DF,25,1997,5.3,0,4,2,50.0,0.76,0.38,0.0,0.0,0,0,FRA,2023-2024,shooting,2026-08-06T23:13:23.735900
FRA-Ligue 1,2324,Brest,Jérémy Le Douaron,FRA,"FW,MF",25,1998,18.0,4,50,21,42.0,2.78,1.17,0.08,0.19,0,0,FRA,2023-2024,shooting,2026-08-06T23:13:23.735900
FRA-Ligue 1,2324,Brest,Kamory Doumbia,MLI,MF,20,2003,9.8,6,25,11,44.0,2.56,1.13,0.24,0.55,0,0,FRA,2023-2024,shooting,2026-08-06T23:13:23.735900
FRA-Ligue 1,2324,Brest,Karamoko Dembélé,ENG,"FW,MF",20,2003,0.2,0,0,0,,0.0,0.0,,,0,0,FRA,2023-2024,shooting,2026-08-06T23:13:23.735900
FRA-Ligue 1,2324,Brest,Kenny Lala,MAD,DF,31,1991,33.0,2,14,7,50.0,0.42,0.21,0.14,0.29,0,0,FRA,2023-2024,shooting,2026-08-06T23:13:23.735900
FRA-Ligue 1,2324,Brest,Lilian Brassier,FRA,DF,23,1999,29.7,3,12,4,33.3,0.4,0.13,0.25,0.75,0,0,FRA,2023-2024,shooting,2026-08-06T23:13:23.735900
FRA-Ligue 1,2324,Brest,Luck Zogbé,CIV,DF,18,2005,0.1,0,0,0,,0.0,0.0,,,0,0,FRA,2023-2024,shooting,2026-08-06T23:13:23.735900
FRA-Ligue 1,2324,Brest,Mahdi Camara,FRA,MF,25,1998,22.4,7,42,15,35.7,1.87,0.67,0.14,0.4,1,1,FRA,2023-2024,shooting,2026-08-06T23:13:23.735900
FRA-Ligue 1,2324,Brest,Marco Bizot,NED,GK,32,1991,32.0,0,0,0,,0.0,0.0,,,0,0,FRA,2023-2024,shooting,2026-08-06T23:13:23.735900
FRA-Ligue 1,2324,Brest,Martin Satriano,URU,"FW,MF",22,2001,20.7,4,63,20,31.7,3.04,0.97,0.06,0.2,0,0,FRA,2023-2024,shooting,2026-08-06T23:13:23.735900
FRA-Ligue 1,2324,Brest,Mathias Pereira Lage,POR,"MF,FW",26,1996,13.2,3,36,16,44.4,2.73,1.21,0.08,0.19,0,0,FRA,2023-2024,shooting,2026-08-06T23:13:23.735900
FRA-Ligue 1,2324,Brest,Pierre Lees-Melou,FRA,MF,30,1993,28.0,4,52,13,25.0,1.86,0.46,0.08,0.31,0,0,FRA,2023-2024,shooting,2026-08-06T23:13:23.735900
FRA-Ligue 1,2324,Brest,Romain Del Castillo,FRA,"MF,FW",27,1996,27.7,8,39,17,43.6,1.41,0.61,0.13,0.29,3,3,FRA,2023-2024,shooting,2026-08-06T23:13:23.735900
FRA-Ligue 1,2324,Brest,Steve Mounié,BEN,FW,28,1994,19.7,6,59,24,40.7,3.0,1.22,0.1,0.25,0,0,FRA,2023-2024,shooting,2026-08-06T23:13:23.735900
FRA-Ligue 1,2324,Clermont Foot,Abdellah Baallal,MAR,MF,18,2004,0.0,0,0,0,,0.0,0.0,,,0,0,FRA,2023-2024,shooting,2026-08-06T23:13:23.735900
FRA-Ligue 1,2324,Clermont Foot,Alan Virginius,FRA,"MF,FW",20,2003,10.4,0,10,6,60.0,0.96,0.58,0.0,0.0,0,0,FRA,2023-2024,shooting,2026-08-06T23:13:23.735900
FRA-Ligue 1,2324,Clermont Foot,Alidu Seidu,GHA,DF,23,2000,12.6,0,6,1,16.7,0.48,0.08,0.0,0.0,0,0,FRA,2023-2024,shooting,2026-08-06T23:13:23.735900
FRA-Ligue 1,2324,Clermont Foot,Andy Pelmard,MAD,DF,23,2000,33.2,0,2,1,50.0,0.06,0.03,0.0,0.0,0,0,FRA,2023-2024,shooting,2026-08-06T23:13:23.735900
FRA-Ligue 1,2324,Clermont Foot,Aïman Maurer,MAR,MF,18,2004,0.6,0,3,1,33.3,4.82,1.61,0.0,0.0,0,0,FRA,2023-2024,shooting,2026-08-06T23:13:23.735900
FRA-Ligue 1,2324,Clermont Foot,Bilal Boutobba,FRA,"MF,FW",24,1998,10.3,1,25,9,36.0,2.43,0.87,0.04,0.11,0,0,FRA,2023-2024,shooting,2026-08-06T23:13:23.735900
FRA-Ligue 1,2324,Clermont Foot,Cheick Konaté,MLI,"MF,DF",19,2004,11.9,1,14,4,28.6,1.18,0.34,0.07,0.25,0,0,FRA,2023-2024,shooting,2026-08-06T23:13:23.735900
FRA-Ligue 1,2324,Clermont Foot,Chrislain Matsima,FRA,DF,21,2002,13.1,1,5,2,40.0,0.38,0.15,0.2,0.5,0,0,FRA,2023-2024,shooting,2026-08-06T23:13:23.735900
FRA-Ligue 1,2324,Clermont Foot,Elba Rashani,KVX,"MF,FW",30,1993,13.1,2,16,5,31.3,1.23,0.38,0.13,0.4,0,0,FRA,2023-2024,shooting,2026-08-06T23:13:23.735900
FRA-Ligue 1,2324,Clermont Foot,Florent Ogier,FRA,DF,34,1989,10.5,1,7,2,28.6,0.67,0.19,0.14,0.5,0,0,FRA,2023-2024,shooting,2026-08-06T23:13:23.735900
FRA-Ligue 1,2324,Clermont Foot,Grejohn Kyei,FRA,FW,27,1995,11.4,2,31,8,25.8,2.72,0.7,0.03,0.13,1,1,FRA,2023-2024,shooting,2026-08-06T23:13:23.735900
FRA-Ligue 1,2324,Clermont Foot,Habib Keita,MLI,MF,21,2002,14.2,1,20,5,25.0,1.41,0.35,0.05,0.2,0,0,FRA,2023-2024,shooting,2026-08-06T23:13:23.735900
FRA-Ligue 1,2324,Clermont Foot,Ilhan Fakili,FRA,MF,17,2006,1.0,0,4,2,50.0,3.83,1.91,0.0,0.0,0,0,FRA,2023-2024,shooting,2026-08-06T23:13:23.735900
FRA-Ligue 1,2324,Clermont Foot,Jim Allevinah,GAB,MF,28,1995,20.7,2,37,11,29.7,1.79,0.53,0.05,0.18,0,0,FRA,2023-2024,shooting,2026-08-06T23:13:23.735900
FRA-Ligue 1,2324,Clermont Foot,Johan Gastien,FRA,MF,35,1988,25.1,0,11,5,45.5,0.44,0.2,0.0,0.0,0,0,FRA,2023-2024,shooting,2026-08-06T23:13:23.735900
FRA-Ligue 1,2324,Clermont Foot,Joshua M'Bahia,CIV,DF,18,2005,0.2,0,0,0,,0.0,0.0,,,0,0,FRA,2023-2024,shooting,2026-08-06T23:13:23.735900
FRA-Ligue 1,2324,Clermont Foot,Jérémie Bela,ANG,MF,30,1993,2.3,0,6,2,33.3,2.66,0.89,0.0,0.0,0,0,FRA,2023-2024,shooting,2026-08-06T23:13:23.735900
FRA-Ligue 1,2324,Clermont Foot,Jérémy Jacquet,FRA,DF,18,2005,2.8,0,1,0,0.0,0.36,0.0,0.0,,0,0,FRA,2023-2024,shooting,2026-08-06T23:13:23.735900
FRA-Ligue 1,2324,Clermont Foot,Komnen Andrić,SRB,FW,28,1995,1.9,0,3,0,0.0,1.6,0.0,0.0,,0,0,FRA,2023-2024,shooting,2026-08-06T23:13:23.735900
FRA-Ligue 1,2324,Clermont Foot,Massamba Ndiaye,SEN,GK,21,2001,4.0,0,0,0,,0.0,0.0,,,0,0,FRA,2023-2024,shooting,2026-08-06T23:13:23.735900
FRA-Ligue 1,2324,Clermont Foot,Mateusz Wieteska,POL,DF,26,1997,1.9,1,3,2,66.7,1.55,1.03,0.33,0.5,0,0,FRA,2023-2024,shooting,2026-08-06T23:13:23.735900
FRA-Ligue 1,2324,Clermont Foot,Maxime Gonalons,FRA,MF,34,1989,14.4,1,13,3,23.1,0.9,0.21,0.08,0.33,0,0,FRA,2023-2024,shooting,2026-08-06T23:13:23.735900
FRA-Ligue 1,2324,Clermont Foot,Maximiliano Caufriez,BEL,DF,26,1997,18.4,0,6,1,16.7,0.33,0.05,0.0,0.0,0,0,FRA,2023-2024,shooting,2026-08-06T23:13:23.735900
FRA-Ligue 1,2324,Clermont Foot,Mehdi Zeffane,ALG,"MF,DF",31,1992,13.7,0,19,1,5.3,1.39,0.07,0.0,0.0,0,0,FRA,2023-2024,shooting,2026-08-06T23:13:23.735900
FRA-Ligue 1,2324,Clermont Foot,Mohamed Bouchenna,FRA,FW,17,2006,0.3,0,1,0,0.0,3.1,0.0,0.0,,0,0,FRA,2023-2024,shooting,2026-08-06T23:13:23.735900
FRA-Ligue 1,2324,Clermont Foot,Mory Diaw,SEN,GK,30,1993,30.0,0,0,0,,0.0,0.0,,,0,0,FRA,2023-2024,shooting,2026-08-06T23:13:23.735900
FRA-Ligue 1,2324,Clermont Foot,Muhammed Cham,AUT,"MF,FW",22,2000,28.4,8,74,30,40.5,2.61,1.06,0.05,0.13,4,5,FRA,2023-2024,shooting,2026-08-06T23:13:23.735900
FRA-Ligue 1,2324,Clermont Foot,Neto Borges,BRA,"MF,DF",26,1996,28.0,0,16,2,12.5,0.57,0.07,0.0,0.0,0,0,FRA,2023-2024,shooting,2026-08-06T23:13:23.735900
FRA-Ligue 1,2324,Clermont Foot,Shamar Nicholson,JAM,FW,26,1997,16.5,4,40,20,50.0,2.43,1.21,0.08,0.15,1,2,FRA,2023-2024,shooting,2026-08-06T23:13:23.735900
FRA-Ligue 1,2324,Clermont Foot,Yohann Magnin,FRA,MF,26,1997,18.7,1,14,6,42.9,0.75,0.32,0.07,0.17,0,0,FRA,2023-2024,shooting,2026-08-06T23:13:23.735900
FRA-Ligue 1,2324,Clermont Foot,Yoël Armougom,FRA,"MF,DF",25,1998,2.6,0,2,0,0.0,0.77,0.0,0.0,,0,0,FRA,2023-2024,shooting,2026-08-06T23:13:23.735900
FRA-Ligue 1,2324,Le Havre,Abdoulaye Touré,GUI,MF,29,1994,25.4,2,33,10,30.3,1.3,0.39,0.0,0.0,2,2,FRA,2023-2024,shooting,2026-08-06T23:13:23.735900
FRA-Ligue 1,2324,Le Havre,Alois Confais,FRA,"DF,MF",26,1996,0.1,0,0,0,,0.0,0.0,,,0,0,FRA,2023-2024,shooting,2026-08-06T23:13:23.735900
FRA-Ligue 1,2324,Le Havre,André Ayew,GHA,"FW,MF",33,1989,12.3,5,33,13,39.4,2.69,1.06,0.15,0.38,0,0,FRA,2023-2024,shooting,2026-08-06T23:13:23.735900
FRA-Ligue 1,2324,Le Havre,Antoine Joujou,FRA,"MF,FW",20,2003,8.7,0,20,3,15.0,2.31,0.35,0.0,0.0,0,0,FRA,2023-2024,shooting,2026-08-06T23:13:23.735900
FRA-Ligue 1,2324,Le Havre,Arouna Sangante,SEN,DF,21,2002,29.9,0,16,3,18.8,0.54,0.1,0.0,0.0,0,0,FRA,2023-2024,shooting,2026-08-06T23:13:23.735900
FRA-Ligue 1,2324,Le Havre,Arthur Desmas,FRA,GK,29,1994,33.0,0,0,0,,0.0,0.0,,,0,0,FRA,2023-2024,shooting,2026-08-06T23:13:23.735900
FRA-Ligue 1,2324,Le Havre,Christopher Opéri,CIV,"DF,MF",26,1997,27.2,3,23,10,43.5,0.85,0.37,0.13,0.3,0,0,FRA,2023-2024,shooting,2026-08-06T23:13:23.735900
FRA-Ligue 1,2324,Le Havre,Daler Kuzyaev,RUS,MF,30,1993,23.2,2,16,5,31.3,0.69,0.22,0.13,0.4,0,0,FRA,2023-2024,shooting,2026-08-06T23:13:23.735900
FRA-Ligue 1,2324,Le Havre,Elysée Logbo,FRA,FW,19,2004,2.8,0,4,0,0.0,1.45,0.0,0.0,,0,0,FRA,2023-2024,shooting,2026-08-06T23:13:23.735900
FRA-Ligue 1,2324,Le Havre,Emmanuel Sabbi,USA,"MF,FW",25,1997,17.6,5,31,11,35.5,1.76,0.62,0.1,0.27,2,2,FRA,2023-2024,shooting,2026-08-06T23:13:23.735900
FRA-Ligue 1,2324,Le Havre,Etienne Youte Kinkoue,FRA,DF,21,2002,21.6,0,6,0,0.0,0.28,0.0,0.0,,0,0,FRA,2023-2024,shooting,2026-08-06T23:13:23.735900
FRA-Ligue 1,2324,Le Havre,Gautier Lloris,FRA,DF,28,1995,30.9,2,16,5,31.3,0.52,0.16,0.13,0.4,0,0,FRA,2023-2024,shooting,2026-08-06T23:13:23.735900
FRA-Ligue 1,2324,Le Havre,Issa Soumaré,SEN,"FW,MF",22,2000,2.6,0,5,1,20.0,1.9,0.38,0.0,0.0,0,0,FRA,2023-2024,shooting,2026-08-06T23:13:23.735900
FRA-Ligue 1,2324,Le Havre,Josué Casimir,HAI,"MF,FW",21,2001,22.4,0,21,3,14.3,0.94,0.13,0.0,0.0,0,0,FRA,2023-2024,shooting,2026-08-06T23:13:23.735900
FRA-Ligue 1,2324,Le Havre,Loïc Nego,HUN,"MF,DF",32,1991,17.3,0,18,4,22.2,1.04,0.23,0.0,0.0,0,0,FRA,2023-2024,shooting,2026-08-06T23:13:23.735900
FRA-Ligue 1,2324,Le Havre,Mathieu Gorgelin,FRA,GK,32,1990,1.0,0,0,0,,0.0,0.0,,,0,0,FRA,2023-2024,shooting,2026-08-06T23:13:23.735900
FRA-Ligue 1,2324,Le Havre,Mohamed Lamine Bayo,GUI,FW,25,1998,15.4,5,47,19,40.4,3.05,1.23,0.06,0.16,2,2,FRA,2023-2024,shooting,2026-08-06T23:13:23.735900
FRA-Ligue 1,2324,Le Havre,Nabil Alioui,FRA,"MF,FW",24,1999,11.2,4,28,9,32.1,2.5,0.8,0.14,0.44,0,0,FRA,2023-2024,shooting,2026-08-06T23:13:23.735900
FRA-Ligue 1,2324,Le Havre,Nolan Mbemba,CGO,MF,28,1995,0.2,1,2,1,50.0,8.18,4.09,0.5,1.0,0,0,FRA,2023-2024,shooting,2026-08-06T23:13:23.735900
FRA-Ligue 1,2324,Le Havre,Oualid El Hajjam,MAR,"DF,MF",32,1991,4.4,0,8,3,37.5,1.83,0.69,0.0,0.0,0,0,FRA,2023-2024,shooting,2026-08-06T23:13:23.735900
FRA-Ligue 1,2324,Le Havre,Oussama Targhalline,MAR,MF,21,2002,11.4,0,6,0,0.0,0.53,0.0,0.0,,0,0,FRA,2023-2024,shooting,2026-08-06T23:13:23.735900
FRA-Ligue 1,2324,Le Havre,Rassoul Ndiaye,SEN,MF,21,2001,5.8,0,5,1,20.0,0.86,0.17,0.0,0.0,0,0,FRA,2023-2024,shooting,2026-08-06T23:13:23.735900
FRA-Ligue 1,2324,Le Havre,Samuel Grandsir,FRA,MF,26,1996,6.7,1,15,6,40.0,2.23,0.89,0.07,0.17,0,1,FRA,2023-2024,shooting,2026-08-06T23:13:23.735900
FRA-Ligue 1,2324,Le Havre,Simon Ebonog,CMR,MF,18,2004,0.2,0,0,0,,0.0,0.0,,,0,0,FRA,2023-2024,shooting,2026-08-06T23:13:23.735900
FRA-Ligue 1,2324,Le Havre,Steve Ngoura,FRA,FW,18,2005,2.5,0,7,2,28.6,2.83,0.81,0.0,0.0,0,0,FRA,2023-2024,shooting,2026-08-06T23:13:23.735900
FRA-Ligue 1,2324,Le Havre,Yassine Kechta,MAR,MF,21,2002,20.5,2,20,9,45.0,0.97,0.44,0.1,0.22,0,0,FRA,2023-2024,shooting,2026-08-06T23:13:23.735900
FRA-Ligue 1,2324,Le Havre,Yoann Salmier,GUF,DF,30,1992,17.4,1,10,4,40.0,0.57,0.23,0.1,0.25,0,0,FRA,2023-2024,shooting,2026-08-06T23:13:23.735900
FRA-Ligue 1,2324,Lens,Abdukodir Khusanov,UZB,DF,19,2004,9.0,0,5,2,40.0,0.56,0.22,0.0,0.0,0,0,FRA,2023-2024,shooting,2026-08-06T23:13:23.735900
FRA-Ligue 1,2324,Lens,Adrien Thomasson,FRA,MF,29,1993,13.3,1,31,6,19.4,2.34,0.45,0.03,0.17,0,0,FRA,2023-2024,shooting,2026-08-06T23:13:23.735900
FRA-Ligue 1,2324,Lens,Andy Diouf,FRA,MF,20,2003,14.6,1,28,8,28.6,1.92,0.55,0.04,0.13,0,0,FRA,2023-2024,shooting,2026-08-06T23:13:23.735900
FRA-Ligue 1,2324,Lens,Angelo Fulgini,NCL,MF,26,1996,15.3,1,46,10,21.7,3.01,0.65,0.02,0.1,0,0,FRA,2023-2024,shooting,2026-08-06T23:13:23.735900
FRA-Ligue 1,2324,Lens,Ayanda Sishuba,BEL,MF,18,2005,0.7,0,12,2,16.7,17.42,2.9,0.0,0.0,0,0,FRA,2023-2024,shooting,2026-08-06T23:13:23.735900
FRA-Ligue 1,2324,Lens,Brice Samba,FRA,GK,29,1994,33.0,0,0,0,,0.0,0.0,,,0,0,FRA,2023-2024,shooting,2026-08-06T23:13:23.735900
FRA-Ligue 1,2324,Lens,David Costa,POR,MF,22,2001,16.6,4,30,14,46.7,1.81,0.84,0.13,0.29,0,0,FRA,2023-2024,shooting,2026-08-06T23:13:23.735900
FRA-Ligue 1,2324,Lens,Deiver Machado,COL,MF,29,1993,12.5,4,16,8,50.0,1.28,0.64,0.25,0.5,0,0,FRA,2023-2024,shooting,2026-08-06T23:13:23.735900
FRA-Ligue 1,2324,Lens,Elye Wahi,CIV,FW,20,2003,18.8,9,60,32,53.3,3.19,1.7,0.13,0.25,1,1,FRA,2023-2024,shooting,2026-08-06T23:13:23.735900
FRA-Ligue 1,2324,Lens,Facundo Medina,ARG,DF,24,1999,30.2,1,21,12,57.1,0.7,0.4,0.05,0.08,0,0,FRA,2023-2024,shooting,2026-08-06T23:13:23.735900
FRA-Ligue 1,2324,Lens,Faitout Maouassa,FRA,MF,25,1998,0.8,0,3,2,66.7,3.55,2.37,0.0,0.0,0,0,FRA,2023-2024,shooting,2026-08-06T23:13:23.735900
FRA-Ligue 1,2324,Lens,Florian Sotoca,FRA,"MF,FW",32,1990,28.9,7,69,22,31.9,2.39,0.76,0.04,0.14,4,4,FRA,2023-2024,shooting,2026-08-06T23:13:23.735900
FRA-Ligue 1,2324,Lens,Jean-Louis Leca,FRA,GK,37,1985,1.0,0,0,0,,0.0,0.0,,,0,0,FRA,2023-2024,shooting,2026-08-06T23:13:23.735900
FRA-Ligue 1,2324,Lens,Jhoanner Chávez,ECU,"MF,DF",21,2002,5.3,0,3,0,0.0,0.56,0.0,0.0,,0,0,FRA,2023-2024,shooting,2026-08-06T23:13:23.735900
FRA-Ligue 1,2324,Lens,Jonathan Gradit,FRA,DF,30,1992,23.5,1,4,1,25.0,0.17,0.04,0.25,1.0,0,0,FRA,2023-2024,shooting,2026-08-06T23:13:23.735900
FRA-Ligue 1,2324,Lens,Julien Le Cardinal,FRA,DF,25,1997,0.6,0,0,0,,0.0,0.0,,,0,0,FRA,2023-2024,shooting,2026-08-06T23:13:23.735900
FRA-Ligue 1,2324,Lens,Kevin Danso,AUT,DF,24,1998,29.5,1,21,5,23.8,0.71,0.17,0.05,0.2,0,0,FRA,2023-2024,shooting,2026-08-06T23:13:23.735900
FRA-Ligue 1,2324,Lens,Massadio Haïdara,MLI,"DF,MF",30,1992,8.2,0,3,0,0.0,0.36,0.0,0.0,,0,0,FRA,2023-2024,shooting,2026-08-06T23:13:23.735900
FRA-Ligue 1,2324,Lens,Morgan Guilavogui,GUI,FW,25,1998,6.3,2,21,8,38.1,3.34,1.27,0.1,0.25,0,0,FRA,2023-2024,shooting,2026-08-06T23:13:23.735900
FRA-Ligue 1,2324,Lens,Nampalys Mendy,SEN,MF,31,1992,11.7,0,7,2,28.6,0.6,0.17,0.0,0.0,0,0,FRA,2023-2024,shooting,2026-08-06T23:13:23.735900
FRA-Ligue 1,2324,Lens,Neil El Aynaoui,MAR,MF,22,2001,17.4,1,22,8,36.4,1.26,0.46,0.05,0.13,0,0,FRA,2023-2024,shooting,2026-08-06T23:13:23.735900
FRA-Ligue 1,2324,Lens,Oscar Cortés,COL,MF,19,2003,0.5,1,1,1,100.0,2.05,2.05,1.0,1.0,0,0,FRA,2023-2024,shooting,2026-08-06T23:13:23.735900
FRA-Ligue 1,2324,Lens,Przemysław Frankowski,POL,MF,28,1995,24.4,3,31,10,32.3,1.27,0.41,0.06,0.2,1,2,FRA,2023-2024,shooting,2026-08-06T23:13:23.735900
FRA-Ligue 1,2324,Lens,Ruben Aguilar,FRA,"MF,DF",30,1993,21.4,1,12,4,33.3,0.56,0.19,0.08,0.25,0,0,FRA,2023-2024,shooting,2026-08-06T23:13:23.735900
FRA-Ligue 1,2324,Lens,Salis Abdul Samed,GHA,MF,23,2000,16.9,0,5,0,0.0,0.3,0.0,0.0,,0,0,FRA,2023-2024,shooting,2026-08-06T23:13:23.735900
FRA-Ligue 1,2324,Lens,Stijn Spierings,NED,MF,27,1996,1.3,0,0,0,,0.0,0.0,,,0,0,FRA,2023-2024,shooting,2026-08-06T23:13:23.735900
FRA-Ligue 1,2324,Lens,Wesley Saïd,FRA,FW,28,1995,11.3,7,45,19,42.2,3.97,1.68,0.16,0.37,0,0,FRA,2023-2024,shooting,2026-08-06T23:13:23.735900
FRA-Ligue 1,2324,Lille,Aaron Malouda,FRA,FW,17,2005,0.0,0,0,0,,0.0,0.0,,,0,0,FRA,2023-2024,shooting,2026-08-06T23:13:23.735900
FRA-Ligue 1,2324,Lille,Adam Ounas,ALG,MF,26,1996,4.6,1,9,4,44.4,1.94,0.86,0.11,0.25,0,0,FRA,2023-2024,shooting,2026-08-06T23:13:23.735900
FRA-Ligue 1,2324,Lille,Alan Virginius,FRA,MF,20,2003,0.8,0,0,0,,0.0,0.0,,,0,0,FRA,2023-2024,shooting,2026-08-06T23:13:23.735900
FRA-Ligue 1,2324,Lille,Alexsandro Ribeiro,BRA,DF,23,1999,24.7,0,17,2,11.8,0.69,0.08,0.0,0.0,0,0,FRA,2023-2024,shooting,2026-08-06T23:13:23.735900
FRA-Ligue 1,2324,Lille,Andrej Ilic,SRB,FW,23,2000,0.1,0,0,0,,0.0,0.0,,,0,0,FRA,2023-2024,shooting,2026-08-06T23:13:23.735900
FRA-Ligue 1,2324,Lille,Angel Gomes,ENG,MF,22,2000,28.6,0,34,7,20.6,1.19,0.25,0.0,0.0,0,0,FRA,2023-2024,shooting,2026-08-06T23:13:23.735900
FRA-Ligue 1,2324,Lille,Ayyoub Bouaddi,MAR,MF,15,2007,1.5,0,0,0,,0.0,0.0,,,0,0,FRA,2023-2024,shooting,2026-08-06T23:13:23.735900
FRA-Ligue 1,2324,Lille,Bafodé Diakité,FRA,DF,22,2001,18.8,5,16,7,43.8,0.85,0.37,0.31,0.71,0,0,FRA,2023-2024,shooting,2026-08-06T23:13:23.735900
FRA-Ligue 1,2324,Lille,Benjamin André,FRA,MF,32,1990,28.6,4,23,9,39.1,0.81,0.32,0.17,0.44,0,0,FRA,2023-2024,shooting,2026-08-06T23:13:23.735900
FRA-Ligue 1,2324,Lille,Carlos Baleba,CMR,MF,19,2004,0.7,0,2,1,50.0,2.95,1.48,0.0,0.0,0,0,FRA,2023-2024,shooting,2026-08-06T23:13:23.735900
FRA-Ligue 1,2324,Lille,Edon Zhegrova,KVX,"MF,FW",24,1999,25.4,6,82,29,35.4,3.23,1.14,0.07,0.21,0,0,FRA,2023-2024,shooting,2026-08-06T23:13:23.735900
FRA-Ligue 1,2324,Lille,Gabriel Gudmundsson,SWE,"MF,DF",24,1999,14.1,1,15,5,33.3,1.07,0.36,0.07,0.2,0,0,FRA,2023-2024,shooting,2026-08-06T23:13:23.735900
FRA-Ligue 1,2324,Lille,Hákon Haraldsson,ISL,"MF,FW",20,2003,14.3,2,12,6,50.0,0.84,0.42,0.17,0.33,0,0,FRA,2023-2024,shooting,2026-08-06T23:13:23.735900
FRA-Ligue 1,2324,Lille,Ichem Ferrah,FRA,FW,17,2005,0.0,0,0,0,,0.0,0.0,,,0,0,FRA,2023-2024,shooting,2026-08-06T23:13:23.735900
FRA-Ligue 1,2324,Lille,Ignacio Miramon,ARG,MF,20,2003,0.4,0,2,1,50.0,4.62,2.31,0.0,0.0,0,0,FRA,2023-2024,shooting,2026-08-06T23:13:23.735900
FRA-Ligue 1,2324,Lille,Ismaily,BRA,DF,33,1990,27.4,1,7,4,57.1,0.26,0.15,0.14,0.25,0,0,FRA,2023-2024,shooting,2026-08-06T23:13:23.735900
FRA-Ligue 1,2324,Lille,Ivan Cavaleiro,POR,"MF,FW",29,1993,8.6,1,11,3,27.3,1.29,0.35,0.09,0.33,0,0,FRA,2023-2024,shooting,2026-08-06T23:13:23.735900
FRA-Ligue 1,2324,Lille,Jonathan David,CAN,FW,23,2000,29.2,19,79,47,59.5,2.7,1.61,0.22,0.36,2,3,FRA,2023-2024,shooting,2026-08-06T23:13:23.735900
FRA-Ligue 1,2324,Lille,Leny Yoro,FRA,DF,17,2005,29.7,2,14,8,57.1,0.47,0.27,0.14,0.25,0,0,FRA,2023-2024,shooting,2026-08-06T23:13:23.735900
FRA-Ligue 1,2324,Lille,Lucas Chevalier,FRA,GK,21,2001,33.0,0,0,0,,0.0,0.0,,,0,0,FRA,2023-2024,shooting,2026-08-06T23:13:23.735900
FRA-Ligue 1,2324,Lille,Nabil Bentaleb,ALG,MF,28,1994,21.9,0,10,2,20.0,0.46,0.09,0.0,0.0,0,0,FRA,2023-2024,shooting,2026-08-06T23:13:23.735900
FRA-Ligue 1,2324,Lille,Rémy Cabella,FRA,"MF,FW",33,1990,16.4,2,33,14,42.4,2.01,0.85,0.06,0.14,0,0,FRA,2023-2024,shooting,2026-08-06T23:13:23.735900
FRA-Ligue 1,2324,Lille,Samuel Umtiti,FRA,DF,29,1993,2.1,0,0,0,,0.0,0.0,,,0,0,FRA,2023-2024,shooting,2026-08-06T23:13:23.735900
FRA-Ligue 1,2324,Lille,Tiago Fonseca Morais,POR,"FW,MF",19,2003,0.5,0,1,0,0.0,1.96,0.0,0.0,,0,0,FRA,2023-2024,shooting,2026-08-06T23:13:23.735900
FRA-Ligue 1,2324,Lille,Tiago Santos,POR,DF,21,2002,26.3,1,33,7,21.2,1.26,0.27,0.03,0.14,0,0,FRA,2023-2024,shooting,2026-08-06T23:13:23.735900
FRA-Ligue 1,2324,Lille,Trévis Dago,CIV,FW,18,2005,0.3,0,1,0,0.0,3.91,0.0,0.0,,0,0,FRA,2023-2024,shooting,2026-08-06T23:13:23.735900
FRA-Ligue 1,2324,Lille,Vito Mannone,ITA,GK,35,1988,1.0,0,0,0,,0.0,0.0,,,0,0,FRA,2023-2024,shooting,2026-08-06T23:13:23.735900
FRA-Ligue 1,2324,Lille,Yusuf Yazıcı,TUR,"MF,FW",26,1997,14.6,5,40,14,35.0,2.74,0.96,0.13,0.36,0,0,FRA,2023-2024,shooting,2026-08-06T23:13:23.735900
FRA-Ligue 1,2324,Lorient,Adrian Grbić,AUT,"FW,MF",26,1996,0.3,0,2,0,0.0,5.81,0.0,0.0,,0,0,FRA,2023-2024,shooting,2026-08-06T23:13:23.735900
FRA-Ligue 1,2324,Lorient,Aurélien Pelon,FRA,DF,19,2004,1.0,0,0,0,,0.0,0.0,,,0,0,FRA,2023-2024,shooting,2026-08-06T23:13:23.735900
FRA-Ligue 1,2324,Lorient,Ayman Kari,FRA,MF,18,2004,9.9,1,7,3,42.9,0.71,0.3,0.14,0.33,0,0,FRA,2023-2024,shooting,2026-08-06T23:13:23.735900
FRA-Ligue 1,2324,Lorient,Badredine Bouanani,ALG,MF,18,2004,4.9,1,15,5,33.3,3.05,1.02,0.07,0.2,0,0,FRA,2023-2024,shooting,2026-08-06T23:13:23.735900
FRA-Ligue 1,2324,Lorient,Bamba Dieng,SEN,FW,23,2000,6.1,4,17,9,52.9,2.79,1.48,0.24,0.44,0,0,FRA,2023-2024,shooting,2026-08-06T23:13:23.735900
FRA-Ligue 1,2324,Lorient,Bamo Meïté,CIV,DF,21,2001,1.6,0,0,0,,0.0,0.0,,,0,0,FRA,2023-2024,shooting,2026-08-06T23:13:23.735900
FRA-Ligue 1,2324,Lorient,Bassirou Ndiaye,SEN,FW,21,2002,1.7,0,0,0,,0.0,0.0,,,0,0,FRA,2023-2024,shooting,2026-08-06T23:13:23.735900
FRA-Ligue 1,2324,Lorient,Benjamin Mendy,FRA,"MF,DF",29,1994,7.9,2,13,4,30.8,1.65,0.51,0.15,0.5,0,0,FRA,2023-2024,shooting,2026-08-06T23:13:23.735900
FRA-Ligue 1,2324,Lorient,Bonke Innocent,NGA,MF,27,1996,2.3,0,2,1,50.0,0.86,0.43,0.0,0.0,0,0,FRA,2023-2024,shooting,2026-08-06T23:13:23.735900
FRA-Ligue 1,2324,Lorient,Darlin Yongwa,CMR,"MF,DF",22,2000,12.9,1,15,5,33.3,1.16,0.39,0.07,0.2,0,0,FRA,2023-2024,shooting,2026-08-06T23:13:23.735900
FRA-Ligue 1,2324,Lorient,Dembo Sylla,GUI,"DF,MF",20,2002,0.5,0,1,0,0.0,2.0,0.0,0.0,,0,0,FRA,2023-2024,shooting,2026-08-06T23:13:23.735900
FRA-Ligue 1,2324,Lorient,Eli Junior Kroupi,FRA,FW,17,2006,12.0,5,22,12,54.5,1.83,1.0,0.23,0.42,0,0,FRA,2023-2024,shooting,2026-08-06T23:13:23.735900
FRA-Ligue 1,2324,Lorient,Formose Mendy,SEN,DF,22,2001,14.0,0,7,2,28.6,0.5,0.14,0.0,0.0,0,0,FRA,2023-2024,shooting,2026-08-06T23:13:23.735900
FRA-Ligue 1,2324,Lorient,Gino Caoki,FRA,FW,19,2004,0.1,0,0,0,,0.0,0.0,,,0,0,FRA,2023-2024,shooting,2026-08-06T23:13:23.735900
FRA-Ligue 1,2324,Lorient,Gédéon Kalulu,COD,"MF,DF",25,1997,10.8,0,6,1,16.7,0.56,0.09,0.0,0.0,0,0,FRA,2023-2024,shooting,2026-08-06T23:13:23.735900
FRA-Ligue 1,2324,Lorient,Ibrahima Koné,MLI,FW,24,1999,0.4,0,0,0,,0.0,0.0,,,0,0,FRA,2023-2024,shooting,2026-08-06T23:13:23.735900
FRA-Ligue 1,2324,Lorient,Igor Carioca,BRA,"MF,DF",26,1996,2.9,0,1,0,0.0,0.34,0.0,0.0,,0,0,FRA,2023-2024,shooting,2026-08-06T23:13:23.735900
FRA-Ligue 1,2324,Lorient,Imran Louza,MAR,MF,24,1999,9.6,1,22,5,22.7,2.29,0.52,0.05,0.2,0,0,FRA,2023-2024,shooting,2026-08-06T23:13:23.735900
FRA-Ligue 1,2324,Lorient,Jean-Victor Makengo,FRA,"MF,FW",25,1998,5.3,0,5,2,40.0,0.94,0.38,0.0,0.0,0,0,FRA,2023-2024,shooting,2026-08-06T23:13:23.735900
FRA-Ligue 1,2324,Lorient,Joel Mvuka,NOR,MF,20,2002,2.2,0,1,0,0.0,0.46,0.0,0.0,,0,0,FRA,2023-2024,shooting,2026-08-06T23:13:23.735900
FRA-Ligue 1,2324,Lorient,Julien Laporte,FRA,DF,29,1993,20.2,0,13,1,7.7,0.64,0.05,0.0,0.0,0,0,FRA,2023-2024,shooting,2026-08-06T23:13:23.735900
FRA-Ligue 1,2324,Lorient,Julien Ponceau,FRA,MF,22,2000,24.9,3,33,13,39.4,1.32,0.52,0.09,0.23,0,0,FRA,2023-2024,shooting,2026-08-06T23:13:23.735900
FRA-Ligue 1,2324,Lorient,Laurent Abergel,FRA,MF,30,1993,31.8,2,26,11,42.3,0.82,0.35,0.08,0.18,0,0,FRA,2023-2024,shooting,2026-08-06T23:13:23.735900
FRA-Ligue 1,2324,Lorient,Loris Mouyokolo,FRA,DF,22,2001,1.0,0,0,0,,0.0,0.0,,,0,0,FRA,2023-2024,shooting,2026-08-06T23:13:23.735900
FRA-Ligue 1,2324,Lorient,Mohamed Bamba,CIV,FW,21,2001,12.6,8,38,18,47.4,3.01,1.42,0.18,0.39,1,1,FRA,2023-2024,shooting,2026-08-06T23:13:23.735900
FRA-Ligue 1,2324,Lorient,Montassar Talbi,TUN,DF,25,1998,24.5,0,5,2,40.0,0.2,0.08,0.0,0.0,0,0,FRA,2023-2024,shooting,2026-08-06T23:13:23.735900
FRA-Ligue 1,2324,Lorient,Nathaniel Adjei,GHA,DF,20,2002,13.8,0,4,0,0.0,0.29,0.0,0.0,,0,0,FRA,2023-2024,shooting,2026-08-06T23:13:23.735900
FRA-Ligue 1,2324,Lorient,Pablo Pagis,FRA,MF,20,2002,1.8,0,3,1,33.3,1.64,0.55,0.0,0.0,0,0,FRA,2023-2024,shooting,2026-08-06T23:13:23.735900
FRA-Ligue 1,2324,Lorient,Panos Katseris,GRE,MF,22,2001,11.6,1,17,6,35.3,1.47,0.52,0.06,0.17,0,0,FRA,2023-2024,shooting,2026-08-06T23:13:23.735900
FRA-Ligue 1,2324,Lorient,Romain Faivre,FRA,MF,25,1998,16.1,5,27,10,37.0,1.67,0.62,0.19,0.5,0,0,FRA,2023-2024,shooting,2026-08-06T23:13:23.735900
FRA-Ligue 1,2324,Lorient,Royce Openda,GAB,FW,21,2002,0.2,0,0,0,,0.0,0.0,,,0,0,FRA,2023-2024,shooting,2026-08-06T23:13:23.735900
FRA-Ligue 1,2324,Lorient,Siriné Doucouré,MLI,FW,21,2002,4.7,1,9,5,55.6,1.91,1.06,0.11,0.2,0,0,FRA,2023-2024,shooting,2026-08-06T23:13:23.735900
FRA-Ligue 1,2324,Lorient,Souleymane Touré,FRA,DF,20,2003,22.8,1,18,9,50.0,0.79,0.39,0.06,0.11,0,0,FRA,2023-2024,shooting,2026-08-06T23:13:23.735900
FRA-Ligue 1,2324,Lorient,Théo Le Bris,FRA,MF,20,2002,16.8,0,13,2,15.4,0.77,0.12,0.0,0.0,0,0,FRA,2023-2024,shooting,2026-08-06T23:13:23.735900
FRA-Ligue 1,2324,Lorient,Tiemoué Bakayoko,FRA,MF,28,1994,14.6,2,12,7,58.3,0.82,0.48,0.17,0.29,0,0,FRA,2023-2024,shooting,2026-08-06T23:13:23.735900
FRA-Ligue 1,2324,Lorient,Tosin Aiyegun,BEN,"MF,FW",25,1998,10.0,2,11,3,27.3,1.1,0.3,0.18,0.67,0,0,FRA,2023-2024,shooting,2026-08-06T23:13:23.735900
FRA-Ligue 1,2324,Lorient,Vincent Le Goff,FRA,"MF,DF",33,1989,6.0,1,4,1,25.0,0.67,0.17,0.25,1.0,0,0,FRA,2023-2024,shooting,2026-08-06T23:13:23.735900
FRA-Ligue 1,2324,Lorient,Yvon Mvogo,SUI,GK,29,1994,34.0,0,0,0,,0.0,0.0,,,0,0,FRA,2023-2024,shooting,2026-08-06T23:13:23.735900
FRA-Ligue 1,2324,Lyon,Adryelson,BRA,DF,25,1998,0.1,0,0,0,,0.0,0.0,,,0,0,FRA,2023-2024,shooting,2026-08-06T23:13:23.735900
FRA-Ligue 1,2324,Lyon,Ainsley Maitland-Niles,ENG,"DF,MF",25,1997,15.9,1,18,6,33.3,1.13,0.38,0.0,0.0,1,1,FRA,2023-2024,shooting,2026-08-06T23:13:23.735900
FRA-Ligue 1,2324,Lyon,Alexandre Lacazette,FRA,FW,32,1991,25.5,19,62,36,58.1,2.43,1.41,0.27,0.47,2,2,FRA,2023-2024,shooting,2026-08-06T23:13:23.735900
FRA-Ligue 1,2324,Lyon,Amin Sarr,SWE,FW,22,2001,1.1,0,5,2,40.0,4.59,1.84,0.0,0.0,0,0,FRA,2023-2024,shooting,2026-08-06T23:13:23.735900
FRA-Ligue 1,2324,Lyon,Anthony Lopes,POR,GK,32,1990,31.0,0,0,0,,0.0,0.0,,,0,0,FRA,2023-2024,shooting,2026-08-06T23:13:23.735900
FRA-Ligue 1,2324,Lyon,Bradley Barcola,FRA,MF,20,2002,3.0,0,2,0,0.0,0.67,0.0,0.0,,0,0,FRA,2023-2024,shooting,2026-08-06T23:13:23.735900
FRA-Ligue 1,2324,Lyon,Chaim El Djebali,TUN,MF,19,2004,0.1,0,0,0,,0.0,0.0,,,0,0,FRA,2023-2024,shooting,2026-08-06T23:13:23.735900
FRA-Ligue 1,2324,Lyon,Clinton Mata,ANG,"DF,MF",30,1992,24.7,0,14,0,0.0,0.57,0.0,0.0,,0,0,FRA,2023-2024,shooting,2026-08-06T23:13:23.735900
FRA-Ligue 1,2324,Lyon,Corentin Tolisso,FRA,MF,28,1994,19.3,3,39,14,35.9,2.02,0.72,0.05,0.14,1,1,FRA,2023-2024,shooting,2026-08-06T23:13:23.735900
FRA-Ligue 1,2324,Lyon,Dejan Lovren,CRO,DF,34,1989,8.0,0,6,4,66.7,0.75,0.5,0.0,0.0,0,0,FRA,2023-2024,shooting,2026-08-06T23:13:23.735900
FRA-Ligue 1,2324,Lyon,Diego Moreira,BEL,MF,18,2004,3.0,0,5,2,40.0,1.67,0.67,0.0,0.0,0,0,FRA,2023-2024,shooting,2026-08-06T23:13:23.735900
FRA-Ligue 1,2324,Lyon,Duje Ćaleta-Car,CRO,DF,26,1996,22.1,0,7,1,14.3,0.32,0.05,0.0,0.0,0,0,FRA,2023-2024,shooting,2026-08-06T23:13:23.735900
FRA-Ligue 1,2324,Lyon,Ernest Nuamah,GHA,"FW,MF",19,2003,20.4,3,43,20,46.5,2.11,0.98,0.07,0.15,0,0,FRA,2023-2024,shooting,2026-08-06T23:13:23.735900
FRA-Ligue 1,2324,Lyon,Gift Orban,NGA,FW,21,2002,5.3,1,8,2,25.0,1.52,0.38,0.13,0.5,0,0,FRA,2023-2024,shooting,2026-08-06T23:13:23.735900
FRA-Ligue 1,2324,Lyon,Henrique,BRA,"DF,MF",29,1994,6.7,1,8,3,37.5,1.19,0.44,0.13,0.33,0,0,FRA,2023-2024,shooting,2026-08-06T23:13:23.735900
FRA-Ligue 1,2324,Lyon,Jake O'Brien,IRL,DF,22,2001,26.3,4,18,8,44.4,0.68,0.3,0.22,0.5,0,0,FRA,2023-2024,shooting,2026-08-06T23:13:23.735900
FRA-Ligue 1,2324,Lyon,Jeffinho,BRA,"MF,FW",23,1999,3.4,1,11,3,27.3,3.21,0.88,0.09,0.33,0,0,FRA,2023-2024,shooting,2026-08-06T23:13:23.735900
FRA-Ligue 1,2324,Lyon,Johann Lepenant,FRA,MF,20,2002,2.8,0,4,2,50.0,1.42,0.71,0.0,0.0,0,0,FRA,2023-2024,shooting,2026-08-06T23:13:23.735900
FRA-Ligue 1,2324,Lyon,Mahamadou Diawara,FRA,MF,18,2005,4.0,0,6,0,0.0,1.51,0.0,0.0,,0,0,FRA,2023-2024,shooting,2026-08-06T23:13:23.735900
FRA-Ligue 1,2324,Lyon,Malick Fofana,BEL,"FW,MF",18,2005,6.2,3,9,7,77.8,1.45,1.13,0.33,0.43,0,0,FRA,2023-2024,shooting,2026-08-06T23:13:23.735900
FRA-Ligue 1,2324,Lyon,Mama Samba Baldé,GNB,FW,27,1995,6.1,2,17,9,52.9,2.78,1.47,0.12,0.22,0,0,FRA,2023-2024,shooting,2026-08-06T23:13:23.735900
FRA-Ligue 1,2324,Lyon,Mamadou Sarr,SEN,DF,17,2005,0.1,0,0,0,,0.0,0.0,,,0,0,FRA,2023-2024,shooting,2026-08-06T23:13:23.735900
FRA-Ligue 1,2324,Lyon,Maxence Caqueret,FRA,MF,23,2000,33.6,1,24,9,37.5,0.71,0.27,0.04,0.11,0,0,FRA,2023-2024,shooting,2026-08-06T23:13:23.735900
FRA-Ligue 1,2324,Lyon,Mohamed El Arouch,FRA,MF,19,2004,0.0,0,0,0,,0.0,0.0,,,0,0,FRA,2023-2024,shooting,2026-08-06T23:13:23.735900
FRA-Ligue 1,2324,Lyon,Nemanja Matić,SRB,MF,34,1988,13.9,0,6,2,33.3,0.43,0.14,0.0,0.0,0,0,FRA,2023-2024,shooting,2026-08-06T23:13:23.735900
FRA-Ligue 1,2324,Lyon,Nicolás Tagliafico,ARG,"DF,MF",30,1992,23.6,3,15,6,40.0,0.64,0.25,0.2,0.5,0,0,FRA,2023-2024,shooting,2026-08-06T23:13:23.735900
FRA-Ligue 1,2324,Lyon,Orel Mangala,BEL,MF,25,1998,4.4,2,5,2,40.0,1.13,0.45,0.4,1.0,0,0,FRA,2023-2024,shooting,2026-08-06T23:13:23.735900
FRA-Ligue 1,2324,Lyon,Paul Akouokou,CIV,MF,25,1997,3.4,0,2,0,0.0,0.59,0.0,0.0,,0,0,FRA,2023-2024,shooting,2026-08-06T23:13:23.735900
FRA-Ligue 1,2324,Lyon,Rayan Cherki,FRA,"MF,FW",19,2003,19.1,1,57,17,29.8,2.98,0.89,0.02,0.06,0,0,FRA,2023-2024,shooting,2026-08-06T23:13:23.735900
FRA-Ligue 1,2324,Lyon,Rémy Riou,FRA,GK,35,1987,3.0,0,0,0,,0.0,0.0,,,0,0,FRA,2023-2024,shooting,2026-08-06T23:13:23.735900
FRA-Ligue 1,2324,Lyon,Sael Kumbedi,FRA,"DF,MF",18,2005,10.3,0,6,4,66.7,0.58,0.39,0.0,0.0,0,0,FRA,2023-2024,shooting,2026-08-06T23:13:23.735900
FRA-Ligue 1,2324,Lyon,Saïd Benrahma,ALG,"FW,MF",27,1995,8.6,3,25,9,36.0,2.92,1.05,0.12,0.33,0,0,FRA,2023-2024,shooting,2026-08-06T23:13:23.735900
FRA-Ligue 1,2324,Lyon,Sinaly Diomande,CIV,DF,22,2001,9.9,0,6,1,16.7,0.61,0.1,0.0,0.0,0,0,FRA,2023-2024,shooting,2026-08-06T23:13:23.735900
FRA-Ligue 1,2324,Lyon,Skelly Alvero,FRA,MF,21,2002,4.7,1,9,3,33.3,1.9,0.63,0.11,0.33,0,0,FRA,2023-2024,shooting,2026-08-06T23:13:23.735900
FRA-Ligue 1,2324,Lyon,Tino Kadewere,ZIM,FW,27,1996,3.3,0,6,1,16.7,1.82,0.3,0.0,0.0,0,0,FRA,2023-2024,shooting,2026-08-06T23:13:23.735900
FRA-Ligue 1,2324,Marseille,Amine Harit,MAR,MF,26,1997,20.2,1,33,8,24.2,1.63,0.4,0.03,0.13,0,0,FRA,2023-2024,shooting,2026-08-06T23:13:23.735900
FRA-Ligue 1,2324,Marseille,Azzedine Ounahi,MAR,MF,23,2000,13.4,2,16,4,25.0,1.19,0.3,0.13,0.5,0,0,FRA,2023-2024,shooting,2026-08-06T23:13:23.735900
FRA-Ligue 1,2324,Marseille,Bamo Meïté,CIV,DF,21,2001,7.1,0,1,0,0.0,0.14,0.0,0.0,,0,0,FRA,2023-2024,shooting,2026-08-06T23:13:23.735900
FRA-Ligue 1,2324,Marseille,Bilal Nadir,MAR,MF,19,2003,1.3,0,1,0,0.0,0.8,0.0,0.0,,0,0,FRA,2023-2024,shooting,2026-08-06T23:13:23.735900
FRA-Ligue 1,2324,Marseille,Chancel Mbemba,COD,DF,28,1994,24.5,2,19,2,10.5,0.77,0.08,0.11,1.0,0,0,FRA,2023-2024,shooting,2026-08-06T23:13:23.735900
FRA-Ligue 1,2324,Marseille,Emran Soglo,FRA,MF,18,2005,1.2,1,1,1,100.0,0.83,0.83,1.0,1.0,0,0,FRA,2023-2024,shooting,2026-08-06T23:13:23.735900
FRA-Ligue 1,2324,Marseille,Faris Pemi Moumbagna,CMR,FW,23,2000,6.1,3,16,5,31.3,2.63,0.82,0.19,0.6,0,0,FRA,2023-2024,shooting,2026-08-06T23:13:23.735900
FRA-Ligue 1,2324,Marseille,François Mughe,CMR,MF,19,2004,2.0,0,3,0,0.0,1.53,0.0,0.0,,0,0,FRA,2023-2024,shooting,2026-08-06T23:13:23.735900
FRA-Ligue 1,2324,Marseille,Geoffrey Kondogbia,CTA,MF,30,1993,16.3,0,8,1,12.5,0.49,0.06,0.0,0.0,0,0,FRA,2023-2024,shooting,2026-08-06T23:13:23.735900
FRA-Ligue 1,2324,Marseille,Iliman Ndiaye,SEN,"FW,MF",23,2000,18.0,3,35,9,25.7,1.95,0.5,0.09,0.33,0,0,FRA,2023-2024,shooting,2026-08-06T23:13:23.735900
FRA-Ligue 1,2324,Marseille,Ismaila Sarr,SEN,"MF,FW",25,1998,16.1,3,25,10,40.0,1.55,0.62,0.12,0.3,0,0,FRA,2023-2024,shooting,2026-08-06T23:13:23.735900
FRA-Ligue 1,2324,Marseille,Jean Onana,CMR,MF,23,2000,6.3,1,8,3,37.5,1.27,0.48,0.13,0.33,0,0,FRA,2023-2024,shooting,2026-08-06T23:13:23.735900
FRA-Ligue 1,2324,Marseille,Joaquín Correa,ARG,"MF,FW",28,1994,4.8,0,4,2,50.0,0.84,0.42,0.0,0.0,0,0,FRA,2023-2024,shooting,2026-08-06T23:13:23.735900
FRA-Ligue 1,2324,Marseille,Jonathan Clauss,FRA,"DF,MF",30,1992,23.0,3,28,8,28.6,1.22,0.35,0.11,0.38,0,0,FRA,2023-2024,shooting,2026-08-06T23:13:23.735900
FRA-Ligue 1,2324,Marseille,Jordan Veretout,FRA,MF,30,1993,24.3,1,36,9,25.0,1.48,0.37,0.03,0.11,0,0,FRA,2023-2024,shooting,2026-08-06T23:13:23.735900
FRA-Ligue 1,2324,Marseille,Keyliane Abdallah,FRA,FW,17,2006,0.0,0,0,0,,0.0,0.0,,,0,0,FRA,2023-2024,shooting,2026-08-06T23:13:23.735900
FRA-Ligue 1,2324,Marseille,Leonardo Balerdi,ARG,DF,24,1999,25.2,2,14,4,28.6,0.55,0.16,0.14,0.5,0,0,FRA,2023-2024,shooting,2026-08-06T23:13:23.735900
FRA-Ligue 1,2324,Marseille,Luis Henrique,BRA,"FW,MF",21,2001,8.7,1,12,3,25.0,1.38,0.34,0.08,0.33,0,0,FRA,2023-2024,shooting,2026-08-06T23:13:23.735900
FRA-Ligue 1,2324,Marseille,Mattéo Guendouzi,FRA,MF,24,1999,0.2,0,2,2,100.0,9.47,9.47,0.0,0.0,0,0,FRA,2023-2024,shooting,2026-08-06T23:13:23.735900
FRA-Ligue 1,2324,Marseille,Michael Amir Murillo,PAN,"DF,MF",27,1996,11.1,3,5,4,80.0,0.45,0.36,0.6,0.75,0,0,FRA,2023-2024,shooting,2026-08-06T23:13:23.735900
FRA-Ligue 1,2324,Marseille,Noam Mayoka-Tika,BEL,MF,19,2003,0.0,0,0,0,,0.0,0.0,,,0,0,FRA,2023-2024,shooting,2026-08-06T23:13:23.735900
FRA-Ligue 1,2324,Marseille,Pape Gueye,SEN,"MF,DF",24,1999,8.5,1,8,2,25.0,0.94,0.24,0.13,0.5,0,0,FRA,2023-2024,shooting,2026-08-06T23:13:23.735900
FRA-Ligue 1,2324,Marseille,Pau López,ESP,GK,28,1994,32.7,0,0,0,,0.0,0.0,,,0,0,FRA,2023-2024,shooting,2026-08-06T23:13:23.735900
FRA-Ligue 1,2324,Marseille,Pierre-Emerick Aubameyang,GAB,FW,34,1989,29.1,17,116,51,44.0,3.98,1.75,0.11,0.25,4,4,FRA,2023-2024,shooting,2026-08-06T23:13:23.735900
FRA-Ligue 1,2324,Marseille,Quentin Merlin,FRA,"DF,MF",21,2002,7.8,0,5,1,20.0,0.64,0.13,0.0,0.0,0,0,FRA,2023-2024,shooting,2026-08-06T23:13:23.735900
FRA-Ligue 1,2324,Marseille,Raimane Daou,COM,DF,18,2004,0.3,0,0,0,,0.0,0.0,,,0,0,FRA,2023-2024,shooting,2026-08-06T23:13:23.735900
FRA-Ligue 1,2324,Marseille,Renan Lodi,BRA,"DF,MF",25,1998,13.7,0,6,2,33.3,0.44,0.15,0.0,0.0,0,0,FRA,2023-2024,shooting,2026-08-06T23:13:23.735900
FRA-Ligue 1,2324,Marseille,Rubén Blanco,ESP,GK,28,1995,1.3,0,0,0,,0.0,0.0,,,0,0,FRA,2023-2024,shooting,2026-08-06T23:13:23.735900
FRA-Ligue 1,2324,Marseille,Samuel Gigot,FRA,DF,29,1993,19.2,3,19,9,47.4,0.99,0.47,0.16,0.33,0,0,FRA,2023-2024,shooting,2026-08-06T23:13:23.735900
FRA-Ligue 1,2324,Marseille,Sofiane Sidi Ali,FRA,FW,28,1995,0.2,0,1,0,0.0,5.0,0.0,0.0,,0,0,FRA,2023-2024,shooting,2026-08-06T23:13:23.735900
FRA-Ligue 1,2324,Marseille,Ulisses Garcia,SUI,"DF,MF",27,1996,10.1,0,11,5,45.5,1.09,0.5,0.0,0.0,0,0,FRA,2023-2024,shooting,2026-08-06T23:13:23.735900
FRA-Ligue 1,2324,Marseille,Valentin Rongier,FRA,MF,28,1994,9.5,0,10,3,30.0,1.06,0.32,0.0,0.0,0,0,FRA,2023-2024,shooting,2026-08-06T23:13:23.735900
FRA-Ligue 1,2324,Marseille,Vitinha,POR,FW,23,2000,10.3,3,37,9,24.3,3.61,0.88,0.08,0.33,0,0,FRA,2023-2024,shooting,2026-08-06T23:13:23.735900
FRA-Ligue 1,2324,Metz,Ablie Jallow,GAM,"MF,FW",24,1998,10.2,3,18,7,38.9,1.76,0.69,0.11,0.29,1,1,FRA,2023-2024,shooting,2026-08-06T23:13:23.735900
FRA-Ligue 1,2324,Metz,Abou Lô,SEN,"MF,DF",23,2000,2.2,0,1,0,0.0,0.46,0.0,0.0,,0,0,FRA,2023-2024,shooting,2026-08-06T23:13:23.735900
FRA-Ligue 1,2324,Metz,Alexandre Oukidja,ALG,GK,35,1988,33.2,0,0,0,,0.0,0.0,,,0,0,FRA,2023-2024,shooting,2026-08-06T23:13:23.735900
FRA-Ligue 1,2324,Metz,Arthur Atta,FRA,MF,20,2003,10.3,1,9,4,44.4,0.88,0.39,0.11,0.25,0,0,FRA,2023-2024,shooting,2026-08-06T23:13:23.735900
FRA-Ligue 1,2324,Metz,Benjamin Tetteh,GHA,FW,26,1997,3.1,0,3,1,33.3,0.97,0.32,0.0,0.0,0,0,FRA,2023-2024,shooting,2026-08-06T23:13:23.735900
FRA-Ligue 1,2324,Metz,Cheikh Tidiane Sabaly,SEN,"MF,FW",24,1999,15.3,3,21,9,42.9,1.37,0.59,0.14,0.33,0,0,FRA,2023-2024,shooting,2026-08-06T23:13:23.735900
FRA-Ligue 1,2324,Metz,Christophe Hérelle,MTQ,DF,30,1992,18.0,0,4,0,0.0,0.22,0.0,0.0,,0,0,FRA,2023-2024,shooting,2026-08-06T23:13:23.735900
FRA-Ligue 1,2324,Metz,Danley Jean-Jacques,HAI,MF,23,2000,29.8,0,34,5,14.7,1.14,0.17,0.0,0.0,0,0,FRA,2023-2024,shooting,2026-08-06T23:13:23.735900
FRA-Ligue 1,2324,Metz,Didier Lamkel Zé,CMR,"FW,MF",26,1996,6.1,1,11,3,27.3,1.8,0.49,0.09,0.33,0,0,FRA,2023-2024,shooting,2026-08-06T23:13:23.735900
FRA-Ligue 1,2324,Metz,Fali Candé,GNB,DF,25,1998,20.5,0,13,7,53.8,0.63,0.34,0.0,0.0,0,0,FRA,2023-2024,shooting,2026-08-06T23:13:23.735900
FRA-Ligue 1,2324,Metz,Georges Mikautadze,GEO,FW,22,2000,19.4,13,57,27,47.4,2.94,1.39,0.18,0.37,3,3,FRA,2023-2024,shooting,2026-08-06T23:13:23.735900
FRA-Ligue 1,2324,Metz,Guillaume Dietsch,FRA,GK,22,2001,0.8,0,0,0,,0.0,0.0,,,0,0,FRA,2023-2024,shooting,2026-08-06T23:13:23.735900
FRA-Ligue 1,2324,Metz,Habib Maïga,CIV,MF,27,1996,1.6,0,2,0,0.0,1.22,0.0,0.0,,0,0,FRA,2023-2024,shooting,2026-08-06T23:13:23.735900
FRA-Ligue 1,2324,Metz,Ibou Sané,SEN,FW,18,2005,1.4,1,2,1,50.0,1.41,0.7,0.5,1.0,0,0,FRA,2023-2024,shooting,2026-08-06T23:13:23.735900
FRA-Ligue 1,2324,Metz,Ismaël Traoré,CIV,DF,36,1986,24.7,2,10,4,40.0,0.41,0.16,0.2,0.5,0,0,FRA,2023-2024,shooting,2026-08-06T23:13:23.735900
FRA-Ligue 1,2324,Metz,Joel Asoro,SWE,"MF,FW",24,1999,9.4,2,6,3,50.0,0.64,0.32,0.33,0.67,0,0,FRA,2023-2024,shooting,2026-08-06T23:13:23.735900
FRA-Ligue 1,2324,Metz,Joseph Nduquidi,FRA,"MF,DF",18,2004,8.3,0,4,1,25.0,0.48,0.12,0.0,0.0,0,0,FRA,2023-2024,shooting,2026-08-06T23:13:23.735900
FRA-Ligue 1,2324,Metz,Koffi Kouao,CIV,DF,25,1998,9.6,0,5,1,20.0,0.52,0.1,0.0,0.0,0,0,FRA,2023-2024,shooting,2026-08-06T23:13:23.735900
FRA-Ligue 1,2324,Metz,Kévin N'Doram,FRA,MF,27,1996,17.8,0,7,1,14.3,0.39,0.06,0.0,0.0,0,0,FRA,2023-2024,shooting,2026-08-06T23:13:23.735900
FRA-Ligue 1,2324,Metz,Kévin Van Den Kerkhof,ALG,"MF,FW",27,1996,21.3,1,20,7,35.0,0.94,0.33,0.05,0.14,0,0,FRA,2023-2024,shooting,2026-08-06T23:13:23.735900
FRA-Ligue 1,2324,Metz,Lamine Camara,SEN,MF,19,2004,25.1,1,30,9,30.0,1.2,0.36,0.03,0.11,0,1,FRA,2023-2024,shooting,2026-08-06T23:13:23.735900
FRA-Ligue 1,2324,Metz,Malick Mbaye,SEN,MF,19,2004,1.7,0,4,0,0.0,2.35,0.0,0.0,,0,0,FRA,2023-2024,shooting,2026-08-06T23:13:23.735900
FRA-Ligue 1,2324,Metz,Matthieu Udol,FRA,DF,27,1996,30.0,3,19,8,42.1,0.63,0.27,0.16,0.38,0,0,FRA,2023-2024,shooting,2026-08-06T23:13:23.735900
FRA-Ligue 1,2324,Metz,Maxime Colin,FRA,DF,31,1991,20.4,0,6,0,0.0,0.29,0.0,0.0,,0,0,FRA,2023-2024,shooting,2026-08-06T23:13:23.735900
FRA-Ligue 1,2324,Metz,N'Guessan Kouadio,CIV,MF,20,2003,1.2,0,3,1,33.3,2.45,0.82,0.0,0.0,0,0,FRA,2023-2024,shooting,2026-08-06T23:13:23.735900
FRA-Ligue 1,2324,Metz,Oscar Estupiñan,COL,FW,26,1996,2.9,0,6,1,16.7,2.08,0.35,0.0,0.0,0,0,FRA,2023-2024,shooting,2026-08-06T23:13:23.735900
FRA-Ligue 1,2324,Metz,Papa Amadou Diallo,SEN,"MF,FW",19,2004,9.9,2,13,6,46.2,1.32,0.61,0.15,0.33,0,0,FRA,2023-2024,shooting,2026-08-06T23:13:23.735900
FRA-Ligue 1,2324,Metz,Sadibou Sané,SEN,DF,19,2004,9.4,0,5,1,20.0,0.53,0.11,0.0,0.0,0,0,FRA,2023-2024,shooting,2026-08-06T23:13:23.735900
FRA-Ligue 1,2324,Metz,Simon Elisor,FRA,FW,24,1999,8.5,1,14,7,50.0,1.64,0.82,0.07,0.14,0,1,FRA,2023-2024,shooting,2026-08-06T23:13:23.735900
FRA-Ligue 1,2324,Metz,Youssef Maziz,FRA,MF,25,1998,1.4,1,4,2,50.0,2.9,1.45,0.25,0.5,0,0,FRA,2023-2024,shooting,2026-08-06T23:13:23.735900
FRA-Ligue 1,2324,Monaco,Aleksandr Golovin,RUS,MF,27,1996,23.9,6,45,20,44.4,1.89,0.84,0.13,0.3,0,0,FRA,2023-2024,shooting,2026-08-06T23:13:23.735900
FRA-Ligue 1,2324,Monaco,Antonin Cartillier,FRA,DF,19,2004,0.1,0,0,0,,0.0,0.0,,,0,0,FRA,2023-2024,shooting,2026-08-06T23:13:23.735900
FRA-Ligue 1,2324,Monaco,Breel Embolo,SUI,FW,26,1997,2.0,1,6,3,50.0,2.97,1.48,0.17,0.33,0,0,FRA,2023-2024,shooting,2026-08-06T23:13:23.735900
FRA-Ligue 1,2324,Monaco,Caio Henrique,BRA,"MF,DF",26,1997,6.9,0,6,1,16.7,0.87,0.14,0.0,0.0,0,0,FRA,2023-2024,shooting,2026-08-06T23:13:23.735900
FRA-Ligue 1,2324,Monaco,Chrislain Matsima,FRA,DF,21,2002,3.3,0,2,0,0.0,0.6,0.0,0.0,,0,0,FRA,2023-2024,shooting,2026-08-06T23:13:23.735900
FRA-Ligue 1,2324,Monaco,Denis Zakaria,SUI,"MF,DF",26,1996,23.7,4,26,10,38.5,1.09,0.42,0.15,0.4,0,0,FRA,2023-2024,shooting,2026-08-06T23:13:23.735900
FRA-Ligue 1,2324,Monaco,Edan Diop,FRA,MF,18,2004,1.8,0,0,0,,0.0,0.0,,,0,0,FRA,2023-2024,shooting,2026-08-06T23:13:23.735900
FRA-Ligue 1,2324,Monaco,Eliesse Ben Seghir,MAR,"MF,FW",18,2005,4.8,2,14,4,28.6,2.94,0.84,0.14,0.5,0,0,FRA,2023-2024,shooting,2026-08-06T23:13:23.735900
FRA-Ligue 1,2324,Monaco,Eliot Matazo,BEL,MF,21,2002,1.1,0,1,1,100.0,0.88,0.88,0.0,0.0,0,0,FRA,2023-2024,shooting,2026-08-06T23:13:23.735900
FRA-Ligue 1,2324,Monaco,Folarin Balogun,USA,FW,22,2001,18.8,7,66,29,43.9,3.51,1.54,0.11,0.24,0,3,FRA,2023-2024,shooting,2026-08-06T23:13:23.735900
FRA-Ligue 1,2324,Monaco,Guillermo Maripán,CHI,DF,29,1994,19.6,1,11,5,45.5,0.56,0.25,0.09,0.2,0,0,FRA,2023-2024,shooting,2026-08-06T23:13:23.735900
FRA-Ligue 1,2324,Monaco,Ismail Jakobs,SEN,"MF,DF",23,1999,16.3,1,21,7,33.3,1.29,0.43,0.05,0.14,0,0,FRA,2023-2024,shooting,2026-08-06T23:13:23.735900
FRA-Ligue 1,2324,Monaco,Kassoum Ouattara,FRA,"DF,MF",18,2004,7.1,1,8,5,62.5,1.13,0.71,0.13,0.2,0,0,FRA,2023-2024,shooting,2026-08-06T23:13:23.735900
FRA-Ligue 1,2324,Monaco,Krépin Diatta,SEN,"MF,DF",24,1999,13.4,0,9,0,0.0,0.67,0.0,0.0,,0,0,FRA,2023-2024,shooting,2026-08-06T23:13:23.735900
FRA-Ligue 1,2324,Monaco,Lucas Michal,FRA,FW,18,2005,0.1,0,0,0,,0.0,0.0,,,0,0,FRA,2023-2024,shooting,2026-08-06T23:13:23.735900
FRA-Ligue 1,2324,Monaco,Maghnes Akliouche,FRA,MF,21,2002,17.9,7,35,21,60.0,1.95,1.17,0.2,0.33,0,0,FRA,2023-2024,shooting,2026-08-06T23:13:23.735900
FRA-Ligue 1,2324,Monaco,Mamadou Coulibaly,FRA,MF,19,2004,1.3,0,2,0,0.0,1.53,0.0,0.0,,0,0,FRA,2023-2024,shooting,2026-08-06T23:13:23.735900
FRA-Ligue 1,2324,Monaco,Mohamed Camara,MLI,MF,23,2000,11.5,1,14,4,28.6,1.22,0.35,0.0,0.0,1,1,FRA,2023-2024,shooting,2026-08-06T23:13:23.735900
FRA-Ligue 1,2324,Monaco,Mohammed Salisu,GHA,DF,24,1999,11.5,0,4,1,25.0,0.35,0.09,0.0,0.0,0,0,FRA,2023-2024,shooting,2026-08-06T23:13:23.735900
FRA-Ligue 1,2324,Monaco,Myron Boadu,NED,FW,22,2001,0.9,1,2,2,100.0,2.12,2.12,0.5,0.5,0,0,FRA,2023-2024,shooting,2026-08-06T23:13:23.735900
FRA-Ligue 1,2324,Monaco,Philipp Köhn,SUI,GK,25,1998,22.0,0,0,0,,0.0,0.0,,,0,0,FRA,2023-2024,shooting,2026-08-06T23:13:23.735900
FRA-Ligue 1,2324,Monaco,Radosław Majecki,POL,GK,23,1999,12.0,0,0,0,,0.0,0.0,,,0,0,FRA,2023-2024,shooting,2026-08-06T23:13:23.735900
FRA-Ligue 1,2324,Monaco,Saïmon Bouabré,FRA,MF,17,2006,0.5,0,0,0,,0.0,0.0,,,0,0,FRA,2023-2024,shooting,2026-08-06T23:13:23.735900
FRA-Ligue 1,2324,Monaco,Soungoutou Magassa,FRA,DF,19,2003,15.0,0,8,3,37.5,0.53,0.2,0.0,0.0,0,0,FRA,2023-2024,shooting,2026-08-06T23:13:23.735900
FRA-Ligue 1,2324,Monaco,Takumi Minamino,JPN,MF,28,1995,23.5,9,61,29,47.5,2.59,1.23,0.15,0.31,0,0,FRA,2023-2024,shooting,2026-08-06T23:13:23.735900
FRA-Ligue 1,2324,Monaco,Thilo Kehrer,GER,DF,26,1996,14.7,1,12,4,33.3,0.82,0.27,0.08,0.25,0,0,FRA,2023-2024,shooting,2026-08-06T23:13:23.735900
FRA-Ligue 1,2324,Monaco,Vanderson,BRA,"MF,DF",22,2001,18.2,3,30,10,33.3,1.65,0.55,0.1,0.3,0,0,FRA,2023-2024,shooting,2026-08-06T23:13:23.735900
FRA-Ligue 1,2324,Monaco,Wilfried Singo,CIV,DF,22,2000,24.3,1,19,7,36.8,0.78,0.29,0.05,0.14,0,0,FRA,2023-2024,shooting,2026-08-06T23:13:23.735900
FRA-Ligue 1,2324,Monaco,Wissam Ben Yedder,FRA,FW,32,1990,25.7,16,64,31,48.4,2.49,1.2,0.23,0.48,1,1,FRA,2023-2024,shooting,2026-08-06T23:13:23.735900
FRA-Ligue 1,2324,Monaco,Youssouf Fofana,FRA,MF,24,1999,30.0,4,52,14,26.9,1.74,0.47,0.08,0.29,0,0,FRA,2023-2024,shooting,2026-08-06T23:13:23.735900
FRA-Ligue 1,2324,Montpellier,Akor Adams,NGA,FW,23,2000,25.0,8,79,33,41.8,3.16,1.32,0.1,0.24,0,0,FRA,2023-2024,shooting,2026-08-06T23:13:23.735900
FRA-Ligue 1,2324,Montpellier,Arnaud Nordin,FRA,"MF,FW",25,1998,13.8,5,31,14,45.2,2.24,1.01,0.16,0.36,0,0,FRA,2023-2024,shooting,2026-08-06T23:13:23.735900
FRA-Ligue 1,2324,Montpellier,Axel Gueguin,FRA,DF,18,2005,1.5,0,0,0,,0.0,0.0,,,0,0,FRA,2023-2024,shooting,2026-08-06T23:13:23.735900
FRA-Ligue 1,2324,Montpellier,Becir Omeragic,SUI,"DF,MF",21,2002,25.7,0,9,3,33.3,0.35,0.12,0.0,0.0,0,0,FRA,2023-2024,shooting,2026-08-06T23:13:23.735900
FRA-Ligue 1,2324,Montpellier,Benjamin Lecomte,FRA,GK,32,1991,30.0,0,0,0,,0.0,0.0,,,0,0,FRA,2023-2024,shooting,2026-08-06T23:13:23.735900
FRA-Ligue 1,2324,Montpellier,Boubakar Kouyaté,MLI,DF,26,1997,21.4,0,13,2,15.4,0.61,0.09,0.0,0.0,0,0,FRA,2023-2024,shooting,2026-08-06T23:13:23.735900
FRA-Ligue 1,2324,Montpellier,Christopher Jullien,FRA,DF,30,1993,13.7,1,7,1,14.3,0.51,0.07,0.14,1.0,0,0,FRA,2023-2024,shooting,2026-08-06T23:13:23.735900
FRA-Ligue 1,2324,Montpellier,Dimitry Bertaud,COD,GK,25,1998,4.0,0,0,0,,0.0,0.0,,,0,0,FRA,2023-2024,shooting,2026-08-06T23:13:23.735900
FRA-Ligue 1,2324,Montpellier,Elye Wahi,CIV,FW,20,2003,0.2,0,0,0,,0.0,0.0,,,0,0,FRA,2023-2024,shooting,2026-08-06T23:13:23.735900
FRA-Ligue 1,2324,Montpellier,Enzo Tchato,CMR,DF,20,2002,12.5,0,5,1,20.0,0.4,0.08,0.0,0.0,0,0,FRA,2023-2024,shooting,2026-08-06T23:13:23.735900
FRA-Ligue 1,2324,Montpellier,Falaye Sacko,MLI,DF,28,1995,15.4,0,1,0,0.0,0.07,0.0,0.0,,0,0,FRA,2023-2024,shooting,2026-08-06T23:13:23.735900
FRA-Ligue 1,2324,Montpellier,Issiaga Sylla,GUI,"DF,MF",29,1994,16.2,1,12,5,41.7,0.74,0.31,0.08,0.2,0,0,FRA,2023-2024,shooting,2026-08-06T23:13:23.735900
FRA-Ligue 1,2324,Montpellier,Jordan Ferri,FRA,MF,31,1992,22.6,1,9,1,11.1,0.4,0.04,0.11,1.0,0,0,FRA,2023-2024,shooting,2026-08-06T23:13:23.735900
FRA-Ligue 1,2324,Montpellier,Joris Chotard,FRA,MF,21,2001,28.7,0,21,7,33.3,0.73,0.24,0.0,0.0,0,0,FRA,2023-2024,shooting,2026-08-06T23:13:23.735900
FRA-Ligue 1,2324,Montpellier,Kelvin Yeboah,ITA,FW,23,2000,3.1,0,7,4,57.1,2.28,1.3,0.0,0.0,0,0,FRA,2023-2024,shooting,2026-08-06T23:13:23.735900
FRA-Ligue 1,2324,Montpellier,Khalil Fayad,FRA,MF,19,2004,11.4,3,17,7,41.2,1.49,0.61,0.18,0.43,0,0,FRA,2023-2024,shooting,2026-08-06T23:13:23.735900
FRA-Ligue 1,2324,Montpellier,Lucas Mincarelli,FRA,"DF,MF",19,2004,10.9,1,6,3,50.0,0.55,0.28,0.17,0.33,0,0,FRA,2023-2024,shooting,2026-08-06T23:13:23.735900
FRA-Ligue 1,2324,Montpellier,Léo Leroy,FRA,MF,23,2000,5.5,0,7,1,14.3,1.26,0.18,0.0,0.0,0,0,FRA,2023-2024,shooting,2026-08-06T23:13:23.735900
FRA-Ligue 1,2324,Montpellier,Mamadou Sakho,FRA,DF,33,1990,0.1,0,0,0,,0.0,0.0,,,0,0,FRA,2023-2024,shooting,2026-08-06T23:13:23.735900
FRA-Ligue 1,2324,Montpellier,Maxime Estève,FRA,DF,21,2002,11.1,1,6,2,33.3,0.54,0.18,0.17,0.5,0,0,FRA,2023-2024,shooting,2026-08-06T23:13:23.735900
FRA-Ligue 1,2324,Montpellier,Modibo Sagnan,MLI,DF,24,1999,11.7,2,10,3,30.0,0.85,0.26,0.2,0.67,0,0,FRA,2023-2024,shooting,2026-08-06T23:13:23.735900
FRA-Ligue 1,2324,Montpellier,Musa Al-Taamari,JOR,"MF,FW",26,1997,21.4,5,47,20,42.6,2.19,0.93,0.11,0.25,0,0,FRA,2023-2024,shooting,2026-08-06T23:13:23.735900
FRA-Ligue 1,2324,Montpellier,Othmane Maamma,MAR,FW,17,2005,1.0,1,3,1,33.3,3.07,1.02,0.33,1.0,0,0,FRA,2023-2024,shooting,2026-08-06T23:13:23.735900
FRA-Ligue 1,2324,Montpellier,Sacha Delaye,FRA,MF,21,2002,1.4,0,5,2,40.0,3.46,1.38,0.0,0.0,0,0,FRA,2023-2024,shooting,2026-08-06T23:13:23.735900
FRA-Ligue 1,2324,Montpellier,Silvan Hefti,SUI,"DF,MF",25,1997,7.9,0,4,1,25.0,0.51,0.13,0.0,0.0,0,0,FRA,2023-2024,shooting,2026-08-06T23:13:23.735900
FRA-Ligue 1,2324,Montpellier,Tanguy Coulibaly,FRA,"MF,FW",22,2001,6.9,1,16,8,50.0,2.31,1.16,0.06,0.13,0,0,FRA,2023-2024,shooting,2026-08-06T23:13:23.735900
FRA-Ligue 1,2324,Montpellier,Théo Sainte-Luce,FRA,DF,24,1998,3.8,0,3,1,33.3,0.78,0.26,0.0,0.0,0,0,FRA,2023-2024,shooting,2026-08-06T23:13:23.735900
FRA-Ligue 1,2324,Montpellier,Téji Savanier,FRA,MF,31,1991,30.7,9,82,29,35.4,2.67,0.94,0.02,0.07,7,7,FRA,2023-2024,shooting,2026-08-06T23:13:23.735900
FRA-Ligue 1,2324,Montpellier,Wahbi Khazri,TUN,"MF,FW",32,1991,12.6,1,44,16,36.4,3.5,1.27,0.02,0.06,0,0,FRA,2023-2024,shooting,2026-08-06T23:13:23.735900
FRA-Ligue 1,2324,Montpellier,Yanis Issoufou,FRA,FW,16,2006,0.1,0,0,0,,0.0,0.0,,,0,0,FRA,2023-2024,shooting,2026-08-06T23:13:23.735900
FRA-Ligue 1,2324,Montpellier,Yann Karamoh,FRA,FW,25,1998,3.2,1,5,3,60.0,1.58,0.95,0.2,0.33,0,0,FRA,2023-2024,shooting,2026-08-06T23:13:23.735900
FRA-Ligue 1,2324,Nantes,Abdoul Kader Bamba,FRA,MF,29,1994,6.8,2,14,5,35.7,2.06,0.74,0.14,0.4,0,0,FRA,2023-2024,shooting,2026-08-06T23:13:23.735900
FRA-Ligue 1,2324,Nantes,Adel Mahamoud,COM,FW,20,2003,0.1,0,0,0,,0.0,0.0,,,0,0,FRA,2023-2024,shooting,2026-08-06T23:13:23.735900
FRA-Ligue 1,2324,Nantes,Adson,BRA,MF,22,2000,2.6,0,5,0,0.0,1.89,0.0,0.0,,0,0,FRA,2023-2024,shooting,2026-08-06T23:13:23.735900
FRA-Ligue 1,2324,Nantes,Alban Lafont,CIV,GK,24,1999,27.7,0,0,0,,0.0,0.0,,,0,0,FRA,2023-2024,shooting,2026-08-06T23:13:23.735900
FRA-Ligue 1,2324,Nantes,Bastien Meupiyou,FRA,DF,17,2006,0.1,0,0,0,,0.0,0.0,,,0,0,FRA,2023-2024,shooting,2026-08-06T23:13:23.735900
FRA-Ligue 1,2324,Nantes,Bénie Traoré,CIV,FW,20,2002,5.6,0,7,4,57.1,1.25,0.71,0.0,0.0,0,0,FRA,2023-2024,shooting,2026-08-06T23:13:23.735900
FRA-Ligue 1,2324,Nantes,Denis Petrić,SRB,GK,35,1988,0.3,0,0,0,,0.0,0.0,,,0,0,FRA,2023-2024,shooting,2026-08-06T23:13:23.735900
FRA-Ligue 1,2324,Nantes,Douglas,BRA,MF,26,1997,19.7,0,16,5,31.3,0.81,0.25,0.0,0.0,0,0,FRA,2023-2024,shooting,2026-08-06T23:13:23.735900
FRA-Ligue 1,2324,Nantes,Enzo Mongo,FRA,DF,18,2005,0.1,0,0,0,,0.0,0.0,,,0,0,FRA,2023-2024,shooting,2026-08-06T23:13:23.735900
FRA-Ligue 1,2324,Nantes,Eray Cömert,SUI,DF,25,1998,22.2,2,9,3,33.3,0.41,0.14,0.22,0.67,0,0,FRA,2023-2024,shooting,2026-08-06T23:13:23.735900
FRA-Ligue 1,2324,Nantes,Fabien Centonze,FRA,MF,27,1996,1.0,0,0,0,,0.0,0.0,,,0,0,FRA,2023-2024,shooting,2026-08-06T23:13:23.735900
FRA-Ligue 1,2324,Nantes,Florent Mollet,FRA,"MF,FW",31,1991,23.1,4,63,25,39.7,2.72,1.08,0.06,0.16,0,0,FRA,2023-2024,shooting,2026-08-06T23:13:23.735900
FRA-Ligue 1,2324,Nantes,Hugo Boutsingkham,FRA,DF,20,2003,0.1,0,0,0,,0.0,0.0,,,0,0,FRA,2023-2024,shooting,2026-08-06T23:13:23.735900
FRA-Ligue 1,2324,Nantes,Ignatius Ganago,CMR,"MF,FW",24,1999,2.0,0,6,0,0.0,2.93,0.0,0.0,,0,0,FRA,2023-2024,shooting,2026-08-06T23:13:23.735900
FRA-Ligue 1,2324,Nantes,Jaouen Hadjam,ALG,DF,20,2003,1.2,0,1,0,0.0,0.8,0.0,0.0,,0,0,FRA,2023-2024,shooting,2026-08-06T23:13:23.735900
FRA-Ligue 1,2324,Nantes,Jean-Charles Castelletto,CMR,DF,28,1995,27.4,2,10,6,60.0,0.37,0.22,0.2,0.33,0,0,FRA,2023-2024,shooting,2026-08-06T23:13:23.735900
FRA-Ligue 1,2324,Nantes,Jean-Kevin Duverne,HAI,DF,26,1997,15.0,0,4,1,25.0,0.27,0.07,0.0,0.0,0,0,FRA,2023-2024,shooting,2026-08-06T23:13:23.735900
FRA-Ligue 1,2324,Nantes,Kelvin Amian,FRA,DF,25,1998,8.9,0,1,0,0.0,0.11,0.0,0.0,,0,0,FRA,2023-2024,shooting,2026-08-06T23:13:23.735900
FRA-Ligue 1,2324,Nantes,Lamine Diack,SEN,MF,22,2000,0.0,0,0,0,,0.0,0.0,,,0,0,FRA,2023-2024,shooting,2026-08-06T23:13:23.735900
FRA-Ligue 1,2324,Nantes,Marcus Coco,FRA,"MF,DF",27,1996,16.5,1,9,3,33.3,0.55,0.18,0.11,0.33,0,0,FRA,2023-2024,shooting,2026-08-06T23:13:23.735900
FRA-Ligue 1,2324,Nantes,Marquinhos,BRA,MF,20,2003,1.7,0,5,1,20.0,2.92,0.58,0.0,0.0,0,0,FRA,2023-2024,shooting,2026-08-06T23:13:23.735900
FRA-Ligue 1,2324,Nantes,Matthis Abline,FRA,"FW,MF",20,2003,11.6,5,42,19,45.2,3.62,1.64,0.12,0.26,0,0,FRA,2023-2024,shooting,2026-08-06T23:13:23.735900
FRA-Ligue 1,2324,Nantes,Moses Simon,NGA,"MF,FW",28,1995,19.9,3,34,13,38.2,1.71,0.65,0.06,0.15,1,1,FRA,2023-2024,shooting,2026-08-06T23:13:23.735900
FRA-Ligue 1,2324,Nantes,Mostafa Mohamed,EGY,FW,25,1997,22.2,8,65,26,40.0,2.92,1.17,0.08,0.19,3,3,FRA,2023-2024,shooting,2026-08-06T23:13:23.735900
FRA-Ligue 1,2324,Nantes,Moussa Sissoko,FRA,MF,33,1989,20.2,0,10,3,30.0,0.49,0.15,0.0,0.0,0,0,FRA,2023-2024,shooting,2026-08-06T23:13:23.735900
FRA-Ligue 1,2324,Nantes,Nathan Zeze,FRA,DF,18,2005,11.4,0,3,0,0.0,0.26,0.0,0.0,,0,0,FRA,2023-2024,shooting,2026-08-06T23:13:23.735900
FRA-Ligue 1,2324,Nantes,Nicolas Cozza,FRA,"DF,MF",24,1999,9.9,0,5,1,20.0,0.5,0.1,0.0,0.0,0,0,FRA,2023-2024,shooting,2026-08-06T23:13:23.735900
FRA-Ligue 1,2324,Nantes,Nicolas Pallois,FRA,DF,35,1987,17.7,0,4,1,25.0,0.23,0.06,0.0,0.0,0,0,FRA,2023-2024,shooting,2026-08-06T23:13:23.735900
FRA-Ligue 1,2324,Nantes,Pedro Chirivella,ESP,MF,26,1997,28.8,1,17,6,35.3,0.59,0.21,0.06,0.17,0,0,FRA,2023-2024,shooting,2026-08-06T23:13:23.735900
FRA-Ligue 1,2324,Nantes,Quentin Merlin,FRA,"MF,DF",21,2002,14.3,0,14,3,21.4,0.98,0.21,0.0,0.0,0,0,FRA,2023-2024,shooting,2026-08-06T23:13:23.735900
FRA-Ligue 1,2324,Nantes,Ronaël Pierre-Gabriel,FRA,"DF,MF",25,1998,6.6,0,7,0,0.0,1.05,0.0,0.0,,0,0,FRA,2023-2024,shooting,2026-08-06T23:13:23.735900
FRA-Ligue 1,2324,Nantes,Rémy Descamps,FRA,GK,27,1996,6.0,0,0,0,,0.0,0.0,,,0,0,FRA,2023-2024,shooting,2026-08-06T23:13:23.735900
FRA-Ligue 1,2324,Nantes,Samuel Moutoussamy,COD,MF,26,1996,12.3,1,15,5,33.3,1.22,0.41,0.07,0.2,0,0,FRA,2023-2024,shooting,2026-08-06T23:13:23.735900
FRA-Ligue 1,2324,Nantes,Stredair Appuah,FRA,FW,19,2004,0.9,0,4,0,0.0,4.29,0.0,0.0,,0,0,FRA,2023-2024,shooting,2026-08-06T23:13:23.735900
FRA-Ligue 1,2324,Nantes,Tino Kadewere,ZIM,"FW,MF",27,1996,8.7,1,10,5,50.0,1.15,0.58,0.1,0.2,0,1,FRA,2023-2024,shooting,2026-08-06T23:13:23.735900
FRA-Ligue 1,2324,Nice,Alexis Claude-Maurice,FRA,MF,25,1998,5.6,0,18,6,33.3,3.21,1.07,0.0,0.0,0,0,FRA,2023-2024,shooting,2026-08-06T23:13:23.735900
FRA-Ligue 1,2324,Nice,Aliou Badara Baldé,GUI,FW,20,2002,0.8,0,3,2,66.7,3.91,2.61,0.0,0.0,0,0,FRA,2023-2024,shooting,2026-08-06T23:13:23.735900
FRA-Ligue 1,2324,Nice,Antoine Mendy,SEN,DF,19,2004,4.6,0,2,1,50.0,0.43,0.22,0.0,0.0,0,0,FRA,2023-2024,shooting,2026-08-06T23:13:23.735900
FRA-Ligue 1,2324,Nice,Badredine Bouanani,ALG,FW,18,2004,1.8,0,4,1,25.0,2.24,0.56,0.0,0.0,0,0,FRA,2023-2024,shooting,2026-08-06T23:13:23.735900
FRA-Ligue 1,2324,Nice,Bilal Brahimi,ALG,"FW,MF",23,2000,0.1,0,0,0,,0.0,0.0,,,0,0,FRA,2023-2024,shooting,2026-08-06T23:13:23.735900
FRA-Ligue 1,2324,Nice,Dante,BRA,DF,39,1983,31.6,1,15,5,33.3,0.47,0.16,0.07,0.2,0,0,FRA,2023-2024,shooting,2026-08-06T23:13:23.735900
FRA-Ligue 1,2324,Nice,Daouda Traoré,FRA,MF,17,2006,0.2,0,1,0,0.0,5.63,0.0,0.0,,0,0,FRA,2023-2024,shooting,2026-08-06T23:13:23.735900
FRA-Ligue 1,2324,Nice,Evann Guessand,CIV,FW,22,2001,17.3,6,48,23,47.9,2.78,1.33,0.08,0.17,2,2,FRA,2023-2024,shooting,2026-08-06T23:13:23.735900
FRA-Ligue 1,2324,Nice,Gaëtan Laborde,FRA,"FW,MF",29,1994,21.2,5,64,23,35.9,3.02,1.09,0.06,0.17,1,2,FRA,2023-2024,shooting,2026-08-06T23:13:23.735900
FRA-Ligue 1,2324,Nice,Hicham Boudaoui,ALG,MF,23,1999,17.9,2,29,6,20.7,1.62,0.33,0.07,0.33,0,0,FRA,2023-2024,shooting,2026-08-06T23:13:23.735900
FRA-Ligue 1,2324,Nice,Jean-Clair Todibo,FRA,DF,23,1999,29.5,0,9,1,11.1,0.31,0.03,0.0,0.0,0,0,FRA,2023-2024,shooting,2026-08-06T23:13:23.735900
FRA-Ligue 1,2324,Nice,Jeremie Boga,CIV,"FW,MF",26,1997,22.2,6,39,19,48.7,1.76,0.86,0.15,0.32,0,0,FRA,2023-2024,shooting,2026-08-06T23:13:23.735900
FRA-Ligue 1,2324,Nice,Jordan Lotomba,SUI,"DF,MF",24,1998,20.0,1,11,2,18.2,0.55,0.1,0.09,0.5,0,0,FRA,2023-2024,shooting,2026-08-06T23:13:23.735900
FRA-Ligue 1,2324,Nice,Khéphren Thuram,FRA,MF,22,2001,23.4,1,39,11,28.2,1.67,0.47,0.03,0.09,0,0,FRA,2023-2024,shooting,2026-08-06T23:13:23.735900
FRA-Ligue 1,2324,Nice,Marcin Bułka,POL,GK,23,1999,34.0,0,1,0,0.0,0.03,0.0,0.0,,0,0,FRA,2023-2024,shooting,2026-08-06T23:13:23.735900
FRA-Ligue 1,2324,Nice,Melvin Bard,FRA,DF,22,2000,29.5,1,15,5,33.3,0.51,0.17,0.07,0.2,0,0,FRA,2023-2024,shooting,2026-08-06T23:13:23.735900
FRA-Ligue 1,2324,Nice,Mohamed Ali Cho,FRA,FW,19,2004,9.6,1,18,6,33.3,1.88,0.63,0.06,0.17,0,0,FRA,2023-2024,shooting,2026-08-06T23:13:23.735900
FRA-Ligue 1,2324,Nice,Morgan Sanson,FRA,MF,28,1994,21.8,2,41,9,22.0,1.88,0.41,0.05,0.22,0,0,FRA,2023-2024,shooting,2026-08-06T23:13:23.735900
FRA-Ligue 1,2324,Nice,Pablo Rosario,DOM,"MF,DF",26,1997,22.3,0,16,3,18.8,0.72,0.13,0.0,0.0,0,0,FRA,2023-2024,shooting,2026-08-06T23:13:23.735900
FRA-Ligue 1,2324,Nice,Reda Belahyane,MAR,MF,19,2004,0.3,0,0,0,,0.0,0.0,,,0,0,FRA,2023-2024,shooting,2026-08-06T23:13:23.735900
FRA-Ligue 1,2324,Nice,Romain Perraud,FRA,DF,25,1997,4.1,0,2,0,0.0,0.49,0.0,0.0,,0,0,FRA,2023-2024,shooting,2026-08-06T23:13:23.735900
FRA-Ligue 1,2324,Nice,Sofiane Diop,MAR,"FW,MF",23,2000,5.5,0,14,6,42.9,2.53,1.08,0.0,0.0,0,0,FRA,2023-2024,shooting,2026-08-06T23:13:23.735900
FRA-Ligue 1,2324,Nice,Terem Moffi,NGA,FW,24,1999,21.7,11,49,25,51.0,2.26,1.15,0.16,0.32,3,3,FRA,2023-2024,shooting,2026-08-06T23:13:23.735900
FRA-Ligue 1,2324,Nice,Tom Louchet,FRA,"MF,FW",20,2003,4.5,1,2,1,50.0,0.44,0.22,0.5,1.0,0,0,FRA,2023-2024,shooting,2026-08-06T23:13:23.735900
FRA-Ligue 1,2324,Nice,Valentin Rosier,FRA,"DF,MF",26,1996,0.6,0,1,0,0.0,1.7,0.0,0.0,,0,0,FRA,2023-2024,shooting,2026-08-06T23:13:23.735900
FRA-Ligue 1,2324,Nice,Youcef Atal,ALG,DF,27,1996,4.0,1,4,1,25.0,1.0,0.25,0.25,1.0,0,0,FRA,2023-2024,shooting,2026-08-06T23:13:23.735900
FRA-Ligue 1,2324,Nice,Youssouf Ndayishimiye,BDI,"MF,DF",24,1998,19.0,0,14,3,21.4,0.74,0.16,0.0,0.0,0,0,FRA,2023-2024,shooting,2026-08-06T23:13:23.735900
FRA-Ligue 1,2324,PSG,Achraf Hakimi,MAR,"DF,MF",24,1998,21.5,4,42,12,28.6,1.96,0.56,0.1,0.33,0,0,FRA,2023-2024,shooting,2026-08-06T23:13:23.735900
FRA-Ligue 1,2324,PSG,Arnau Tenas,ESP,GK,22,2001,5.9,0,0,0,,0.0,0.0,,,0,0,FRA,2023-2024,shooting,2026-08-06T23:13:23.735900
FRA-Ligue 1,2324,PSG,Bradley Barcola,FRA,"FW,MF",20,2002,15.2,4,31,11,35.5,2.04,0.72,0.13,0.36,0,0,FRA,2023-2024,shooting,2026-08-06T23:13:23.735900
FRA-Ligue 1,2324,PSG,Carlos Soler,ESP,"MF,DF",26,1997,12.1,2,14,5,35.7,1.16,0.41,0.14,0.4,0,0,FRA,2023-2024,shooting,2026-08-06T23:13:23.735900
FRA-Ligue 1,2324,PSG,Cher Ndour,ITA,MF,19,2004,0.3,0,0,0,,0.0,0.0,,,0,0,FRA,2023-2024,shooting,2026-08-06T23:13:23.735900
FRA-Ligue 1,2324,PSG,Danilo Pereira,POR,DF,31,1991,22.2,0,10,1,10.0,0.45,0.05,0.0,0.0,0,0,FRA,2023-2024,shooting,2026-08-06T23:13:23.735900
FRA-Ligue 1,2324,PSG,Ethan Mbappé,FRA,MF,16,2006,0.5,0,2,1,50.0,3.75,1.87,0.0,0.0,0,0,FRA,2023-2024,shooting,2026-08-06T23:13:23.735900
FRA-Ligue 1,2324,PSG,Fabián Ruiz Peña,ESP,MF,27,1996,13.3,1,19,6,31.6,1.43,0.45,0.05,0.17,0,0,FRA,2023-2024,shooting,2026-08-06T23:13:23.735900
FRA-Ligue 1,2324,PSG,Gianluigi Donnarumma,ITA,GK,24,1999,24.1,0,0,0,,0.0,0.0,,,0,0,FRA,2023-2024,shooting,2026-08-06T23:13:23.735900
FRA-Ligue 1,2324,PSG,Gonçalo Ramos,POR,FW,22,2001,15.8,11,55,21,38.2,3.49,1.33,0.18,0.48,1,1,FRA,2023-2024,shooting,2026-08-06T23:13:23.735900
FRA-Ligue 1,2324,PSG,Hugo Ekitike,FRA,FW,21,2002,0.1,0,0,0,,0.0,0.0,,,0,0,FRA,2023-2024,shooting,2026-08-06T23:13:23.735900
FRA-Ligue 1,2324,PSG,Keylor Navas,CRC,GK,36,1986,4.0,0,0,0,,0.0,0.0,,,0,0,FRA,2023-2024,shooting,2026-08-06T23:13:23.735900
FRA-Ligue 1,2324,PSG,Kylian Mbappé,FRA,FW,24,1998,24.0,27,120,59,49.2,5.0,2.46,0.18,0.36,6,8,FRA,2023-2024,shooting,2026-08-06T23:13:23.735900
FRA-Ligue 1,2324,PSG,Layvin Kurzawa,FRA,DF,30,1992,0.1,0,0,0,,0.0,0.0,,,0,0,FRA,2023-2024,shooting,2026-08-06T23:13:23.735900
FRA-Ligue 1,2324,PSG,Lee Kang-in,KOR,"MF,FW",22,2001,16.3,3,23,9,39.1,1.41,0.55,0.13,0.33,0,0,FRA,2023-2024,shooting,2026-08-06T23:13:23.735900
FRA-Ligue 1,2324,PSG,Lucas Beraldo,BRA,DF,19,2003,11.2,1,5,2,40.0,0.45,0.18,0.2,0.5,0,0,FRA,2023-2024,shooting,2026-08-06T23:13:23.735900
FRA-Ligue 1,2324,PSG,Lucas Hernández,FRA,DF,27,1996,21.2,1,6,2,33.3,0.28,0.09,0.17,0.5,0,0,FRA,2023-2024,shooting,2026-08-06T23:13:23.735900
FRA-Ligue 1,2324,PSG,Manuel Ugarte,URU,MF,22,2001,21.5,0,10,1,10.0,0.47,0.05,0.0,0.0,0,0,FRA,2023-2024,shooting,2026-08-06T23:13:23.735900
FRA-Ligue 1,2324,PSG,Marco Asensio,ESP,"MF,FW",27,1996,12.4,4,27,10,37.0,2.18,0.81,0.15,0.4,0,0,FRA,2023-2024,shooting,2026-08-06T23:13:23.735900
FRA-Ligue 1,2324,PSG,Marquinhos,BRA,DF,29,1994,17.1,0,4,0,0.0,0.23,0.0,0.0,,0,0,FRA,2023-2024,shooting,2026-08-06T23:13:23.735900
FRA-Ligue 1,2324,PSG,Milan Škriniar,SVK,DF,28,1995,18.1,0,3,1,33.3,0.17,0.06,0.0,0.0,0,0,FRA,2023-2024,shooting,2026-08-06T23:13:23.735900
FRA-Ligue 1,2324,PSG,Nordi Mukiele,FRA,DF,25,1997,8.8,0,9,6,66.7,1.02,0.68,0.0,0.0,0,0,FRA,2023-2024,shooting,2026-08-06T23:13:23.735900
FRA-Ligue 1,2324,PSG,Nuno Mendes,POR,DF,21,2002,3.0,1,4,1,25.0,1.35,0.34,0.25,1.0,0,0,FRA,2023-2024,shooting,2026-08-06T23:13:23.735900
FRA-Ligue 1,2324,PSG,Ousmane Dembélé,FRA,"FW,MF",26,1997,16.7,3,43,14,32.6,2.57,0.84,0.07,0.21,0,0,FRA,2023-2024,shooting,2026-08-06T23:13:23.735900
FRA-Ligue 1,2324,PSG,Randal Kolo Muani,FRA,"FW,MF",24,1998,14.1,6,22,13,59.1,1.56,0.92,0.27,0.46,0,0,FRA,2023-2024,shooting,2026-08-06T23:13:23.735900
FRA-Ligue 1,2324,PSG,Senny Mayulu,FRA,"MF,FW",17,2006,3.6,0,3,0,0.0,0.83,0.0,0.0,,0,0,FRA,2023-2024,shooting,2026-08-06T23:13:23.735900
FRA-Ligue 1,2324,PSG,Vitinha,POR,MF,23,2000,23.6,7,45,19,42.2,1.9,0.8,0.16,0.37,0,0,FRA,2023-2024,shooting,2026-08-06T23:13:23.735900
FRA-Ligue 1,2324,PSG,Warren Zaïre-Emery,FRA,"MF,DF",17,2006,21.8,2,14,4,28.6,0.64,0.18,0.14,0.5,0,0,FRA,2023-2024,shooting,2026-08-06T23:13:23.735900
FRA-Ligue 1,2324,PSG,Yoram Zague,FRA,DF,17,2006,4.1,1,2,1,50.0,0.48,0.24,0.5,1.0,0,0,FRA,2023-2024,shooting,2026-08-06T23:13:23.735900
FRA-Ligue 1,2324,Reims,Abdoul Koné,FRA,DF,18,2005,2.1,0,0,0,,0.0,0.0,,,0,0,FRA,2023-2024,shooting,2026-08-06T23:13:23.735900
FRA-Ligue 1,2324,Reims,Adama Bojang,GAM,FW,19,2004,0.9,0,4,1,25.0,4.34,1.08,0.0,0.0,0,0,FRA,2023-2024,shooting,2026-08-06T23:13:23.735900
FRA-Ligue 1,2324,Reims,Amadou Koné,MLI,MF,18,2005,5.3,0,6,1,16.7,1.14,0.19,0.0,0.0,0,0,FRA,2023-2024,shooting,2026-08-06T23:13:23.735900
FRA-Ligue 1,2324,Reims,Amine Salama,FRA,FW,23,2000,3.5,0,6,2,33.3,1.73,0.58,0.0,0.0,0,0,FRA,2023-2024,shooting,2026-08-06T23:13:23.735900
FRA-Ligue 1,2324,Reims,Amir Richardson,MAR,MF,21,2002,15.0,3,17,8,47.1,1.13,0.53,0.18,0.38,0,0,FRA,2023-2024,shooting,2026-08-06T23:13:23.735900
FRA-Ligue 1,2324,Reims,Azor Matusiwa,NED,MF,25,1998,15.4,1,12,2,16.7,0.78,0.13,0.08,0.5,0,0,FRA,2023-2024,shooting,2026-08-06T23:13:23.735900
FRA-Ligue 1,2324,Reims,Benjamin Stambouli,FRA,MF,32,1990,3.2,0,2,0,0.0,0.63,0.0,0.0,,0,0,FRA,2023-2024,shooting,2026-08-06T23:13:23.735900
FRA-Ligue 1,2324,Reims,Christ Mbondi,FRA,FW,18,2004,0.0,0,0,0,,0.0,0.0,,,0,0,FRA,2023-2024,shooting,2026-08-06T23:13:23.735900
FRA-Ligue 1,2324,Reims,Emmanuel Agbadou,CIV,DF,26,1997,28.8,1,33,7,21.2,1.14,0.24,0.03,0.14,0,0,FRA,2023-2024,shooting,2026-08-06T23:13:23.735900
FRA-Ligue 1,2324,Reims,Ibrahim Diakité,GUI,DF,19,2003,1.2,0,0,0,,0.0,0.0,,,0,0,FRA,2023-2024,shooting,2026-08-06T23:13:23.735900
FRA-Ligue 1,2324,Reims,Joseph Okumu,KEN,DF,26,1997,19.4,1,11,3,27.3,0.57,0.15,0.09,0.33,0,0,FRA,2023-2024,shooting,2026-08-06T23:13:23.735900
FRA-Ligue 1,2324,Reims,Josh Wilson-Esbrand,ENG,"DF,MF",20,2002,5.1,1,4,1,25.0,0.78,0.2,0.25,1.0,0,0,FRA,2023-2024,shooting,2026-08-06T23:13:23.735900
FRA-Ligue 1,2324,Reims,Junya Itō,JPN,"FW,MF",30,1993,30.2,3,46,15,32.6,1.53,0.5,0.07,0.2,0,0,FRA,2023-2024,shooting,2026-08-06T23:13:23.735900
FRA-Ligue 1,2324,Reims,Keito Nakamura,JPN,"FW,MF",23,2000,15.3,4,41,13,31.7,2.67,0.85,0.1,0.31,0,0,FRA,2023-2024,shooting,2026-08-06T23:13:23.735900
FRA-Ligue 1,2324,Reims,Mamadou Diakhon,SEN,FW,17,2005,2.3,0,1,1,100.0,0.43,0.43,0.0,0.0,0,0,FRA,2023-2024,shooting,2026-08-06T23:13:23.735900
FRA-Ligue 1,2324,Reims,Marshall Munetsi,ZIM,MF,27,1996,24.1,4,44,16,36.4,1.82,0.66,0.09,0.25,0,0,FRA,2023-2024,shooting,2026-08-06T23:13:23.735900
FRA-Ligue 1,2324,Reims,Maxime Busi,BEL,MF,23,1999,1.8,0,1,1,100.0,0.56,0.56,0.0,0.0,0,0,FRA,2023-2024,shooting,2026-08-06T23:13:23.735900
FRA-Ligue 1,2324,Reims,Mohamed Daramy,DEN,"FW,MF",21,2002,18.3,4,32,12,37.5,1.75,0.66,0.09,0.25,1,1,FRA,2023-2024,shooting,2026-08-06T23:13:23.735900
FRA-Ligue 1,2324,Reims,Oumar Diakité,CIV,FW,19,2003,17.6,5,36,12,33.3,2.04,0.68,0.14,0.42,0,1,FRA,2023-2024,shooting,2026-08-06T23:13:23.735900
FRA-Ligue 1,2324,Reims,Reda Khadra,GER,"MF,FW",22,2001,15.2,1,23,12,52.2,1.51,0.79,0.04,0.08,0,0,FRA,2023-2024,shooting,2026-08-06T23:13:23.735900
FRA-Ligue 1,2324,Reims,Sergio Akieme,ESP,"DF,MF",25,1997,9.1,2,11,2,18.2,1.21,0.22,0.18,1.0,0,0,FRA,2023-2024,shooting,2026-08-06T23:13:23.735900
FRA-Ligue 1,2324,Reims,Teddy Teuma,MLT,MF,29,1993,23.5,6,44,15,34.1,1.87,0.64,0.11,0.33,1,1,FRA,2023-2024,shooting,2026-08-06T23:13:23.735900
FRA-Ligue 1,2324,Reims,Therence Koudou,FRA,DF,18,2004,3.5,0,2,1,50.0,0.57,0.29,0.0,0.0,0,0,FRA,2023-2024,shooting,2026-08-06T23:13:23.735900
FRA-Ligue 1,2324,Reims,Thibault De Smet,BEL,"DF,MF",25,1998,20.3,0,4,0,0.0,0.2,0.0,0.0,,0,0,FRA,2023-2024,shooting,2026-08-06T23:13:23.735900
FRA-Ligue 1,2324,Reims,Thomas Foket,BEL,"DF,MF",28,1994,20.4,0,3,0,0.0,0.15,0.0,0.0,,0,0,FRA,2023-2024,shooting,2026-08-06T23:13:23.735900
FRA-Ligue 1,2324,Reims,Valentin Atangana Edoa,FRA,MF,17,2005,6.2,0,9,2,22.2,1.46,0.32,0.0,0.0,0,0,FRA,2023-2024,shooting,2026-08-06T23:13:23.735900
FRA-Ligue 1,2324,Reims,Yaya Kader Fofana,MLI,MF,19,2004,0.4,0,3,1,33.3,8.44,2.81,0.0,0.0,0,0,FRA,2023-2024,shooting,2026-08-06T23:13:23.735900
FRA-Ligue 1,2324,Reims,Yehvann Diouf,SEN,GK,23,1999,34.0,0,0,0,,0.0,0.0,,,0,0,FRA,2023-2024,shooting,2026-08-06T23:13:23.735900
FRA-Ligue 1,2324,Reims,Yunis Abdelhamid,MAR,DF,35,1987,30.9,4,22,8,36.4,0.71,0.26,0.14,0.38,1,1,FRA,2023-2024,shooting,2026-08-06T23:13:23.735900
FRA-Ligue 1,2324,Rennes,Adrien Truffert,FRA,"DF,MF",21,2001,23.8,1,20,7,35.0,0.84,0.29,0.05,0.14,0,0,FRA,2023-2024,shooting,2026-08-06T23:13:23.735900
FRA-Ligue 1,2324,Rennes,Alidu Seidu,GHA,DF,23,2000,6.6,0,2,0,0.0,0.3,0.0,0.0,,0,0,FRA,2023-2024,shooting,2026-08-06T23:13:23.735900
FRA-Ligue 1,2324,Rennes,Amine Gouiri,ALG,"FW,MF",23,2000,23.0,7,78,27,34.6,3.4,1.18,0.09,0.26,0,0,FRA,2023-2024,shooting,2026-08-06T23:13:23.735900
FRA-Ligue 1,2324,Rennes,Arnaud Kalimuendo,FRA,FW,21,2002,23.8,10,61,24,39.3,2.57,1.01,0.13,0.33,2,2,FRA,2023-2024,shooting,2026-08-06T23:13:23.735900
FRA-Ligue 1,2324,Rennes,Arthur Theate,BEL,DF,23,2000,25.5,2,22,5,22.7,0.86,0.2,0.09,0.4,0,0,FRA,2023-2024,shooting,2026-08-06T23:13:23.735900
FRA-Ligue 1,2324,Rennes,Azor Matusiwa,NED,MF,25,1998,8.8,0,6,1,16.7,0.68,0.11,0.0,0.0,0,0,FRA,2023-2024,shooting,2026-08-06T23:13:23.735900
FRA-Ligue 1,2324,Rennes,Baptiste Santamaria,FRA,MF,28,1995,21.4,0,28,9,32.1,1.31,0.42,0.0,0.0,0,0,FRA,2023-2024,shooting,2026-08-06T23:13:23.735900
FRA-Ligue 1,2324,Rennes,Benjamin Bourigeaud,FRA,MF,29,1994,26.9,9,51,17,33.3,1.89,0.63,0.04,0.12,7,7,FRA,2023-2024,shooting,2026-08-06T23:13:23.735900
FRA-Ligue 1,2324,Rennes,Bertuğ Yıldırım,TUR,FW,21,2002,5.2,0,10,4,40.0,1.92,0.77,0.0,0.0,0,0,FRA,2023-2024,shooting,2026-08-06T23:13:23.735900
FRA-Ligue 1,2324,Rennes,Birger Meling,NOR,DF,28,1994,0.2,0,1,1,100.0,5.63,5.63,0.0,0.0,0,0,FRA,2023-2024,shooting,2026-08-06T23:13:23.735900
FRA-Ligue 1,2324,Rennes,Christopher Wooh,CMR,DF,21,2001,15.4,1,10,2,20.0,0.65,0.13,0.1,0.5,0,0,FRA,2023-2024,shooting,2026-08-06T23:13:23.735900
FRA-Ligue 1,2324,Rennes,Djaoui Cissé,FRA,MF,19,2004,0.0,0,0,0,,0.0,0.0,,,0,0,FRA,2023-2024,shooting,2026-08-06T23:13:23.735900
FRA-Ligue 1,2324,Rennes,Désiré Doué,FRA,MF,18,2005,18.1,4,34,13,38.2,1.88,0.72,0.12,0.31,0,0,FRA,2023-2024,shooting,2026-08-06T23:13:23.735900
FRA-Ligue 1,2324,Rennes,Enzo Le Fée,FRA,MF,23,2000,17.0,0,12,0,0.0,0.71,0.0,0.0,,0,0,FRA,2023-2024,shooting,2026-08-06T23:13:23.735900
FRA-Ligue 1,2324,Rennes,Fabian Rieder,SUI,MF,21,2002,4.1,1,5,2,40.0,1.23,0.49,0.2,0.5,0,0,FRA,2023-2024,shooting,2026-08-06T23:13:23.735900
FRA-Ligue 1,2324,Rennes,Guéla Doué,CIV,DF,20,2002,13.7,0,15,3,20.0,1.09,0.22,0.0,0.0,0,0,FRA,2023-2024,shooting,2026-08-06T23:13:23.735900
FRA-Ligue 1,2324,Rennes,Ibrahim Salah,MAR,"MF,FW",21,2001,5.8,4,17,9,52.9,2.92,1.55,0.24,0.44,0,0,FRA,2023-2024,shooting,2026-08-06T23:13:23.735900
FRA-Ligue 1,2324,Rennes,Jeanuël Belocian,FRA,DF,18,2005,16.1,0,3,0,0.0,0.19,0.0,0.0,,0,0,FRA,2023-2024,shooting,2026-08-06T23:13:23.735900
FRA-Ligue 1,2324,Rennes,Jeremy Doku,BEL,FW,21,2002,1.2,1,6,4,66.7,4.86,3.24,0.17,0.25,0,0,FRA,2023-2024,shooting,2026-08-06T23:13:23.735900
FRA-Ligue 1,2324,Rennes,Jérémy Jacquet,FRA,DF,18,2005,0.1,0,0,0,,0.0,0.0,,,0,0,FRA,2023-2024,shooting,2026-08-06T23:13:23.735900
FRA-Ligue 1,2324,Rennes,Lorenz Assignon,TOG,DF,23,2000,11.2,1,11,4,36.4,0.98,0.36,0.09,0.25,0,0,FRA,2023-2024,shooting,2026-08-06T23:13:23.735900
FRA-Ligue 1,2324,Rennes,Lovro Majer,CRO,"FW,MF",25,1998,0.2,0,1,0,0.0,5.63,0.0,0.0,,0,0,FRA,2023-2024,shooting,2026-08-06T23:13:23.735900
FRA-Ligue 1,2324,Rennes,Ludovic Blas,FRA,"MF,FW",25,1997,17.4,4,44,17,38.6,2.53,0.98,0.07,0.18,1,2,FRA,2023-2024,shooting,2026-08-06T23:13:23.735900
FRA-Ligue 1,2324,Rennes,Mahamadou Nagida,CMR,MF,18,2005,1.2,0,3,2,66.7,2.55,1.7,0.0,0.0,0,0,FRA,2023-2024,shooting,2026-08-06T23:13:23.735900
FRA-Ligue 1,2324,Rennes,Martin Terrier,FRA,"FW,MF",26,1997,17.0,7,38,16,42.1,2.24,0.94,0.18,0.44,0,0,FRA,2023-2024,shooting,2026-08-06T23:13:23.735900
FRA-Ligue 1,2324,Rennes,Mathis Lambourde,FRA,FW,17,2006,0.1,0,0,0,,0.0,0.0,,,0,0,FRA,2023-2024,shooting,2026-08-06T23:13:23.735900
FRA-Ligue 1,2324,Rennes,Nemanja Matić,SRB,MF,34,1988,11.4,0,5,1,20.0,0.44,0.09,0.0,0.0,0,0,FRA,2023-2024,shooting,2026-08-06T23:13:23.735900
FRA-Ligue 1,2324,Rennes,Steve Mandanda,FRA,GK,38,1985,34.0,0,0,0,,0.0,0.0,,,0,0,FRA,2023-2024,shooting,2026-08-06T23:13:23.735900
FRA-Ligue 1,2324,Rennes,Warmed Omari,COM,DF,23,2000,23.0,1,4,1,25.0,0.17,0.04,0.25,1.0,0,0,FRA,2023-2024,shooting,2026-08-06T23:13:23.735900
FRA-Ligue 1,2324,Strasbourg,Abakar Sylla,CIV,DF,20,2002,19.9,2,11,5,45.5,0.55,0.25,0.18,0.4,0,0,FRA,2023-2024,shooting,2026-08-06T23:13:23.735900
FRA-Ligue 1,2324,Strasbourg,Aboubacar Ali,COM,FW,17,2006,1.4,0,4,2,50.0,2.77,1.38,0.0,0.0,0,0,FRA,2023-2024,shooting,2026-08-06T23:13:23.735900
FRA-Ligue 1,2324,Strasbourg,Alaa Bellaarouch,MAR,GK,21,2002,15.0,0,0,0,,0.0,0.0,,,0,0,FRA,2023-2024,shooting,2026-08-06T23:13:23.735900
FRA-Ligue 1,2324,Strasbourg,Andrey Santos,BRA,MF,19,2004,9.2,1,12,4,33.3,1.3,0.43,0.08,0.25,0,0,FRA,2023-2024,shooting,2026-08-06T23:13:23.735900
FRA-Ligue 1,2324,Strasbourg,Dilane Bakwa,FRA,"MF,FW",20,2002,24.2,3,44,12,27.3,1.82,0.5,0.07,0.25,0,0,FRA,2023-2024,shooting,2026-08-06T23:13:23.735900
FRA-Ligue 1,2324,Strasbourg,Eduard Sobol,UKR,"DF,MF",28,1995,0.3,0,0,0,,0.0,0.0,,,0,0,FRA,2023-2024,shooting,2026-08-06T23:13:23.735900
FRA-Ligue 1,2324,Strasbourg,Emanuel Emegha,NED,FW,20,2003,23.1,8,48,21,43.8,2.08,0.91,0.17,0.38,0,1,FRA,2023-2024,shooting,2026-08-06T23:13:23.735900
FRA-Ligue 1,2324,Strasbourg,Frederic Guilbert,FRA,"DF,MF",28,1994,27.7,2,21,5,23.8,0.76,0.18,0.1,0.4,0,0,FRA,2023-2024,shooting,2026-08-06T23:13:23.735900
FRA-Ligue 1,2324,Strasbourg,Gerzino Nyamsi,CMR,DF,26,1997,12.1,0,7,3,42.9,0.58,0.25,0.0,0.0,0,0,FRA,2023-2024,shooting,2026-08-06T23:13:23.735900
FRA-Ligue 1,2324,Strasbourg,Habib Diarra,SEN,"MF,FW",19,2004,25.6,3,39,15,38.5,1.52,0.59,0.05,0.13,1,1,FRA,2023-2024,shooting,2026-08-06T23:13:23.735900
FRA-Ligue 1,2324,Strasbourg,Ibrahima Sissoko,MLI,MF,25,1997,18.2,0,14,3,21.4,0.77,0.16,0.0,0.0,0,0,FRA,2023-2024,shooting,2026-08-06T23:13:23.735900
FRA-Ligue 1,2324,Strasbourg,Ismaël Doukouré,FRA,"MF,DF",20,2003,18.4,0,9,0,0.0,0.49,0.0,0.0,,0,0,FRA,2023-2024,shooting,2026-08-06T23:13:23.735900
FRA-Ligue 1,2324,Strasbourg,Jean-Ricner Bellegarde,HAI,"MF,FW",25,1998,3.0,2,5,3,60.0,1.67,1.0,0.4,0.67,0,0,FRA,2023-2024,shooting,2026-08-06T23:13:23.735900
FRA-Ligue 1,2324,Strasbourg,Jessy Deminguet,FRA,"MF,FW",25,1998,7.7,0,3,1,33.3,0.39,0.13,0.0,0.0,0,0,FRA,2023-2024,shooting,2026-08-06T23:13:23.735900
FRA-Ligue 1,2324,Strasbourg,Junior Mwanga,FRA,"MF,FW",20,2003,16.1,1,20,4,20.0,1.24,0.25,0.05,0.25,0,0,FRA,2023-2024,shooting,2026-08-06T23:13:23.735900
FRA-Ligue 1,2324,Strasbourg,Jérémy Sebas,MTQ,"MF,FW",20,2003,4.4,2,7,4,57.1,1.58,0.9,0.29,0.5,0,0,FRA,2023-2024,shooting,2026-08-06T23:13:23.735900
FRA-Ligue 1,2324,Strasbourg,Kévin Gameiro,FRA,"FW,MF",36,1987,15.0,4,29,12,41.4,1.94,0.8,0.07,0.17,2,2,FRA,2023-2024,shooting,2026-08-06T23:13:23.735900
FRA-Ligue 1,2324,Strasbourg,Lebo Mothiba,RSA,FW,27,1996,6.9,3,16,7,43.8,2.33,1.02,0.19,0.43,0,0,FRA,2023-2024,shooting,2026-08-06T23:13:23.735900
FRA-Ligue 1,2324,Strasbourg,Lucas Perrin,FRA,DF,24,1998,30.3,0,12,3,25.0,0.4,0.1,0.0,0.0,0,0,FRA,2023-2024,shooting,2026-08-06T23:13:23.735900
FRA-Ligue 1,2324,Strasbourg,Marvin Senaya,GHA,"DF,MF",22,2001,23.8,1,16,3,18.8,0.67,0.13,0.06,0.33,0,0,FRA,2023-2024,shooting,2026-08-06T23:13:23.735900
FRA-Ligue 1,2324,Strasbourg,Matz Sels,BEL,GK,31,1992,19.0,0,0,0,,0.0,0.0,,,0,0,FRA,2023-2024,shooting,2026-08-06T23:13:23.735900
FRA-Ligue 1,2324,Strasbourg,Mohamed Bechikh,FRA,FW,18,2005,0.2,0,0,0,,0.0,0.0,,,0,0,FRA,2023-2024,shooting,2026-08-06T23:13:23.735900
FRA-Ligue 1,2324,Strasbourg,Moïse Sahi Dion,CIV,"MF,FW",21,2001,7.0,3,24,7,29.2,3.44,1.0,0.13,0.43,0,0,FRA,2023-2024,shooting,2026-08-06T23:13:23.735900
FRA-Ligue 1,2324,Strasbourg,Patrick Ouotro,CIV,FW,17,2005,0.1,0,0,0,,0.0,0.0,,,0,0,FRA,2023-2024,shooting,2026-08-06T23:13:23.735900
FRA-Ligue 1,2324,Strasbourg,Rabby Nzingoula,FRA,MF,17,2005,1.5,0,1,1,100.0,0.68,0.68,0.0,0.0,0,0,FRA,2023-2024,shooting,2026-08-06T23:13:23.735900
FRA-Ligue 1,2324,Strasbourg,Saidou Sow,GUI,DF,21,2002,8.0,0,3,2,66.7,0.38,0.25,0.0,0.0,0,0,FRA,2023-2024,shooting,2026-08-06T23:13:23.735900
FRA-Ligue 1,2324,Strasbourg,Sanjin Prcić,BIH,MF,29,1993,1.0,0,1,0,0.0,1.02,0.0,0.0,,0,0,FRA,2023-2024,shooting,2026-08-06T23:13:23.735900
FRA-Ligue 1,2324,Strasbourg,Steven Baseya,FRA,DF,18,2005,0.1,0,0,0,,0.0,0.0,,,0,0,FRA,2023-2024,shooting,2026-08-06T23:13:23.735900
FRA-Ligue 1,2324,Strasbourg,Thomas Delaine,FRA,"MF,DF",31,1992,22.7,1,12,2,16.7,0.53,0.09,0.08,0.5,0,0,FRA,2023-2024,shooting,2026-08-06T23:13:23.735900
FRA-Ligue 1,2324,Strasbourg,Ângelo,BRA,"MF,FW",18,2004,12.2,0,9,4,44.4,0.74,0.33,0.0,0.0,0,0,FRA,2023-2024,shooting,2026-08-06T23:13:23.735900
FRA-Ligue 1,2324,Toulouse,Aron Dønnum,NOR,"MF,FW",25,1998,17.7,0,21,9,42.9,1.18,0.51,0.0,0.0,0,0,FRA,2023-2024,shooting,2026-08-06T23:13:23.735900
FRA-Ligue 1,2324,Toulouse,Christian Mawissa,FRA,"DF,MF",18,2005,12.4,2,5,2,40.0,0.4,0.16,0.4,1.0,0,0,FRA,2023-2024,shooting,2026-08-06T23:13:23.735900
FRA-Ligue 1,2324,Toulouse,Cristian Cásseres Jr.,VEN,MF,23,2000,21.6,1,15,4,26.7,0.69,0.18,0.07,0.25,0,0,FRA,2023-2024,shooting,2026-08-06T23:13:23.735900
FRA-Ligue 1,2324,Toulouse,Denis Genreau,AUS,MF,24,1999,5.2,0,3,1,33.3,0.58,0.19,0.0,0.0,0,0,FRA,2023-2024,shooting,2026-08-06T23:13:23.735900
FRA-Ligue 1,2324,Toulouse,Fares Chaïbi,ALG,"FW,MF",20,2002,0.6,0,0,0,,0.0,0.0,,,0,0,FRA,2023-2024,shooting,2026-08-06T23:13:23.735900
FRA-Ligue 1,2324,Toulouse,Frank Magri,CMR,"FW,MF",23,1999,16.0,5,41,14,34.1,2.57,0.88,0.12,0.36,0,0,FRA,2023-2024,shooting,2026-08-06T23:13:23.735900
FRA-Ligue 1,2324,Toulouse,Gabriel Suazo,CHI,"DF,MF",25,1997,26.2,0,10,3,30.0,0.38,0.11,0.0,0.0,0,0,FRA,2023-2024,shooting,2026-08-06T23:13:23.735900
FRA-Ligue 1,2324,Toulouse,Gelabert,ESP,"MF,FW",22,2000,8.4,1,14,4,28.6,1.67,0.48,0.07,0.25,0,0,FRA,2023-2024,shooting,2026-08-06T23:13:23.735900
FRA-Ligue 1,2324,Toulouse,Guillaume Restes,FRA,GK,18,2005,34.0,0,0,0,,0.0,0.0,,,0,0,FRA,2023-2024,shooting,2026-08-06T23:13:23.735900
FRA-Ligue 1,2324,Toulouse,Ibrahim Cissoko,NED,MF,20,2003,2.7,1,8,5,62.5,2.99,1.87,0.13,0.2,0,0,FRA,2023-2024,shooting,2026-08-06T23:13:23.735900
FRA-Ligue 1,2324,Toulouse,Kévin Keben,CMR,"DF,MF",19,2004,5.8,0,1,0,0.0,0.17,0.0,0.0,,0,0,FRA,2023-2024,shooting,2026-08-06T23:13:23.735900
FRA-Ligue 1,2324,Toulouse,Logan Costa,CPV,DF,22,2001,29.4,1,14,4,28.6,0.48,0.14,0.07,0.25,0,0,FRA,2023-2024,shooting,2026-08-06T23:13:23.735900
FRA-Ligue 1,2324,Toulouse,Mamady Bangré,BFA,MF,22,2001,1.1,0,3,0,0.0,2.67,0.0,0.0,,0,0,FRA,2023-2024,shooting,2026-08-06T23:13:23.735900
FRA-Ligue 1,2324,Toulouse,Mikkel Desler,DEN,"DF,MF",28,1995,17.2,0,16,0,0.0,0.93,0.0,0.0,,0,0,FRA,2023-2024,shooting,2026-08-06T23:13:23.735900
FRA-Ligue 1,2324,Toulouse,Moussa Diarra,MLI,DF,22,2000,15.5,1,5,2,40.0,0.32,0.13,0.2,0.5,0,0,FRA,2023-2024,shooting,2026-08-06T23:13:23.735900
FRA-Ligue 1,2324,Toulouse,Naatan Skyttä,FIN,MF,21,2002,1.3,0,5,2,40.0,3.75,1.5,0.0,0.0,0,0,FRA,2023-2024,shooting,2026-08-06T23:13:23.735900
FRA-Ligue 1,2324,Toulouse,Niklas Schmidt,GER,MF,25,1998,14.1,1,20,13,65.0,1.42,0.92,0.05,0.08,0,0,FRA,2023-2024,shooting,2026-08-06T23:13:23.735900
FRA-Ligue 1,2324,Toulouse,Rasmus Nicolaisen,DEN,DF,26,1997,32.5,2,19,5,26.3,0.58,0.15,0.11,0.4,0,0,FRA,2023-2024,shooting,2026-08-06T23:13:23.735900
FRA-Ligue 1,2324,Toulouse,Shavy Babicka,GAB,"MF,FW",23,2000,4.1,1,8,4,50.0,1.93,0.97,0.13,0.25,0,0,FRA,2023-2024,shooting,2026-08-06T23:13:23.735900
FRA-Ligue 1,2324,Toulouse,Stijn Spierings,NED,MF,27,1996,16.8,0,11,1,9.1,0.65,0.06,0.0,0.0,0,0,FRA,2023-2024,shooting,2026-08-06T23:13:23.735900
FRA-Ligue 1,2324,Toulouse,Thijs Dallinga,NED,FW,22,2000,27.9,14,84,34,40.5,3.01,1.22,0.15,0.38,1,3,FRA,2023-2024,shooting,2026-08-06T23:13:23.735900
FRA-Ligue 1,2324,Toulouse,Vincent Sierro,SUI,MF,27,1995,25.1,6,36,11,30.6,1.43,0.44,0.06,0.18,4,5,FRA,2023-2024,shooting,2026-08-06T23:13:23.735900
FRA-Ligue 1,2324,Toulouse,Warren Kamanzi,NOR,"MF,DF",22,2000,13.2,0,6,0,0.0,0.45,0.0,0.0,,0,0,FRA,2023-2024,shooting,2026-08-06T23:13:23.735900
FRA-Ligue 1,2324,Toulouse,Yanis Begraoui,MAR,"FW,MF",22,2001,3.3,0,7,4,57.1,2.1,1.2,0.0,0.0,0,0,FRA,2023-2024,shooting,2026-08-06T23:13:23.735900
FRA-Ligue 1,2324,Toulouse,Yann Gboho,FRA,"MF,FW",22,2001,13.3,3,23,8,34.8,1.74,0.6,0.13,0.38,0,0,FRA,2023-2024,shooting,2026-08-06T23:13:23.735900
FRA-Ligue 1,2324,Toulouse,Zakaria Aboukhlal,MAR,"FW,MF",23,2000,8.4,3,28,8,28.6,3.34,0.95,0.07,0.25,1,1,FRA,2023-2024,shooting,2026-08-06T23:13:23.735900
