tournament_id,season_id,player_name,player_id,team_name,team_id,rating,goals,assists,expectedGoals,expectedAssists,shotsOnTarget,totalShots,bigChancesCreated,bigChancesMissed,accuratePasses,accuratePassesPercentage,keyPasses,accurateLongBalls,accurateLongBallsPercentage,successfulDribbles,successfulDribblesPercentage,tackles,interceptions,clearances,possessionLost,minutesPlayed,appearances,yellowCards,redCards,_league_id,_season,_source,_scraped_at
17,76986,Bruno Fernandes,288205,Manchester United,35,7.61,9,21,10.83,12.32,24,85,33,8,1639,82.2,137,138,60.0,15,41.67,54,20,42,594,3066,35,5,0,ENG,2025-2026,datafc_sofascore,2026-08-11 14:44:58
17,76986,Max Weiss,1128801,Burnley,6,7.57,0,0,,0.01,0,0,0,0,68,60.71,1,17,27.87,0,0.0,0,0,4,48,270,3,0,0,ENG,2025-2026,datafc_sofascore,2026-08-11 14:44:58
17,76986,Declan Rice,856714,Arsenal,42,7.46,4,5,3.17,6.96,13,40,17,3,1865,87.31,64,88,48.09,14,50.0,70,37,78,498,3099,36,3,0,ENG,2025-2026,datafc_sofascore,2026-08-11 14:44:58
17,76986,Bruno Guimarães,866469,Newcastle United,39,7.45,9,5,5.6,4.98,23,42,7,4,1250,86.15,46,81,60.45,18,37.5,62,15,36,407,2455,29,6,0,ENG,2025-2026,datafc_sofascore,2026-08-11 14:44:58
17,76986,Rodri,827606,Manchester City,17,7.43,1,0,1.13,2.59,3,16,2,0,1458,90.11,25,90,68.7,7,46.67,41,14,41,203,1513,21,3,0,ENG,2025-2026,datafc_sofascore,2026-08-11 14:44:58
17,76986,Jérémy Doku,934386,Manchester City,17,7.39,5,5,2.75,6.18,15,39,13,4,640,82.9,60,14,63.64,84,56.76,23,13,2,378,1784,30,0,0,ENG,2025-2026,datafc_sofascore,2026-08-11 14:44:58
17,76986,Elliot Anderson,994546,Nottingham Forest,14,7.34,4,4,2.9,4.79,10,44,9,1,2038,85.52,55,119,53.36,50,54.35,104,41,49,656,3334,38,8,0,ENG,2025-2026,datafc_sofascore,2026-08-11 14:44:58
17,76986,Granit Xhaka,117777,Sunderland,41,7.33,1,6,1.02,3.71,5,21,9,0,1512,83.67,34,138,54.98,11,45.83,50,29,85,429,2903,34,8,0,ENG,2025-2026,datafc_sofascore,2026-08-11 14:44:58
17,76986,Erling Haaland,839956,Manchester City,17,7.31,27,8,25.43,2.85,59,126,9,30,252,65.63,25,4,28.57,17,53.13,15,5,42,225,2958,35,2,0,ENG,2025-2026,datafc_sofascore,2026-08-11 14:44:58
17,76986,Marc Guéhi,877994,Manchester City,17,7.3,3,3,4.12,2.32,9,32,5,6,2070,89.65,18,77,40.96,7,63.64,46,50,164,300,3150,35,6,0,ENG,2025-2026,datafc_sofascore,2026-08-11 14:44:58
17,76986,Gabriel Magalhães,869792,Arsenal,42,7.27,3,4,2.93,1.82,7,27,5,4,1528,88.17,7,78,44.57,1,50.0,38,23,182,234,2751,32,4,0,ENG,2025-2026,datafc_sofascore,2026-08-11 14:44:58
17,76986,Virgil van Dijk,151545,Liverpool FC,44,7.26,6,0,3.77,1.35,14,30,0,8,2485,89.0,12,137,45.97,2,100.0,22,28,275,327,3420,38,4,0,ENG,2025-2026,datafc_sofascore,2026-08-11 14:44:58
17,76986,Marcos Senesi,830659,Bournemouth,60,7.24,0,5,1.52,4.67,5,17,7,2,1801,77.66,24,182,38.16,6,66.67,62,56,253,600,3290,37,8,0,ENG,2025-2026,datafc_sofascore,2026-08-11 14:44:58
17,76986,Jan Paul van Hecke,962012,Brighton & Hove Albion,30,7.24,3,3,3.3,1.62,10,23,2,3,2198,87.19,13,133,47.16,3,60.0,53,47,189,366,3211,36,9,0,ENG,2025-2026,datafc_sofascore,2026-08-11 14:44:58
17,76986,Bukayo Saka,934235,Arsenal,42,7.24,7,5,7.55,7.16,27,71,12,8,593,76.71,63,14,35.9,50,49.5,41,16,11,407,2225,31,2,0,ENG,2025-2026,datafc_sofascore,2026-08-11 14:44:58
17,76986,Jack Grealish,189061,Everton,48,7.23,2,6,2.15,3.57,8,26,5,4,482,84.12,40,18,56.25,23,40.35,21,12,11,227,1631,20,3,1,ENG,2025-2026,datafc_sofascore,2026-08-11 14:44:58
17,76986,James Garner,927361,Everton,48,7.23,2,7,2.03,5.95,14,45,12,0,1564,87.23,56,60,45.8,18,52.94,120,59,85,479,3414,38,12,0,ENG,2025-2026,datafc_sofascore,2026-08-11 14:44:58
17,76986,Casemiro,122951,Manchester United,35,7.22,9,2,5.52,3.12,18,52,4,6,1301,81.31,36,86,54.09,6,37.5,90,31,73,369,2593,34,9,1,ENG,2025-2026,datafc_sofascore,2026-08-11 14:44:58
17,76986,Rayan Cherki,979128,Manchester City,17,7.21,4,12,4.13,8.65,13,55,19,2,1104,86.45,61,31,48.44,51,48.11,26,7,7,374,1794,33,1,0,ENG,2025-2026,datafc_sofascore,2026-08-11 14:44:58
17,76986,Youri Tielemans,331737,Aston Villa,40,7.2,0,4,1.17,3.33,7,24,5,2,959,84.94,32,60,63.16,9,52.94,58,18,19,255,1862,25,0,0,ENG,2025-2026,datafc_sofascore,2026-08-11 14:44:58
17,76986,Mateus Fernandes,1142562,West Ham United,37,7.19,3,4,2.0,2.97,8,28,3,1,1366,87.45,37,110,61.45,28,58.33,103,35,36,333,3024,36,7,0,ENG,2025-2026,datafc_sofascore,2026-08-11 14:44:58
17,76986,Reece James,885908,Chelsea,38,7.18,2,4,1.04,3.19,7,22,8,0,1178,88.97,27,57,55.34,11,50.0,48,33,41,298,1961,29,4,0,ENG,2025-2026,datafc_sofascore,2026-08-11 14:44:58
17,76986,Rúben Dias,318941,Manchester City,17,7.18,2,0,0.56,0.64,4,10,0,1,1629,92.98,7,53,51.96,3,50.0,13,23,117,139,2149,26,3,0,ENG,2025-2026,datafc_sofascore,2026-08-11 14:44:58
17,76986,Dominik Szoboszlai,869856,Liverpool FC,44,7.18,6,7,4.85,6.81,23,71,14,4,1919,87.75,78,130,62.2,26,52.0,56,30,58,519,3233,36,8,1,ENG,2025-2026,datafc_sofascore,2026-08-11 14:44:58
17,76986,James Trafford,980643,Manchester City,17,7.18,0,0,,0.0,0,0,0,0,87,73.73,0,13,31.71,1,100.0,2,0,6,31,360,4,0,0,ENG,2025-2026,datafc_sofascore,2026-08-11 14:44:58
17,76986,Kiernan Dewsbury-Hall,861970,Everton,48,7.16,8,4,4.31,5.38,15,39,10,3,846,82.46,37,23,34.33,27,54.0,52,12,28,398,2635,31,6,0,ENG,2025-2026,datafc_sofascore,2026-08-11 14:44:58
17,76986,Moisés Caicedo,987650,Chelsea,38,7.15,3,1,1.44,2.38,7,27,4,1,1883,91.72,19,65,64.36,15,53.57,87,59,28,239,2802,33,11,1,ENG,2025-2026,datafc_sofascore,2026-08-11 14:44:58
17,76986,Enzo Fernández,974505,Chelsea,38,7.15,10,4,11.29,7.25,31,72,11,9,1755,86.03,69,95,60.13,13,27.08,53,21,28,497,3121,36,10,0,ENG,2025-2026,datafc_sofascore,2026-08-11 14:44:58
17,76986,James Tarkowski,145188,Everton,48,7.15,2,3,2.75,2.07,10,21,2,4,1257,80.63,19,100,41.15,4,50.0,51,32,242,332,3330,37,8,0,ENG,2025-2026,datafc_sofascore,2026-08-11 14:44:58
17,76986,Anton Stach,889861,Leeds United,34,7.14,5,3,2.92,4.51,14,55,9,1,726,77.32,63,42,53.85,20,47.62,65,20,52,414,2378,29,3,0,ENG,2025-2026,datafc_sofascore,2026-08-11 14:44:58
17,76986,Ethan Ampadu,847097,Leeds United,34,7.13,1,1,2.5,2.25,6,26,1,3,1482,85.62,20,83,52.53,12,70.59,81,50,83,434,3123,35,10,0,ENG,2025-2026,datafc_sofascore,2026-08-11 14:44:58
17,76986,Boubacar Kamara,826204,Aston Villa,40,7.12,1,3,0.49,0.86,4,7,0,2,722,88.26,15,31,67.39,14,45.16,37,18,20,145,1418,18,5,0,ENG,2025-2026,datafc_sofascore,2026-08-11 14:44:58
17,76986,Harry Wilson,355528,Fulham,43,7.11,10,7,5.83,4.78,25,78,8,1,631,81.21,39,37,56.92,18,54.55,29,15,48,308,2691,36,7,0,ENG,2025-2026,datafc_sofascore,2026-08-11 14:44:58
17,76986,Cristian Romero,829932,Tottenham Hotspur,33,7.11,4,1,1.31,1.26,6,17,4,1,985,87.32,12,47,48.96,8,80.0,58,30,94,170,1872,23,9,2,ENG,2025-2026,datafc_sofascore,2026-08-11 14:44:58
17,76986,Tom Edozie,1445189,Wolverhampton,3,7.1,1,0,0.23,0.0,1,2,0,0,5,71.43,0,1,100.0,2,66.67,1,0,0,5,26,3,0,0,ENG,2025-2026,datafc_sofascore,2026-08-11 14:44:58
17,76986,Walter Benítez,249859,Crystal Palace,7,7.1,0,0,,0.0,0,0,0,0,18,66.67,0,5,35.71,0,0.0,0,0,1,9,90,1,0,0,ENG,2025-2026,datafc_sofascore,2026-08-11 14:44:58
17,76986,Stefan Ortega,125274,Nottingham Forest,14,7.1,0,0,,0.02,0,0,0,0,47,69.12,0,23,52.27,0,0.0,0,0,1,21,270,3,0,0,ENG,2025-2026,datafc_sofascore,2026-08-11 14:44:58
17,76986,Daniel Bentley,101367,Wolverhampton,3,7.1,0,0,,0.01,0,0,0,0,44,50.0,0,14,24.14,0,0.0,0,0,5,44,270,3,0,0,ENG,2025-2026,datafc_sofascore,2026-08-11 14:44:58
17,76986,Fabian Schär,101882,Newcastle United,39,7.1,0,0,0.98,0.61,4,17,0,2,672,84.42,4,71,46.1,0,0.0,14,18,71,138,1091,16,1,0,ENG,2025-2026,datafc_sofascore,2026-08-11 14:44:58
17,76986,Max Alleyne,1168513,Manchester City,17,7.1,0,0,0.26,0.06,1,2,0,1,120,93.75,1,8,80.0,3,75.0,3,4,4,11,135,2,0,0,ENG,2025-2026,datafc_sofascore,2026-08-11 14:44:58
17,76986,João Pedro,975079,Chelsea,38,7.1,15,5,14.96,2.0,28,73,6,12,522,75.32,29,11,50.0,40,51.28,27,7,27,389,2674,35,5,0,ENG,2025-2026,datafc_sofascore,2026-08-11 14:44:58
17,76986,Matheus Cunha,886363,Manchester United,35,7.09,10,2,7.06,3.28,35,90,4,4,708,80.45,35,22,52.38,44,48.35,39,21,22,410,2503,33,4,0,ENG,2025-2026,datafc_sofascore,2026-08-11 14:44:58
17,76986,Lisandro Martínez,859999,Manchester United,35,7.09,0,0,0.15,0.6,0,5,1,0,844,89.88,5,44,45.36,14,87.5,19,12,62,109,1237,18,0,1,ENG,2025-2026,datafc_sofascore,2026-08-11 14:44:58
17,76986,Alex Iwobi,352770,Fulham,43,7.07,4,3,1.92,4.69,15,39,4,0,1219,85.13,44,73,63.48,19,42.22,27,14,18,374,2434,29,3,0,ENG,2025-2026,datafc_sofascore,2026-08-11 14:44:58
17,76986,Alex Scott,1104986,Bournemouth,60,7.06,3,1,3.81,2.95,13,44,4,2,1182,84.85,28,53,41.09,29,55.77,60,36,81,384,2859,37,5,0,ENG,2025-2026,datafc_sofascore,2026-08-11 14:44:58
17,76986,Ibrahima Konaté,826215,Liverpool FC,44,7.06,1,0,1.21,0.98,4,12,2,2,1943,89.62,8,66,45.83,5,71.43,53,29,190,260,3100,36,7,0,ENG,2025-2026,datafc_sofascore,2026-08-11 14:44:58
17,76986,Pascal Groß,48480,Brighton & Hove Albion,30,7.06,1,3,1.45,3.83,9,18,5,1,922,85.93,39,36,47.37,7,43.75,29,12,24,272,1636,19,2,0,ENG,2025-2026,datafc_sofascore,2026-08-11 14:44:58
17,76986,Adam Wharton,1109771,Crystal Palace,7,7.06,1,5,1.52,7.38,6,32,14,0,977,79.3,44,68,48.23,15,51.72,70,27,42,398,2562,34,4,1,ENG,2025-2026,datafc_sofascore,2026-08-11 14:44:58
17,76986,Anthony Gordon,914902,Newcastle United,39,7.05,6,2,8.83,3.37,20,48,5,9,423,81.82,26,17,65.38,33,47.14,19,3,13,260,1817,26,3,1,ENG,2025-2026,datafc_sofascore,2026-08-11 14:44:58
17,76986,Caoimhin Kelleher,827362,Brentford,50,7.05,0,0,,0.26,0,0,0,0,845,65.25,3,248,35.63,3,100.0,1,1,47,460,3330,37,1,0,ENG,2025-2026,datafc_sofascore,2026-08-11 14:44:58
17,76986,Ryan Gravenberch,904897,Liverpool FC,44,7.04,5,3,1.9,2.26,13,38,4,0,1653,88.87,29,23,31.51,32,58.18,59,48,53,327,2996,36,5,0,ENG,2025-2026,datafc_sofascore,2026-08-11 14:44:58
17,76986,Martín Zubimendi,966837,Arsenal,42,7.04,5,1,2.85,2.26,9,27,1,2,1684,87.34,19,53,46.9,7,46.67,68,39,78,312,3001,38,4,0,ENG,2025-2026,datafc_sofascore,2026-08-11 14:44:58
17,76986,Bart Verbruggen,994363,Brighton & Hove Albion,30,7.04,0,0,,0.11,0,0,0,0,1178,76.05,1,197,34.99,1,100.0,1,0,32,378,3420,38,3,0,ENG,2025-2026,datafc_sofascore,2026-08-11 14:44:58
17,76986,Konstantinos Mavropanos,829022,West Ham United,37,7.04,3,0,2.55,0.7,8,23,0,3,963,82.24,4,89,44.95,2,100.0,40,49,194,236,2535,31,2,0,ENG,2025-2026,datafc_sofascore,2026-08-11 14:44:58
17,76986,Cole Palmer,982780,Chelsea,38,7.04,10,1,10.56,2.47,25,64,3,6,703,85.73,25,35,66.04,22,32.84,25,15,12,283,1965,26,5,0,ENG,2025-2026,datafc_sofascore,2026-08-11 14:44:58
17,76986,Karl Darlow,123689,Leeds United,34,7.04,0,0,,0.08,0,0,0,0,492,58.16,0,168,32.81,1,100.0,1,0,29,357,1980,22,1,0,ENG,2025-2026,datafc_sofascore,2026-08-11 14:44:58
17,76986,Amadou Onana,923973,Aston Villa,40,7.04,2,0,1.71,0.7,7,19,0,4,742,87.4,7,42,64.62,7,53.85,48,25,59,145,1776,25,3,0,ENG,2025-2026,datafc_sofascore,2026-08-11 14:44:58
17,76986,Rayan,1464966,Bournemouth,60,7.03,5,2,2.91,1.82,8,28,3,0,249,78.3,14,10,62.5,13,38.24,11,8,20,151,1119,15,1,0,ENG,2025-2026,datafc_sofascore,2026-08-11 14:44:58
17,76986,Crysencio Summerville,917005,West Ham United,37,7.03,5,2,5.17,3.42,15,54,4,7,529,82.79,28,9,56.25,51,48.57,45,16,30,335,2480,31,6,0,ENG,2025-2026,datafc_sofascore,2026-08-11 14:44:58
17,76986,João Palhinha,364612,Tottenham Hotspur,33,7.02,5,2,2.7,0.66,9,33,1,1,856,81.99,8,41,41.0,10,43.48,110,30,58,270,2197,33,8,0,ENG,2025-2026,datafc_sofascore,2026-08-11 14:44:58
17,76986,Joachim Andersen,362682,Fulham,43,7.02,0,1,1.48,1.82,4,16,3,2,1958,86.07,7,166,45.86,6,85.71,45,36,229,352,2884,33,7,1,ENG,2025-2026,datafc_sofascore,2026-08-11 14:44:58
17,76986,Gianluigi Donnarumma,824509,Manchester City,17,7.02,0,0,,0.15,0,0,0,0,706,80.32,1,128,43.39,2,100.0,0,1,43,179,3060,34,8,0,ENG,2025-2026,datafc_sofascore,2026-08-11 14:44:58
17,76986,William Saliba,941168,Arsenal,42,7.02,1,0,0.86,1.42,1,5,1,2,1954,92.87,10,59,50.86,7,70.0,35,17,133,184,2615,31,2,0,ENG,2025-2026,datafc_sofascore,2026-08-11 14:44:58
17,76986,Malick Thiaw,1014286,Newcastle United,39,7.02,4,0,4.72,0.97,14,28,1,6,1519,89.62,6,85,57.43,8,100.0,44,31,184,199,2964,35,4,0,ENG,2025-2026,datafc_sofascore,2026-08-11 14:44:58
17,76986,Antoine Semenyo,934354,Manchester City,17,7.02,17,4,11.09,3.12,41,83,8,7,749,80.02,39,26,50.0,59,44.36,45,13,29,520,3200,37,7,0,ENG,2025-2026,datafc_sofascore,2026-08-11 14:44:58
17,76986,Mikkel Damsgaard,907072,Brentford,50,7.02,4,4,2.62,5.44,11,29,12,3,726,76.34,42,37,40.22,18,35.29,57,25,16,425,2078,33,0,0,ENG,2025-2026,datafc_sofascore,2026-08-11 14:44:58
17,76986,Senne Lammens,964753,Manchester United,35,7.01,0,0,,0.04,0,0,0,0,556,59.09,0,193,33.8,0,0.0,1,0,26,394,2880,32,0,0,ENG,2025-2026,datafc_sofascore,2026-08-11 14:44:58
17,76986,Jarrad Branthwaite,979563,Everton,48,7.01,1,0,0.35,0.12,2,6,1,0,294,83.76,3,21,53.85,0,0.0,13,11,41,76,689,10,1,0,ENG,2025-2026,datafc_sofascore,2026-08-11 14:44:58
17,76986,Jordan Pickford,138530,Everton,48,7.01,0,0,,0.24,0,0,1,0,886,61.57,2,362,39.74,0,0.0,2,0,52,562,3420,38,4,0,ENG,2025-2026,datafc_sofascore,2026-08-11 14:44:58
17,76986,Phil Foden,859765,Manchester City,17,7.01,7,5,6.42,4.77,19,55,11,6,1067,88.18,55,50,63.29,25,53.19,34,9,12,320,2107,33,4,0,ENG,2025-2026,datafc_sofascore,2026-08-11 14:44:58
17,76986,Jarrod Bowen,552884,West Ham United,37,7.01,9,11,7.26,5.24,28,79,16,5,585,73.77,45,16,35.56,53,44.92,50,27,39,573,3405,38,5,0,ENG,2025-2026,datafc_sofascore,2026-08-11 14:44:58
17,76986,Sven Botman,910046,Newcastle United,39,7.0,1,1,1.74,0.88,4,15,3,1,1037,87.14,8,47,43.12,4,100.0,22,27,141,174,1838,25,2,0,ENG,2025-2026,datafc_sofascore,2026-08-11 14:44:58
17,76986,Kepa Arrizabalaga,232422,Arsenal,42,7.0,0,0,,0.0,0,0,0,0,15,75.0,0,3,37.5,0,0.0,0,0,3,5,90,1,0,0,ENG,2025-2026,datafc_sofascore,2026-08-11 14:44:58
17,76986,Melker Ellborg,1099795,Sunderland,41,7.0,0,0,,0.02,0,0,0,0,46,46.94,0,13,20.31,1,100.0,0,0,6,52,270,3,0,0,ENG,2025-2026,datafc_sofascore,2026-08-11 14:44:58
17,76986,Joško Gvardiol,964994,Manchester City,17,6.99,2,2,2.4,0.71,6,17,1,2,936,89.4,6,38,48.72,2,33.33,18,15,61,135,1374,18,2,0,ENG,2025-2026,datafc_sofascore,2026-08-11 14:44:58
17,76986,Martin Ødegaard,547410,Arsenal,42,6.99,1,6,1.23,3.67,8,22,6,0,701,84.66,40,38,51.35,9,33.33,19,7,6,201,1370,24,0,0,ENG,2025-2026,datafc_sofascore,2026-08-11 14:44:58
17,76986,Ezri Konsa,827679,Aston Villa,40,6.99,0,0,1.25,0.58,2,11,1,1,2003,95.47,5,61,61.0,8,66.67,22,23,122,127,3036,34,0,1,ENG,2025-2026,datafc_sofascore,2026-08-11 14:44:58
17,76986,Martin Dúbravka,42209,Burnley,6,6.98,0,0,,0.07,0,0,0,0,701,58.22,0,252,33.78,0,0.0,1,0,59,510,3150,35,1,0,ENG,2025-2026,datafc_sofascore,2026-08-11 14:44:58
17,76986,Rio Ngumoha,1881902,Liverpool FC,44,6.97,2,1,1.31,2.03,6,16,3,0,167,86.98,16,3,50.0,30,69.77,4,3,3,89,582,19,0,0,ENG,2025-2026,datafc_sofascore,2026-08-11 14:44:58
17,76986,James Hill,1156586,Bournemouth,60,6.97,0,3,0.89,1.16,2,12,2,1,806,77.72,13,53,30.29,2,100.0,39,39,168,329,2120,29,5,0,ENG,2025-2026,datafc_sofascore,2026-08-11 14:44:58
17,76986,Eberechi Eze,864921,Arsenal,42,6.97,7,2,5.05,2.66,20,63,4,2,565,84.83,16,16,42.11,29,59.18,19,11,10,186,1900,33,1,0,ENG,2025-2026,datafc_sofascore,2026-08-11 14:44:58
17,76986,Murillo,1199282,Nottingham Forest,14,6.97,1,0,0.74,0.48,4,11,1,0,946,83.57,8,82,48.81,9,64.29,35,34,130,223,2133,25,5,0,ENG,2025-2026,datafc_sofascore,2026-08-11 14:44:58
17,76986,Nico González,954056,Manchester City,17,6.97,1,0,0.7,1.11,2,14,1,0,1189,90.35,11,35,57.38,12,70.59,42,24,44,171,1575,25,6,0,ENG,2025-2026,datafc_sofascore,2026-08-11 14:44:58
17,76986,Olivier Boscagli,788784,Brighton & Hove Albion,30,6.97,0,1,0.04,0.46,0,1,0,0,652,86.47,4,32,41.03,2,100.0,16,18,42,121,819,12,2,0,ENG,2025-2026,datafc_sofascore,2026-08-11 14:44:58
17,76986,Mathias Jensen,799251,Brentford,50,6.96,3,1,2.27,6.02,8,29,11,2,907,80.84,35,98,54.75,19,54.29,41,21,37,405,2277,36,3,0,ENG,2025-2026,datafc_sofascore,2026-08-11 14:44:58
17,76986,Ibrahim Sangaré,843754,Nottingham Forest,14,6.96,2,2,1.15,1.8,5,16,2,1,830,86.82,12,38,55.88,11,47.83,59,25,50,191,2080,28,5,0,ENG,2025-2026,datafc_sofascore,2026-08-11 14:44:58
17,76986,Robin Roefs,1012928,Sunderland,41,6.96,0,0,,0.15,0,0,1,0,841,63.66,5,203,29.94,1,100.0,0,0,37,490,3150,35,4,0,ENG,2025-2026,datafc_sofascore,2026-08-11 14:44:58
17,76986,Nordi Mukiele,780014,Sunderland,41,6.96,3,4,1.88,2.49,4,26,7,3,935,78.64,24,46,38.02,13,48.15,69,40,156,518,2787,32,5,0,ENG,2025-2026,datafc_sofascore,2026-08-11 14:44:58
17,76986,Emiliano Martínez,158263,Aston Villa,40,6.96,0,1,,0.11,0,0,2,0,893,73.74,2,175,36.01,0,0.0,0,0,27,326,2835,32,2,0,ENG,2025-2026,datafc_sofascore,2026-08-11 14:44:58
17,76986,Vitaly Janelt,814873,Brentford,50,6.96,1,4,0.91,2.27,3,12,7,1,708,87.3,21,43,50.59,5,45.45,27,30,34,172,1449,25,8,0,ENG,2025-2026,datafc_sofascore,2026-08-11 14:44:58
17,76986,Matthijs de Ligt,803031,Manchester United,35,6.95,1,0,1.46,0.77,3,11,2,1,537,87.75,3,21,47.73,1,50.0,19,15,68,89,1170,13,0,0,ENG,2025-2026,datafc_sofascore,2026-08-11 14:44:58
17,76986,Morato,985086,Nottingham Forest,14,6.95,1,0,1.32,0.16,2,5,0,2,646,85.34,2,48,46.15,5,100.0,30,11,87,124,1366,21,5,0,ENG,2025-2026,datafc_sofascore,2026-08-11 14:44:58
17,76986,Leandro Trossard,135666,Arsenal,42,6.95,6,6,5.48,3.56,15,53,8,8,583,77.01,36,31,41.89,25,44.64,27,9,14,345,2006,31,2,0,ENG,2025-2026,datafc_sofascore,2026-08-11 14:44:58
17,76986,Lewis Dunk,115365,Brighton & Hove Albion,30,6.95,1,0,1.71,0.57,3,24,1,0,2301,92.34,7,82,47.67,4,100.0,35,30,142,218,2844,33,10,0,ENG,2025-2026,datafc_sofascore,2026-08-11 14:44:58
17,76986,Jenson Seelt,1088897,Sunderland,41,6.95,0,0,,0.02,0,0,0,0,96,88.07,0,2,25.0,0,0.0,4,0,7,15,134,2,0,0,ENG,2025-2026,datafc_sofascore,2026-08-11 14:44:58
17,76986,Matheus Nunes,945122,Manchester City,17,6.95,1,5,0.35,2.24,2,7,6,0,1922,89.11,28,61,51.69,28,49.12,57,30,100,404,2865,34,5,0,ENG,2025-2026,datafc_sofascore,2026-08-11 14:44:58
17,76986,Pedro Neto,879349,Chelsea,38,6.95,5,6,4.62,6.83,13,46,12,3,813,87.33,55,30,66.67,47,45.19,19,6,13,420,2643,34,2,1,ENG,2025-2026,datafc_sofascore,2026-08-11 14:44:58
17,76986,James Justin,827681,Leeds United,34,6.94,2,1,1.67,1.17,6,24,5,2,539,76.02,12,34,39.53,3,18.75,56,28,90,287,1916,29,4,0,ENG,2025-2026,datafc_sofascore,2026-08-11 14:44:58
17,76986,Abdukodir Khusanov,1194333,Manchester City,17,6.94,0,0,0.68,0.57,1,7,0,1,991,91.76,6,41,51.9,7,77.78,27,33,56,116,1429,21,2,0,ENG,2025-2026,datafc_sofascore,2026-08-11 14:44:58
17,76986,Trevoh Chalobah,826134,Chelsea,38,6.94,3,0,1.43,1.05,5,16,1,2,2124,93.04,5,50,40.0,7,77.78,35,35,178,186,2782,34,3,1,ENG,2025-2026,datafc_sofascore,2026-08-11 14:44:58
17,76986,Patrick Dorgu,1397168,Manchester United,35,6.94,4,4,2.35,1.85,12,26,6,3,384,76.04,27,7,36.84,11,28.21,48,15,32,272,1461,26,5,0,ENG,2025-2026,datafc_sofascore,2026-08-11 14:44:58
17,76986,Noah Okafor,865523,Leeds United,34,6.94,8,1,5.26,1.32,15,35,4,4,253,76.2,20,22,78.57,39,42.39,23,12,16,263,1573,28,3,0,ENG,2025-2026,datafc_sofascore,2026-08-11 14:44:58
17,76986,Freddie Woodman,284417,Liverpool FC,44,6.93,0,0,,0.0,0,0,0,0,45,56.96,0,15,30.61,0,0.0,0,1,3,35,212,3,0,0,ENG,2025-2026,datafc_sofascore,2026-08-11 14:44:58
17,76986,Daniel Muñoz,870360,Crystal Palace,7,6.93,4,3,2.44,3.97,13,27,8,1,653,79.25,28,26,37.14,2,13.33,74,26,97,293,2403,29,7,0,ENG,2025-2026,datafc_sofascore,2026-08-11 14:44:58
17,76986,Dean Henderson,788134,Crystal Palace,7,6.93,0,0,,0.13,0,0,0,0,599,53.72,1,174,25.25,1,100.0,1,2,54,522,3330,37,5,0,ENG,2025-2026,datafc_sofascore,2026-08-11 14:44:58
17,76986,Bernd Leno,103335,Fulham,43,6.93,0,0,,0.04,0,0,0,0,1078,77.33,0,173,35.6,0,0.0,4,1,45,329,3420,38,3,0,ENG,2025-2026,datafc_sofascore,2026-08-11 14:44:58
17,76986,Sandro Tonali,892673,Newcastle United,39,6.92,0,2,1.74,2.89,8,37,6,1,1319,84.39,32,71,47.33,19,61.29,35,31,37,396,2543,35,4,0,ENG,2025-2026,datafc_sofascore,2026-08-11 14:44:58
17,76986,Hugo Ekitiké,1048422,Liverpool FC,44,6.92,11,4,9.87,2.67,19,65,3,11,307,76.75,21,3,60.0,38,52.78,11,3,27,216,1810,28,0,0,ENG,2025-2026,datafc_sofascore,2026-08-11 14:44:58
17,76986,Igor Thiago,1016907,Brentford,50,6.92,22,1,20.57,1.88,43,84,6,20,436,69.21,24,13,52.0,29,54.72,38,12,64,387,3284,38,7,0,ENG,2025-2026,datafc_sofascore,2026-08-11 14:44:58
17,76986,Morgan Gibbs-White,865912,Nottingham Forest,14,6.92,15,4,10.84,2.92,32,83,5,10,980,81.13,49,42,56.0,30,47.62,20,13,32,435,3110,37,1,0,ENG,2025-2026,datafc_sofascore,2026-08-11 14:44:58
17,76986,Enzo Le Fée,984014,Sunderland,41,6.92,5,6,5.16,5.92,12,36,13,1,906,81.4,53,33,56.9,13,28.26,89,29,36,432,2944,36,5,0,ENG,2025-2026,datafc_sofascore,2026-08-11 14:44:58
17,76986,Lewis Miley,1400650,Newcastle United,39,6.91,1,4,1.34,2.11,4,12,3,2,754,89.76,15,21,61.76,12,85.71,29,20,34,158,1494,23,0,0,ENG,2025-2026,datafc_sofascore,2026-08-11 14:44:58
17,76986,Kenny Tete,190877,Fulham,43,6.91,1,0,0.96,1.42,3,16,1,0,748,84.42,11,36,46.75,8,36.36,65,27,68,237,1802,22,2,0,ENG,2025-2026,datafc_sofascore,2026-08-11 14:44:58
17,76986,Jurriën Timber,958959,Arsenal,42,6.91,3,5,4.77,1.61,7,25,4,7,925,85.25,27,20,38.46,13,39.39,66,24,53,302,2457,30,5,0,ENG,2025-2026,datafc_sofascore,2026-08-11 14:44:58
17,76986,Tosin Adarabioyo,352668,Chelsea,38,6.91,0,0,0.11,0.4,0,2,1,0,685,90.49,1,20,41.67,0,0.0,17,9,66,78,796,16,2,0,ENG,2025-2026,datafc_sofascore,2026-08-11 14:44:58
17,76986,Robert Sánchez,920546,Chelsea,38,6.91,0,1,,0.07,0,0,2,0,871,66.74,5,199,32.1,0,0.0,2,1,26,445,3041,35,3,1,ENG,2025-2026,datafc_sofascore,2026-08-11 14:44:58
17,76986,Mohamed Salah,159665,Liverpool FC,44,6.91,7,7,8.16,5.31,19,68,11,11,610,76.92,49,20,50.0,19,26.39,17,4,7,471,2148,27,1,0,ENG,2025-2026,datafc_sofascore,2026-08-11 14:44:58
17,76986,Josh Cullen,792122,Burnley,6,6.91,2,2,0.9,1.35,6,11,4,0,728,84.06,13,42,43.75,2,33.33,31,22,35,183,1519,18,2,0,ENG,2025-2026,datafc_sofascore,2026-08-11 14:44:58
17,76986,John McGinn,250223,Aston Villa,40,6.91,5,4,2.96,3.99,12,28,7,4,621,82.36,41,43,60.56,19,48.72,29,12,15,309,2169,30,5,0,ENG,2025-2026,datafc_sofascore,2026-08-11 14:44:58
17,76986,Ayden Heaven,1445799,Manchester United,35,6.91,0,1,0.35,0.18,0,3,1,1,447,90.49,2,17,56.67,6,75.0,22,1,60,54,938,17,2,0,ENG,2025-2026,datafc_sofascore,2026-08-11 14:44:58
17,76986,Lucas Paquetá,839981,West Ham United,37,6.91,4,1,2.82,2.11,11,23,6,1,608,77.06,23,25,51.02,16,38.1,39,8,17,314,1521,18,5,1,ENG,2025-2026,datafc_sofascore,2026-08-11 14:44:58
17,76986,Pedro Porro,913654,Tottenham Hotspur,33,6.9,1,2,1.05,4.48,8,32,8,0,1102,74.97,56,134,45.58,19,42.22,76,31,102,647,2798,34,10,0,ENG,2025-2026,datafc_sofascore,2026-08-11 14:44:58
17,76986,Cody Gakpo,862967,Liverpool FC,44,6.9,7,5,8.46,4.69,21,87,10,8,589,78.53,54,15,57.69,34,49.28,28,13,21,389,2754,36,3,0,ENG,2025-2026,datafc_sofascore,2026-08-11 14:44:58
17,76986,Jaka Bijol,886930,Leeds United,34,6.9,1,2,0.88,0.78,6,15,3,1,857,84.85,7,68,50.0,2,66.67,26,24,160,167,1913,25,4,0,ENG,2025-2026,datafc_sofascore,2026-08-11 14:44:58
17,76986,Piero Hincapié,1002837,Arsenal,42,6.9,1,2,0.36,1.63,2,3,2,0,744,88.89,13,22,33.85,7,50.0,48,26,88,171,1792,25,2,0,ENG,2025-2026,datafc_sofascore,2026-08-11 14:44:58
17,76986,Ben Davies,94758,Tottenham Hotspur,33,6.9,1,0,0.49,0.09,2,2,0,0,56,86.15,1,5,62.5,0,0.0,5,1,8,16,138,3,1,0,ENG,2025-2026,datafc_sofascore,2026-08-11 14:44:58
17,76986,Rayan Aït-Nouri,931278,Manchester City,17,6.9,0,2,0.59,2.02,2,10,2,1,533,90.34,12,7,35.0,22,52.38,35,13,18,130,976,17,2,0,ENG,2025-2026,datafc_sofascore,2026-08-11 14:44:58
17,76986,David Raya,581310,Arsenal,42,6.9,0,0,,0.12,0,0,0,0,707,64.8,3,196,34.21,1,100.0,1,1,37,395,3330,37,1,0,ENG,2025-2026,datafc_sofascore,2026-08-11 14:44:58
17,76986,Nick Pope,162653,Newcastle United,39,6.9,0,0,0.16,0.02,1,1,0,0,368,60.33,0,96,28.57,0,0.0,1,0,35,253,2417,27,2,0,ENG,2025-2026,datafc_sofascore,2026-08-11 14:44:58
17,76986,Cristhian Mosquera,1144630,Arsenal,42,6.89,0,0,0.1,0.63,0,1,0,0,578,91.31,5,11,40.74,1,33.33,32,8,47,83,1003,20,4,0,ENG,2025-2026,datafc_sofascore,2026-08-11 14:44:58
17,76986,Michael Keane,110846,Everton,48,6.89,3,1,2.33,0.51,7,26,0,3,942,85.48,2,61,47.66,6,54.55,36,37,203,188,2619,33,1,1,ENG,2025-2026,datafc_sofascore,2026-08-11 14:44:58
17,76986,Amad Diallo,971037,Manchester United,35,6.89,2,3,5.57,4.78,23,53,7,6,795,87.94,41,23,69.7,39,49.37,38,17,29,271,2344,32,2,0,ENG,2025-2026,datafc_sofascore,2026-08-11 14:44:58
17,76986,Neco Williams,927356,Nottingham Forest,14,6.89,2,3,1.97,3.96,19,46,5,2,1084,81.81,37,47,31.33,31,43.66,96,47,88,549,3206,37,6,1,ENG,2025-2026,datafc_sofascore,2026-08-11 14:44:58
17,76986,Maxence Lacroix,879674,Crystal Palace,7,6.89,1,2,2.38,0.89,7,24,3,2,1460,88.16,7,84,49.12,7,63.64,60,45,252,232,3087,35,4,1,ENG,2025-2026,datafc_sofascore,2026-08-11 14:44:58
17,76986,Ola Aina,800417,Nottingham Forest,14,6.89,0,0,0.4,0.82,1,12,0,0,533,84.74,10,36,53.73,15,44.12,31,25,71,229,1590,18,3,0,ENG,2025-2026,datafc_sofascore,2026-08-11 14:44:58
17,76986,Mateus Mané,1899647,Wolverhampton,3,6.89,3,1,2.01,3.69,17,42,7,0,286,76.27,31,12,35.29,31,36.9,28,5,26,323,1799,27,0,0,ENG,2025-2026,datafc_sofascore,2026-08-11 14:44:58
17,76986,Noussair Mazraoui,847030,Manchester United,35,6.89,0,0,0.19,0.36,0,5,0,0,474,87.29,7,19,47.5,8,53.33,28,14,54,102,1022,20,3,0,ENG,2025-2026,datafc_sofascore,2026-08-11 14:44:58
17,76986,Sam Johnstone,98427,Wolverhampton,3,6.88,0,0,,0.05,0,0,0,0,245,55.94,0,127,39.69,0,0.0,2,0,24,195,1080,12,0,0,ENG,2025-2026,datafc_sofascore,2026-08-11 14:44:58
17,76986,Nathan Patterson,1020141,Everton,48,6.88,0,0,0.03,0.04,1,1,0,0,64,76.19,0,4,30.77,1,20.0,10,2,17,39,266,7,0,0,ENG,2025-2026,datafc_sofascore,2026-08-11 14:44:58
17,76986,Harry Maguire,149380,Manchester United,35,6.88,1,2,1.11,0.52,4,14,2,1,733,86.13,4,47,42.73,1,50.0,22,13,105,129,1667,23,3,1,ENG,2025-2026,datafc_sofascore,2026-08-11 14:44:58
17,76986,Xavi Simons,997183,Tottenham Hotspur,33,6.88,2,5,3.08,3.86,10,42,7,3,665,82.92,35,36,62.07,28,42.42,34,15,12,310,1769,28,5,1,ENG,2025-2026,datafc_sofascore,2026-08-11 14:44:58
17,76986,Chris Richards,931844,Crystal Palace,7,6.88,1,0,2.36,1.38,2,15,1,1,1242,83.98,9,66,37.93,4,66.67,55,43,196,361,2826,33,4,0,ENG,2025-2026,datafc_sofascore,2026-08-11 14:44:58
17,76986,Kobbie Mainoo,1142175,Manchester United,35,6.88,1,2,0.48,1.28,3,13,1,0,934,89.21,22,22,56.41,19,54.29,36,20,25,199,1670,28,2,0,ENG,2025-2026,datafc_sofascore,2026-08-11 14:44:58
17,76986,Jorge Cuenca,868715,Fulham,43,6.88,0,0,0.05,0.56,0,1,1,0,553,88.34,3,26,35.14,2,40.0,16,16,75,81,965,15,6,0,ENG,2025-2026,datafc_sofascore,2026-08-11 14:44:58
17,76986,Samuel Chukwueze,822470,Fulham,43,6.87,3,4,2.07,3.3,7,25,4,2,305,73.85,24,16,69.57,18,46.15,6,7,10,206,1075,23,0,0,ENG,2025-2026,datafc_sofascore,2026-08-11 14:44:58
17,76986,Callum Hudson Odoi,867442,Nottingham Forest,14,6.87,3,4,2.8,2.98,10,30,5,1,586,89.19,44,24,64.86,30,51.72,14,8,14,248,1849,30,0,0,ENG,2025-2026,datafc_sofascore,2026-08-11 14:44:58
17,76986,Riccardo Calafiori,957602,Arsenal,42,6.87,1,2,3.34,0.76,8,32,0,3,647,85.58,9,20,47.62,16,66.67,32,15,50,201,1707,26,5,0,ENG,2025-2026,datafc_sofascore,2026-08-11 14:44:58
17,76986,Dango Ouattara,1106451,Brentford,50,6.87,7,3,7.72,4.17,20,56,12,13,306,63.09,27,18,46.15,23,28.75,24,24,52,438,2279,32,5,0,ENG,2025-2026,datafc_sofascore,2026-08-11 14:44:58
17,76986,Pau Torres,864169,Aston Villa,40,6.87,0,0,1.27,0.37,1,9,0,2,1040,89.04,1,53,42.74,7,63.64,22,11,61,154,1676,21,1,0,ENG,2025-2026,datafc_sofascore,2026-08-11 14:44:58
17,76986,Nico O'Reilly,1142703,Manchester City,17,6.87,5,3,6.03,2.69,15,41,6,7,1167,86.19,23,17,31.48,24,40.68,68,20,72,368,2648,34,5,0,ENG,2025-2026,datafc_sofascore,2026-08-11 14:44:58
17,76986,Ollie Watkins,555386,Aston Villa,40,6.87,16,3,15.14,1.3,38,83,4,19,346,72.69,23,4,50.0,26,46.43,22,6,15,281,2852,37,4,0,ENG,2025-2026,datafc_sofascore,2026-08-11 14:44:58
17,76986,Levi Colwill,996911,Chelsea,38,6.87,0,0,,0.11,0,0,0,0,173,90.1,0,3,27.27,0,0.0,3,5,14,22,225,3,0,0,ENG,2025-2026,datafc_sofascore,2026-08-11 14:44:58
17,76986,Đorđe Petrović,882604,Bournemouth,60,6.87,0,0,,0.02,0,0,0,0,580,64.37,0,146,31.6,0,0.0,0,0,62,331,3420,38,3,0,ENG,2025-2026,datafc_sofascore,2026-08-11 14:44:58
17,76986,Iliman Ndiaye,914309,Everton,48,6.87,6,3,6.71,4.41,22,43,7,3,790,83.95,30,6,31.58,73,54.48,70,16,19,410,2786,32,2,0,ENG,2025-2026,datafc_sofascore,2026-08-11 14:44:58
17,76986,Michael Kayode,1137431,Brentford,50,6.86,1,1,1.18,2.8,3,9,4,1,970,85.01,36,38,44.71,55,51.4,67,38,99,523,3264,37,8,0,ENG,2025-2026,datafc_sofascore,2026-08-11 14:44:58
17,76986,Mohammed Kudus,905163,Tottenham Hotspur,33,6.86,2,5,1.93,2.4,9,26,3,3,380,85.59,25,19,70.37,52,50.98,29,3,6,331,1545,19,3,0,ENG,2025-2026,datafc_sofascore,2026-08-11 14:44:58
17,76986,Maxim De Cuyper,997152,Brighton & Hove Albion,30,6.86,2,3,1.82,4.13,6,13,9,1,583,84.25,33,13,31.71,7,41.18,23,12,28,203,1443,30,2,0,ENG,2025-2026,datafc_sofascore,2026-08-11 14:44:58
17,76986,Mason Mount,836694,Manchester United,35,6.86,3,0,1.5,1.62,5,19,1,1,350,81.59,14,23,62.16,7,41.18,24,9,9,144,1018,23,2,0,ENG,2025-2026,datafc_sofascore,2026-08-11 14:44:58
17,76986,Sean Longstaff,866191,Leeds United,34,6.86,2,2,1.25,1.91,4,16,6,1,380,84.63,25,15,42.86,2,28.57,38,12,11,122,1046,23,2,0,ENG,2025-2026,datafc_sofascore,2026-08-11 14:44:58
17,76986,Sander Berge,793167,Fulham,43,6.86,0,1,1.54,1.5,3,15,3,3,1553,89.82,21,54,62.79,9,42.86,57,25,50,249,2911,35,5,0,ENG,2025-2026,datafc_sofascore,2026-08-11 14:44:58
17,76986,Antonín Kinský,1031251,Tottenham Hotspur,33,6.86,0,0,,0.01,0,0,0,0,137,62.84,0,41,33.61,0,0.0,0,0,10,81,630,7,1,0,ENG,2025-2026,datafc_sofascore,2026-08-11 14:44:58
17,76986,Sepp van den Berg,924378,Brentford,50,6.86,0,2,3.13,1.49,7,23,5,4,1259,88.54,7,53,51.46,1,100.0,23,29,195,184,2761,32,2,0,ENG,2025-2026,datafc_sofascore,2026-08-11 14:44:58
17,76986,Lewis Cook,548188,Bournemouth,60,6.86,0,1,0.08,0.54,0,3,0,0,429,86.14,11,26,45.61,3,75.0,25,24,26,120,905,18,1,1,ENG,2025-2026,datafc_sofascore,2026-08-11 14:44:58
17,76986,Yankuba Minteh,1400106,Brighton & Hove Albion,30,6.86,3,4,3.8,5.12,11,41,11,4,428,67.94,46,15,48.39,65,53.72,56,17,16,514,2398,34,3,0,ENG,2025-2026,datafc_sofascore,2026-08-11 14:44:58
17,76986,Emiliano Buendía,783126,Aston Villa,40,6.86,6,2,3.42,2.29,13,49,5,2,536,81.46,30,24,61.54,9,31.03,49,15,20,224,1784,36,6,0,ENG,2025-2026,datafc_sofascore,2026-08-11 14:44:58
17,76986,Antonee Robinson,803174,Fulham,43,6.85,1,0,1.07,1.57,1,6,1,0,640,80.0,22,33,43.42,12,57.14,48,29,55,306,1492,22,5,0,ENG,2025-2026,datafc_sofascore,2026-08-11 14:44:58
17,76986,Daichi Kamada,794338,Crystal Palace,7,6.85,0,0,1.65,3.24,4,19,5,1,693,84.0,20,31,54.39,12,50.0,63,14,23,234,1908,28,3,0,ENG,2025-2026,datafc_sofascore,2026-08-11 14:44:58
17,76986,Richarlison,840217,Tottenham Hotspur,33,6.85,11,4,8.09,1.46,26,61,5,10,197,62.15,20,10,58.82,12,37.5,27,5,51,257,1957,32,5,0,ENG,2025-2026,datafc_sofascore,2026-08-11 14:44:58
17,76986,Diogo Dalot,843200,Manchester United,35,6.85,1,3,2.0,2.57,6,24,5,4,962,84.98,29,41,61.19,18,66.67,53,27,92,343,2616,34,5,0,ENG,2025-2026,datafc_sofascore,2026-08-11 14:44:58
17,76986,Bernardo Silva,331209,Manchester City,17,6.85,2,4,2.56,4.08,7,30,7,1,1989,90.2,47,69,57.5,21,42.86,54,22,34,369,2890,38,10,0,ENG,2025-2026,datafc_sofascore,2026-08-11 14:44:58
17,76986,Emmanuel Agbadou,1013842,Wolverhampton,3,6.85,0,0,0.56,0.4,3,10,0,0,547,83.0,4,50,42.74,4,80.0,32,13,65,147,1101,14,1,1,ENG,2025-2026,datafc_sofascore,2026-08-11 14:44:58
17,76986,Florian Wirtz,1019322,Liverpool FC,44,6.85,5,3,7.03,5.17,18,51,5,8,1201,84.52,61,40,57.97,39,52.7,34,11,13,378,2388,33,1,0,ENG,2025-2026,datafc_sofascore,2026-08-11 14:44:58
17,76986,Noni Madueke,966547,Arsenal,42,6.85,3,1,1.22,2.83,10,26,7,2,313,76.16,22,11,55.0,29,47.54,21,5,8,257,1226,26,0,0,ENG,2025-2026,datafc_sofascore,2026-08-11 14:44:58
17,76986,Ross Barkley,98435,Aston Villa,40,6.85,3,1,1.51,1.35,8,18,4,2,357,87.71,10,14,73.68,13,65.0,14,2,10,89,865,21,1,0,ENG,2025-2026,datafc_sofascore,2026-08-11 14:44:58
17,76986,Bashir Humphreys,996910,Burnley,6,6.85,0,0,0.42,0.68,3,9,1,1,697,81.9,9,49,40.16,6,50.0,27,11,84,210,1578,20,6,0,ENG,2025-2026,datafc_sofascore,2026-08-11 14:44:58
17,76986,Yéremy Pino,984624,Crystal Palace,7,6.85,2,2,4.51,6.11,11,45,15,5,620,74.61,48,38,52.05,18,40.91,36,9,21,389,2100,34,4,0,ENG,2025-2026,datafc_sofascore,2026-08-11 14:44:58
17,76986,Curtis Jones,927353,Liverpool FC,44,6.85,1,2,2.77,2.79,7,23,4,3,1509,91.62,21,62,68.13,22,64.71,40,18,29,233,1950,34,2,0,ENG,2025-2026,datafc_sofascore,2026-08-11 14:44:58
17,76986,Morgan Rogers,948261,Aston Villa,40,6.85,10,6,6.78,4.3,32,84,13,4,797,74.63,47,37,61.67,42,35.59,42,13,32,619,3285,37,7,0,ENG,2025-2026,datafc_sofascore,2026-08-11 14:44:58
17,76986,Guglielmo Vicario,553606,Tottenham Hotspur,33,6.85,0,0,,0.06,0,0,0,0,718,67.04,1,157,31.21,0,0.0,1,0,37,361,2790,31,1,0,ENG,2025-2026,datafc_sofascore,2026-08-11 14:44:58
17,76986,Daniel Ballard,958878,Sunderland,41,6.84,2,0,2.46,0.66,9,26,3,7,906,82.14,15,58,37.18,3,60.0,33,20,185,221,2148,29,4,1,ENG,2025-2026,datafc_sofascore,2026-08-11 14:44:58
17,76986,Andrey Santos,1105779,Chelsea,38,6.84,1,0,2.0,0.88,2,11,1,3,718,90.09,8,14,50.0,2,40.0,37,20,18,101,1280,27,4,0,ENG,2025-2026,datafc_sofascore,2026-08-11 14:44:58
17,76986,Tyler Adams,800419,Bournemouth,60,6.84,2,2,0.6,0.61,6,10,2,0,880,87.13,7,33,48.53,6,50.0,53,33,42,176,1778,25,8,0,ENG,2025-2026,datafc_sofascore,2026-08-11 14:44:58
17,76986,Ben White,846036,Arsenal,42,6.84,0,1,0.46,0.68,1,5,3,0,289,81.64,8,10,32.26,3,75.0,15,9,25,100,713,12,0,0,ENG,2025-2026,datafc_sofascore,2026-08-11 14:44:58
17,76986,Kevin Danso,794953,Tottenham Hotspur,33,6.84,0,0,0.59,0.27,2,11,1,0,829,86.9,3,35,36.08,2,66.67,27,25,135,197,1507,24,8,0,ENG,2025-2026,datafc_sofascore,2026-08-11 14:44:58
17,76986,Bryan Mbeumo,927083,Manchester United,35,6.84,11,3,12.19,5.04,32,73,6,13,629,79.02,47,15,53.57,18,33.33,25,8,14,405,2621,33,4,0,ENG,2025-2026,datafc_sofascore,2026-08-11 14:44:58
17,76986,Tijjani Reijnders,893549,Manchester City,17,6.84,5,2,4.45,2.34,16,49,4,5,711,89.1,18,13,50.0,20,43.48,10,10,20,199,1640,28,2,0,ENG,2025-2026,datafc_sofascore,2026-08-11 14:44:58
17,76986,Douglas Luiz,867887,Aston Villa,40,6.84,1,0,0.53,1.43,5,11,3,2,588,90.05,19,29,59.18,6,46.15,23,15,12,128,944,21,3,0,ENG,2025-2026,datafc_sofascore,2026-08-11 14:44:58
17,76986,Lewis Hall,1136730,Newcastle United,39,6.84,1,1,1.01,2.75,6,25,5,1,1075,85.25,25,47,41.96,37,54.41,54,28,77,406,2179,30,4,0,ENG,2025-2026,datafc_sofascore,2026-08-11 14:44:58
17,76986,Jaydee Canvot,1471671,Crystal Palace,7,6.84,0,0,1.48,0.34,1,7,0,3,675,88.24,3,37,48.68,2,50.0,39,12,103,120,1347,20,3,0,ENG,2025-2026,datafc_sofascore,2026-08-11 14:44:58
17,76986,Mikel Merino,592010,Arsenal,42,6.84,4,3,3.38,1.46,8,22,4,5,281,75.95,12,8,34.78,5,41.67,26,10,19,136,1035,22,1,0,ENG,2025-2026,datafc_sofascore,2026-08-11 14:44:58
17,76986,Wesley Fofana,923894,Chelsea,38,6.83,0,1,0.72,0.62,1,8,1,0,1154,92.1,3,30,50.0,10,71.43,19,40,129,123,1726,25,5,2,ENG,2025-2026,datafc_sofascore,2026-08-11 14:44:58
17,76986,José Sá,252669,Wolverhampton,3,6.83,0,0,,0.08,0,0,0,0,416,59.94,1,143,34.54,0,0.0,1,0,47,281,2070,23,2,0,ENG,2025-2026,datafc_sofascore,2026-08-11 14:44:58
17,76986,Matty Cash,833956,Aston Villa,40,6.83,3,3,1.19,2.95,10,30,4,0,1191,85.5,31,56,42.42,11,55.0,66,22,84,442,3020,35,9,0,ENG,2025-2026,datafc_sofascore,2026-08-11 14:44:58
17,76986,Álex Jiménez,1184308,Bournemouth,60,6.83,1,0,1.13,1.61,4,21,2,0,696,80.18,14,41,46.59,39,52.0,69,27,41,334,2330,31,10,0,ENG,2025-2026,datafc_sofascore,2026-08-11 14:44:58
17,76986,André,1035996,Wolverhampton,3,6.83,1,0,0.52,0.99,1,15,1,0,1198,91.38,18,59,68.6,19,55.88,82,30,50,220,2766,35,12,0,ENG,2025-2026,datafc_sofascore,2026-08-11 14:44:58
17,76986,Ismaïla Sarr,845286,Crystal Palace,7,6.83,9,1,10.91,1.13,21,48,3,11,338,71.31,19,8,36.36,11,35.48,18,8,28,273,2176,28,2,0,ENG,2025-2026,datafc_sofascore,2026-08-11 14:44:58
17,76986,Tom Cairney,82566,Fulham,43,6.83,2,0,1.21,0.82,2,17,0,0,641,92.63,11,23,67.65,4,50.0,7,4,7,75,805,24,3,0,ENG,2025-2026,datafc_sofascore,2026-08-11 14:44:58
17,76986,Nicolás Domínguez,871765,Nottingham Forest,14,6.82,1,1,1.47,0.79,5,18,2,1,456,85.23,12,15,62.5,6,50.0,56,7,17,112,1193,27,3,0,ENG,2025-2026,datafc_sofascore,2026-08-11 14:44:58
17,76986,Dominic Solanke,361420,Tottenham Hotspur,33,6.82,3,0,2.43,0.35,11,20,1,3,117,74.05,6,2,33.33,13,50.0,22,3,11,111,1000,15,1,0,ENG,2025-2026,datafc_sofascore,2026-08-11 14:44:58
17,76986,Omar Alderete,805137,Sunderland,41,6.82,1,1,1.64,0.92,9,24,1,2,1057,81.06,9,78,40.0,17,80.95,32,36,217,299,2802,33,6,0,ENG,2025-2026,datafc_sofascore,2026-08-11 14:44:58
17,76986,Joël Veltman,219572,Brighton & Hove Albion,30,6.82,1,0,1.11,0.22,1,4,0,0,361,81.67,4,13,31.71,2,40.0,31,18,44,144,1073,24,5,0,ENG,2025-2026,datafc_sofascore,2026-08-11 14:44:58
17,76986,Zian Flemming,875137,Burnley,6,6.82,11,0,7.87,0.42,21,53,0,10,180,64.98,10,10,58.82,4,36.36,17,7,37,196,1808,29,5,0,ENG,2025-2026,datafc_sofascore,2026-08-11 14:44:58
17,76986,James Ward-Prowse,161717,Burnley,6,6.82,0,1,0.22,1.88,2,5,8,0,545,88.76,23,28,52.83,2,28.57,16,20,17,140,1109,18,1,0,ENG,2025-2026,datafc_sofascore,2026-08-11 14:44:58
17,76986,Mateo Kovačić,136710,Manchester City,17,6.82,0,1,0.16,0.44,0,2,1,0,135,91.22,4,3,50.0,2,66.67,2,2,4,21,134,6,0,0,ENG,2025-2026,datafc_sofascore,2026-08-11 14:44:58
17,76986,Calvin Bassey,861972,Fulham,43,6.81,1,0,1.72,0.39,2,13,0,0,1497,87.75,10,56,36.36,10,50.0,62,22,99,280,2544,30,5,0,ENG,2025-2026,datafc_sofascore,2026-08-11 14:44:58
17,76986,Idrissa Gana Gueye,106337,Everton,48,6.81,2,3,2.0,1.77,7,29,2,0,930,87.32,13,20,45.45,7,33.33,43,28,24,205,2101,25,1,1,ENG,2025-2026,datafc_sofascore,2026-08-11 14:44:58
17,76986,Alisson,243609,Liverpool FC,44,6.81,0,0,,0.04,0,0,0,0,644,79.02,0,108,39.42,0,0.0,0,0,37,179,2340,26,1,0,ENG,2025-2026,datafc_sofascore,2026-08-11 14:44:58
17,76986,Ferdi Kadıoğlu,825844,Brighton & Hove Albion,30,6.81,1,0,2.03,3.33,13,28,2,3,1170,85.59,22,44,47.31,12,54.55,57,26,81,394,3134,37,6,0,ENG,2025-2026,datafc_sofascore,2026-08-11 14:44:58
17,76986,Nikola Milenković,836168,Nottingham Forest,14,6.81,0,0,0.84,0.72,1,16,1,2,1333,86.61,3,84,41.38,3,100.0,31,29,218,224,3375,38,6,0,ENG,2025-2026,datafc_sofascore,2026-08-11 14:44:58
17,76986,Eli Junior Kroupi,1426228,Bournemouth,60,6.81,13,0,8.35,1.53,22,52,3,3,355,76.02,22,16,64.0,15,40.54,9,9,33,208,1690,33,5,0,ENG,2025-2026,datafc_sofascore,2026-08-11 14:44:58
17,76986,William Osula,1122603,Newcastle United,39,6.81,7,0,4.29,0.62,12,23,0,4,65,80.25,6,0,0.0,8,50.0,6,1,0,68,863,24,0,0,ENG,2025-2026,datafc_sofascore,2026-08-11 14:44:58
17,76986,Tyrick Mitchell,988275,Crystal Palace,7,6.81,1,2,1.61,2.52,7,19,4,3,809,73.08,29,39,26.71,15,34.88,101,34,100,521,3253,38,6,0,ENG,2025-2026,datafc_sofascore,2026-08-11 14:44:58
17,76986,Kaoru Mitoma,936849,Brighton & Hove Albion,30,6.8,3,1,4.06,2.84,13,32,4,8,473,82.4,31,12,63.16,28,44.44,18,9,17,249,1721,25,5,0,ENG,2025-2026,datafc_sofascore,2026-08-11 14:44:58
17,76986,Lutsharel Geertruida,856739,Sunderland,41,6.8,0,0,1.15,0.83,3,11,1,1,640,86.14,8,26,48.15,7,58.33,37,19,47,153,1702,28,2,0,ENG,2025-2026,datafc_sofascore,2026-08-11 14:44:58
17,76986,Jordan Henderson,42694,Brentford,50,6.8,1,3,0.33,2.45,1,6,8,0,902,77.89,19,71,37.37,3,37.5,27,17,34,318,1929,32,6,0,ENG,2025-2026,datafc_sofascore,2026-08-11 14:44:58
17,76986,Marcus Tavernier,895576,Bournemouth,60,6.8,7,4,9.06,4.64,24,70,9,8,943,83.6,55,30,38.96,39,43.82,40,17,39,464,2738,34,6,0,ENG,2025-2026,datafc_sofascore,2026-08-11 14:44:58
17,76986,Harrison Reed,365802,Fulham,43,6.8,1,0,0.13,0.46,1,2,0,0,40,93.02,3,3,75.0,0,0.0,0,0,1,6,126,7,0,0,ENG,2025-2026,datafc_sofascore,2026-08-11 14:44:58
17,76986,Alphonse Aréola,96531,West Ham United,37,6.8,0,1,,0.03,0,0,0,0,252,46.67,1,127,30.68,0,0.0,0,1,29,294,1800,20,0,0,ENG,2025-2026,datafc_sofascore,2026-08-11 14:44:58
17,76986,Freddie Potts,1089582,West Ham United,37,6.8,0,1,0.21,1.07,1,3,2,0,445,83.65,8,27,47.37,2,25.0,29,17,31,137,1167,22,1,0,ENG,2025-2026,datafc_sofascore,2026-08-11 14:44:58
17,76986,Jerome Abbey,2263877,Wolverhampton,3,6.8,0,0,,0.0,0,0,0,0,1,20.0,0,0,0.0,0,0.0,1,1,0,4,16,1,0,0,ENG,2025-2026,datafc_sofascore,2026-08-11 14:44:58
17,76986,Dário Essugo,1110006,Chelsea,38,6.8,0,0,,0.01,0,0,0,0,21,84.0,0,0,0.0,2,100.0,6,0,1,7,34,3,2,0,ENG,2025-2026,datafc_sofascore,2026-08-11 14:44:58
17,76986,Nathan Aké,149663,Manchester City,17,6.8,0,0,0.72,0.53,1,6,2,1,440,88.71,7,7,28.0,0,0.0,8,5,31,68,703,18,1,0,ENG,2025-2026,datafc_sofascore,2026-08-11 14:44:58
17,76986,Veljko Milosavljević,1406130,Bournemouth,60,6.8,0,0,0.15,0.2,0,1,0,1,160,84.21,1,8,30.77,1,100.0,5,4,25,34,375,7,0,0,ENG,2025-2026,datafc_sofascore,2026-08-11 14:44:58
17,76986,Rio Cardines,1469007,Crystal Palace,7,6.8,0,0,0.02,0.16,0,1,2,0,25,75.76,2,1,33.33,2,50.0,1,0,2,18,90,1,0,0,ENG,2025-2026,datafc_sofascore,2026-08-11 14:44:58
17,76986,Pascal Struijk,836675,Leeds United,34,6.79,0,1,3.02,0.78,5,31,2,4,1627,88.47,12,71,46.41,4,66.67,39,31,207,249,2937,34,5,0,ENG,2025-2026,datafc_sofascore,2026-08-11 14:44:58
17,76986,Joelinton,560128,Newcastle United,39,6.79,2,1,2.39,1.35,11,32,3,1,694,82.72,17,22,64.71,16,53.33,43,30,40,225,1953,27,10,0,ENG,2025-2026,datafc_sofascore,2026-08-11 14:44:58
17,76986,Oscar Bobb,1065216,Fulham,43,6.79,0,1,1.48,2.11,3,12,1,1,344,85.79,22,2,25.0,27,60.0,21,9,3,136,1050,23,1,0,ENG,2025-2026,datafc_sofascore,2026-08-11 14:44:58
17,76986,Will Hughes,193554,Crystal Palace,7,6.79,0,0,1.09,1.89,0,17,1,1,551,81.27,21,24,43.64,11,61.11,27,15,28,194,1577,31,7,0,ENG,2025-2026,datafc_sofascore,2026-08-11 14:44:58
17,76986,Adrien Truffert,999028,Bournemouth,60,6.79,1,5,1.36,2.98,6,16,4,1,1302,83.46,32,38,31.67,33,45.21,103,48,143,506,3380,38,5,0,ENG,2025-2026,datafc_sofascore,2026-08-11 14:44:58
17,76986,Pape Matar Sarr,1002711,Tottenham Hotspur,33,6.79,2,4,1.72,1.1,6,17,3,1,538,84.99,11,20,57.14,13,59.09,33,18,47,151,1399,26,3,0,ENG,2025-2026,datafc_sofascore,2026-08-11 14:44:58
17,76986,Alejandro Garnacho,1135873,Chelsea,38,6.79,1,4,3.45,3.68,7,33,6,7,413,87.32,29,13,100.0,14,35.9,15,4,6,193,1283,24,2,0,ENG,2025-2026,datafc_sofascore,2026-08-11 14:44:58
17,76986,Yasin Ayari,1036269,Brighton & Hove Albion,30,6.78,3,3,2.71,1.14,10,41,2,0,829,86.09,16,40,58.82,18,37.5,47,26,24,240,1941,29,1,0,ENG,2025-2026,datafc_sofascore,2026-08-11 14:44:58
17,76986,Matz Sels,78152,Nottingham Forest,14,6.78,0,0,,0.09,0,0,0,0,448,57.14,1,150,31.12,0,0.0,1,0,26,342,2667,31,2,0,ENG,2025-2026,datafc_sofascore,2026-08-11 14:44:58
17,76986,Jean-Ricner Bellegarde,845273,Wolverhampton,3,6.78,1,1,0.99,1.12,7,21,2,0,340,79.44,14,26,56.52,18,60.0,28,10,20,175,1251,26,5,0,ENG,2025-2026,datafc_sofascore,2026-08-11 14:44:58
17,76986,Tino Livramento,980634,Newcastle United,39,6.78,0,1,0.14,0.95,0,3,1,0,580,88.82,11,20,58.82,14,43.75,22,6,39,188,1328,17,1,0,ENG,2025-2026,datafc_sofascore,2026-08-11 14:44:58
17,76986,Noah Sadiki,1171539,Sunderland,41,6.78,0,1,1.46,1.44,5,18,0,1,944,85.35,19,38,46.34,27,61.36,46,34,44,274,2894,33,9,0,ENG,2025-2026,datafc_sofascore,2026-08-11 14:44:58
17,76986,Jaidon Anthony,1020680,Burnley,6,6.78,8,2,5.13,2.87,23,55,6,3,717,79.93,37,29,47.54,36,35.64,42,15,27,461,2743,37,4,0,ENG,2025-2026,datafc_sofascore,2026-08-11 14:44:58
17,76986,Kevin,1112879,Fulham,43,6.77,1,1,1.2,1.48,10,25,1,1,259,76.4,14,20,74.07,44,50.0,21,9,8,218,1037,26,1,0,ENG,2025-2026,datafc_sofascore,2026-08-11 14:44:58
17,76986,Mads Hermansen,856640,West Ham United,37,6.77,0,1,,0.03,0,0,0,0,345,58.18,2,82,25.15,0,0.0,0,0,20,253,1620,18,0,0,ENG,2025-2026,datafc_sofascore,2026-08-11 14:44:58
17,76986,João Gomes,1015267,Wolverhampton,3,6.77,1,1,1.28,2.08,7,19,2,0,1245,85.57,16,39,54.17,43,64.18,107,36,45,364,2843,35,10,0,ENG,2025-2026,datafc_sofascore,2026-08-11 14:44:58
17,76986,Max Dowman,1917626,Arsenal,42,6.77,1,0,1.18,0.32,1,6,0,0,46,88.46,4,1,100.0,6,35.29,2,1,0,36,162,6,0,0,ENG,2025-2026,datafc_sofascore,2026-08-11 14:44:58
17,76986,Harvey Barnes,855647,Newcastle United,39,6.76,7,1,7.07,2.75,21,58,4,9,472,80.68,24,8,50.0,13,28.89,13,3,16,281,1961,37,1,0,ENG,2025-2026,datafc_sofascore,2026-08-11 14:44:58
17,76986,Trai Hume,989034,Sunderland,41,6.76,2,1,2.15,2.01,7,34,1,4,790,75.38,29,42,42.0,5,26.32,67,25,99,443,3037,38,9,0,ENG,2025-2026,datafc_sofascore,2026-08-11 14:44:58
17,76986,Kevin Schade,1006387,Brentford,50,6.76,8,3,12.18,2.08,24,57,7,15,357,67.74,29,7,38.89,20,26.67,41,18,31,388,2757,35,6,1,ENG,2025-2026,datafc_sofascore,2026-08-11 14:44:58
17,76986,Santiago Bueno,846308,Wolverhampton,3,6.76,3,1,2.28,1.45,7,10,1,1,938,86.45,10,56,45.53,0,0.0,50,27,116,175,2553,29,4,0,ENG,2025-2026,datafc_sofascore,2026-08-11 14:44:58
17,76986,Lucas Digne,96538,Aston Villa,40,6.76,0,6,0.72,3.26,5,14,4,0,591,80.85,26,12,21.43,4,36.36,36,15,61,292,1866,31,3,0,ENG,2025-2026,datafc_sofascore,2026-08-11 14:44:58
17,76986,Filip Jørgensen,962053,Chelsea,38,6.76,0,0,,0.0,0,0,0,0,130,76.02,0,18,31.58,1,100.0,0,1,2,42,378,5,0,0,ENG,2025-2026,datafc_sofascore,2026-08-11 14:44:58
17,76986,Estêvão,1597265,Chelsea,38,6.76,2,2,2.92,2.2,8,28,4,2,218,80.74,16,5,55.56,29,41.43,11,4,5,153,852,22,4,0,ENG,2025-2026,datafc_sofascore,2026-08-11 14:44:58
17,76986,Amine Adli,991478,Bournemouth,60,6.76,3,1,2.6,1.62,9,20,1,4,319,77.24,16,2,20.0,8,36.36,36,7,17,179,1106,31,2,0,ENG,2025-2026,datafc_sofascore,2026-08-11 14:44:58
17,76986,Nathan Collins,958916,Brentford,50,6.75,1,2,2.28,1.62,6,20,5,4,1457,83.11,11,88,35.63,7,70.0,31,37,209,333,2972,35,7,0,ENG,2025-2026,datafc_sofascore,2026-08-11 14:44:58
17,76986,Savinho,1046795,Manchester City,17,6.75,1,1,2.33,1.62,11,20,0,6,309,82.84,9,5,31.25,17,32.08,9,5,6,171,846,24,2,0,ENG,2025-2026,datafc_sofascore,2026-08-11 14:44:58
17,76986,Tim Iroegbunam,1085950,Everton,48,6.75,0,2,0.6,0.71,1,12,3,0,399,81.43,8,9,52.94,15,37.5,68,22,9,173,1505,29,9,0,ENG,2025-2026,datafc_sofascore,2026-08-11 14:44:58
17,76986,Benjamin Šeško,986397,Manchester United,35,6.75,11,1,9.2,0.28,34,61,0,12,211,68.95,9,4,66.67,10,33.33,5,3,15,190,1635,30,2,0,ENG,2025-2026,datafc_sofascore,2026-08-11 14:44:58
17,76986,Axel Disasi,827243,West Ham United,37,6.75,0,0,1.02,0.05,3,5,0,1,490,86.57,1,30,42.25,2,100.0,14,13,49,89,1255,14,1,0,ENG,2025-2026,datafc_sofascore,2026-08-11 14:44:58
17,76986,Tomáš Souček,799041,West Ham United,37,6.75,5,0,5.68,0.53,14,26,1,4,698,77.73,11,34,45.33,4,36.36,43,16,83,262,2215,35,3,1,ENG,2025-2026,datafc_sofascore,2026-08-11 14:44:58
17,76986,Jean-Philippe Mateta,848276,Crystal Palace,7,6.75,12,0,14.51,1.31,32,63,2,20,196,62.22,9,11,61.11,14,45.16,10,6,46,254,2222,32,2,0,ENG,2025-2026,datafc_sofascore,2026-08-11 14:44:58
17,76986,Yehor Yarmoliuk,1031258,Brentford,50,6.75,1,2,1.2,1.39,4,16,1,0,1136,84.34,15,67,47.52,15,35.71,70,28,41,328,2675,37,7,0,ENG,2025-2026,datafc_sofascore,2026-08-11 14:44:58
17,76986,Bertrand Traoré,218160,Sunderland,41,6.75,1,0,0.52,0.24,6,13,2,0,143,79.44,8,3,37.5,14,63.64,11,2,6,91,638,12,1,0,ENG,2025-2026,datafc_sofascore,2026-08-11 14:44:58
17,76986,Sebastiaan Bornauw,826167,Leeds United,34,6.74,0,0,0.2,0.02,0,1,0,0,121,82.88,0,11,55.0,1,50.0,8,5,30,32,439,12,1,0,ENG,2025-2026,datafc_sofascore,2026-08-11 14:44:58
17,76986,Diego Gómez,1065588,Brighton & Hove Albion,30,6.74,5,1,6.29,1.71,14,42,4,7,587,77.95,21,17,41.46,19,46.34,78,18,28,302,2136,32,9,0,ENG,2025-2026,datafc_sofascore,2026-08-11 14:44:58
17,76986,Omari Hutchinson,1090963,Nottingham Forest,14,6.74,1,5,1.94,3.91,11,25,8,2,447,83.09,33,12,44.44,41,51.9,22,12,8,316,1694,31,1,0,ENG,2025-2026,datafc_sofascore,2026-08-11 14:44:58
17,76986,Hannibal Mejbri,1009386,Burnley,6,6.74,1,4,0.89,2.06,5,19,5,0,394,77.25,21,18,40.0,20,58.82,29,8,7,222,1253,27,10,0,ENG,2025-2026,datafc_sofascore,2026-08-11 14:44:58
17,76986,Ethan Nwaneri,1401702,Arsenal,42,6.74,0,0,0.23,0.08,0,6,0,0,79,90.8,1,5,55.56,3,37.5,1,0,1,20,175,6,0,0,ENG,2025-2026,datafc_sofascore,2026-08-11 14:44:58
17,76986,Oleksandr Zinchenko,287643,Nottingham Forest,14,6.74,0,0,0.08,0.36,2,4,1,0,231,90.59,5,8,53.33,1,50.0,10,2,11,48,353,5,0,0,ENG,2025-2026,datafc_sofascore,2026-08-11 14:44:58
17,76986,Omar Marmoush,873554,Manchester City,17,6.74,3,3,2.71,0.79,9,30,3,2,141,87.04,12,1,100.0,10,45.45,13,2,2,75,734,21,3,0,ENG,2025-2026,datafc_sofascore,2026-08-11 14:44:58
17,76986,Roméo Lavia,1069488,Chelsea,38,6.74,0,0,0.2,0.54,0,3,1,0,263,92.61,1,12,85.71,3,60.0,8,5,4,39,377,12,0,0,ENG,2025-2026,datafc_sofascore,2026-08-11 14:44:58
17,76986,Ao Tanaka,871886,Leeds United,34,6.73,2,0,1.61,1.47,5,17,1,1,590,85.51,18,21,48.84,4,36.36,27,21,15,163,1326,28,1,0,ENG,2025-2026,datafc_sofascore,2026-08-11 14:44:58
17,76986,Valentín Castellanos,877013,West Ham United,37,6.73,6,0,5.8,0.81,22,50,1,9,161,64.4,12,2,22.22,2,16.67,11,6,21,148,1395,18,6,0,ENG,2025-2026,datafc_sofascore,2026-08-11 14:44:58
17,76986,Jefferson Lerma,355796,Crystal Palace,7,6.73,0,2,1.82,1.48,7,19,3,3,692,79.45,14,44,44.9,3,42.86,29,25,61,251,1730,31,7,0,ENG,2025-2026,datafc_sofascore,2026-08-11 14:44:58
17,76986,Timothy Castagne,329417,Fulham,43,6.73,0,0,1.42,1.46,6,14,3,1,687,86.31,18,33,55.93,3,50.0,40,31,65,177,1872,30,4,0,ENG,2025-2026,datafc_sofascore,2026-08-11 14:44:58
17,76986,Soungoutou Magassa,1170560,West Ham United,37,6.73,1,0,0.44,0.31,2,7,1,0,327,80.74,5,19,52.78,5,62.5,40,16,14,109,998,22,4,0,ENG,2025-2026,datafc_sofascore,2026-08-11 14:44:58
17,76986,Micky van de Ven,998247,Tottenham Hotspur,33,6.73,4,1,2.53,0.37,6,16,1,1,1601,90.45,6,68,44.74,11,73.33,39,22,131,203,3043,35,9,1,ENG,2025-2026,datafc_sofascore,2026-08-11 14:44:58
17,76986,Brenden Aaronson,973431,Leeds United,34,6.73,4,5,4.55,3.63,17,47,9,4,542,81.14,34,7,29.17,31,36.9,50,15,17,364,2473,37,3,0,ENG,2025-2026,datafc_sofascore,2026-08-11 14:44:58
17,76986,Mats Wieffer,959628,Brighton & Hove Albion,30,6.73,2,3,1.93,1.87,6,18,4,2,733,83.2,20,40,54.05,9,45.0,66,25,71,248,1914,26,8,0,ENG,2025-2026,datafc_sofascore,2026-08-11 14:44:58
17,76986,Ryan Christie,322391,Bournemouth,60,6.73,2,0,1.92,0.83,8,25,2,1,428,78.24,11,25,40.32,19,48.72,27,12,18,191,986,26,3,1,ENG,2025-2026,datafc_sofascore,2026-08-11 14:44:58
17,76986,Rodrigo Bentancur,791190,Tottenham Hotspur,33,6.73,1,1,0.74,0.83,3,13,1,1,873,85.76,10,19,43.18,20,62.5,56,35,48,201,1892,26,7,0,ENG,2025-2026,datafc_sofascore,2026-08-11 14:44:58
17,76986,Kai Havertz,836705,Arsenal,42,6.73,2,3,3.31,0.66,4,18,2,6,123,74.1,11,1,33.33,3,50.0,8,1,8,85,583,12,1,0,ENG,2025-2026,datafc_sofascore,2026-08-11 14:44:58
17,76986,Matt O'Riley,891829,Brighton & Hove Albion,30,6.73,1,0,1.2,0.17,2,4,0,1,61,87.14,4,1,33.33,0,0.0,5,0,2,22,203,6,0,0,ENG,2025-2026,datafc_sofascore,2026-08-11 14:44:58
17,76986,Ethan Pinnock,855864,Brentford,50,6.73,0,0,0.01,0.06,1,1,0,0,110,82.71,0,9,50.0,1,100.0,5,5,27,27,321,4,1,0,ENG,2025-2026,datafc_sofascore,2026-08-11 14:44:58
17,76986,El Hadji Malick Diouf,1471764,West Ham United,37,6.72,0,5,0.57,2.49,4,18,5,0,772,74.37,30,57,30.65,23,48.94,44,33,116,492,2711,32,6,0,ENG,2025-2026,datafc_sofascore,2026-08-11 14:44:58
17,76986,Jacob Murphy,372336,Newcastle United,39,6.72,3,2,3.15,2.74,13,42,10,3,366,73.35,23,20,52.63,20,50.0,16,6,17,315,1627,33,2,0,ENG,2025-2026,datafc_sofascore,2026-08-11 14:44:58
17,76986,Lesley Ugochukwu,1048916,Burnley,6,6.72,3,1,2.5,0.42,8,23,0,1,657,83.38,10,25,53.19,16,50.0,51,18,24,214,2359,35,1,1,ENG,2025-2026,datafc_sofascore,2026-08-11 14:44:58
17,76986,Angel Gomes,867441,Wolverhampton,3,6.72,0,0,0.26,0.28,2,6,0,0,161,85.64,6,10,66.67,4,66.67,10,0,4,56,488,12,1,0,ENG,2025-2026,datafc_sofascore,2026-08-11 14:44:58
17,76986,Jeremie Frimpong,970361,Liverpool FC,44,6.71,0,1,0.51,1.58,2,10,5,0,373,84.58,15,7,28.0,18,54.55,11,6,13,173,1068,21,1,0,ENG,2025-2026,datafc_sofascore,2026-08-11 14:44:58
17,76986,Mathys Tel,1048888,Tottenham Hotspur,33,6.71,4,1,2.44,2.43,8,35,5,4,278,77.44,30,13,52.0,39,49.37,19,6,12,286,1358,31,1,0,ENG,2025-2026,datafc_sofascore,2026-08-11 14:44:58
17,76986,Andy Robertson,262911,Liverpool FC,44,6.71,1,0,1.1,1.39,3,10,3,0,592,83.26,20,27,38.03,3,50.0,12,8,32,191,1188,24,0,0,ENG,2025-2026,datafc_sofascore,2026-08-11 14:44:58
17,76986,Alexis Mac Allister,895324,Liverpool FC,44,6.71,2,4,3.89,1.68,12,52,4,2,1245,86.58,36,48,50.53,11,40.74,53,21,35,290,2675,37,7,0,ENG,2025-2026,datafc_sofascore,2026-08-11 14:44:58
17,76986,Giorgi Mamardashvili,930997,Liverpool FC,44,6.71,0,0,,0.01,0,0,0,0,202,70.38,0,36,30.25,0,0.0,1,1,9,93,868,10,0,0,ENG,2025-2026,datafc_sofascore,2026-08-11 14:44:58
17,76986,Ryan Yates,846252,Nottingham Forest,14,6.71,0,2,0.5,0.39,2,9,0,2,203,78.08,5,4,30.77,1,50.0,16,9,23,75,629,22,3,0,ENG,2025-2026,datafc_sofascore,2026-08-11 14:44:58
17,76986,Ilia Gruev,911679,Leeds United,34,6.71,0,3,0.47,0.88,1,7,2,1,523,89.55,11,19,67.86,6,85.71,24,15,19,95,1334,23,3,0,ENG,2025-2026,datafc_sofascore,2026-08-11 14:44:58
17,76986,Ladislav Krejčí,856250,Wolverhampton,3,6.71,2,1,2.22,1.49,10,21,2,3,1087,82.54,9,88,42.31,2,50.0,32,32,117,287,2361,28,3,1,ENG,2025-2026,datafc_sofascore,2026-08-11 14:44:58
17,76986,Charalampos Kostoulas,1416535,Brighton & Hove Albion,30,6.7,2,1,2.14,0.56,8,21,3,2,95,74.8,10,1,25.0,11,40.74,11,1,4,87,386,21,2,0,ENG,2025-2026,datafc_sofascore,2026-08-11 14:44:58
17,76986,Luke Shaw,190839,Manchester United,35,6.7,1,1,0.71,1.98,3,10,1,0,1486,86.8,16,59,49.58,10,50.0,74,46,95,346,3231,38,9,0,ENG,2025-2026,datafc_sofascore,2026-08-11 14:44:58
17,76986,Kieran Trippier,69256,Newcastle United,39,6.7,0,1,0.08,2.01,0,2,1,0,861,81.15,28,49,39.52,4,40.0,26,10,48,304,1592,21,3,0,ENG,2025-2026,datafc_sofascore,2026-08-11 14:44:58
17,76986,Wataru Endo,143040,Liverpool FC,44,6.7,0,1,0.04,0.05,0,1,0,0,80,85.11,1,5,83.33,0,0.0,7,0,13,27,206,8,1,0,ENG,2025-2026,datafc_sofascore,2026-08-11 14:44:58
17,76986,Antoni Milambo,1126692,Brentford,50,6.7,0,0,,0.01,0,0,0,0,8,72.73,0,0,0.0,0,0.0,3,0,0,4,45,1,0,0,ENG,2025-2026,datafc_sofascore,2026-08-11 14:44:58
17,76986,Jocelin Ta Bi,2138729,Sunderland,41,6.7,0,0,,0.04,0,0,0,0,2,100.0,0,0,0.0,2,66.67,1,0,0,9,39,1,0,0,ENG,2025-2026,datafc_sofascore,2026-08-11 14:44:58
17,76986,Jun'ai Byfield,1913038,Tottenham Hotspur,33,6.7,0,0,,0.0,0,0,0,0,4,80.0,0,0,0.0,0,0.0,0,0,0,1,10,1,0,0,ENG,2025-2026,datafc_sofascore,2026-08-11 14:44:58
17,76986,Alex Murphy,1125214,Newcastle United,39,6.7,0,0,,0.0,0,0,0,0,7,100.0,0,0,0.0,0,0.0,0,1,2,0,16,2,0,0,ENG,2025-2026,datafc_sofascore,2026-08-11 14:44:58
17,76986,Diego Coppola,1050692,Brighton & Hove Albion,30,6.7,0,0,,0.02,0,0,0,0,101,88.6,0,2,25.0,1,100.0,2,1,13,15,201,5,2,0,ENG,2025-2026,datafc_sofascore,2026-08-11 14:44:58
17,76986,James Maddison,356398,Tottenham Hotspur,33,6.7,0,0,0.21,0.06,0,2,0,1,35,94.59,0,3,75.0,0,0.0,1,0,0,13,50,3,0,0,ENG,2025-2026,datafc_sofascore,2026-08-11 14:44:58
17,76986,Jesse Derry,1550775,Chelsea,38,6.7,0,0,0.1,0.02,1,2,0,0,12,92.31,0,0,0.0,0,0.0,1,0,0,6,44,1,0,0,ENG,2025-2026,datafc_sofascore,2026-08-11 14:44:58
17,76986,Joe Rodon,828640,Leeds United,34,6.7,2,0,1.41,0.57,7,18,1,1,1267,87.38,9,38,40.0,1,50.0,37,29,185,239,2953,35,3,0,ENG,2025-2026,datafc_sofascore,2026-08-11 14:44:58
17,76986,Jake O'Brien,998253,Everton,48,6.69,1,1,1.74,0.99,6,13,0,1,798,73.96,17,41,30.83,6,30.0,57,15,144,476,3131,37,6,1,ENG,2025-2026,datafc_sofascore,2026-08-11 14:44:58
17,76986,Florentino Luís,855845,Burnley,6,6.69,0,2,0.66,0.55,2,13,0,2,891,85.51,13,47,65.28,7,33.33,90,41,56,218,2118,31,6,0,ENG,2025-2026,datafc_sofascore,2026-08-11 14:44:58
17,76986,Vitaliy Mykolenko,876643,Everton,48,6.69,0,1,0.29,2.46,2,9,1,0,948,79.8,23,53,32.52,10,33.33,51,30,145,484,2960,33,6,0,ENG,2025-2026,datafc_sofascore,2026-08-11 14:44:58
17,76986,Manuel Ugarte,846425,Manchester United,35,6.69,0,0,0.71,0.2,1,13,0,1,427,85.06,3,13,48.15,7,70.0,46,20,20,104,900,22,1,0,ENG,2025-2026,datafc_sofascore,2026-08-11 14:44:58
17,76986,James Milner,791,Brighton & Hove Albion,30,6.69,1,1,1.02,0.63,2,8,1,0,423,86.86,8,20,42.55,1,50.0,15,6,19,84,802,20,2,0,ENG,2025-2026,datafc_sofascore,2026-08-11 14:44:58
17,76986,Lukas Nmecha,803185,Leeds United,34,6.69,6,1,7.23,1.56,16,30,2,7,142,65.74,11,6,75.0,7,53.85,12,3,11,146,1092,31,0,0,ENG,2025-2026,datafc_sofascore,2026-08-11 14:44:58
17,76986,Jacob Ramsey,975937,Newcastle United,39,6.69,2,3,1.19,1.43,4,16,2,1,635,89.82,22,16,69.57,15,50.0,41,9,10,128,1465,28,3,1,ENG,2025-2026,datafc_sofascore,2026-08-11 14:44:58
17,76986,Conor Gallagher,904970,Tottenham Hotspur,33,6.69,1,1,1.07,0.72,4,11,1,2,444,84.73,13,20,62.5,13,61.9,23,18,6,146,1196,16,2,0,ENG,2025-2026,datafc_sofascore,2026-08-11 14:44:58
17,76986,Dominic Calvert-Lewin,372344,Leeds United,34,6.69,14,1,15.81,1.09,34,74,2,20,269,58.48,20,5,50.0,8,26.67,10,4,36,358,2726,35,3,0,ENG,2025-2026,datafc_sofascore,2026-08-11 14:44:58
17,76986,Luca Netz,979144,Nottingham Forest,14,6.69,0,0,,0.42,0,0,0,0,83,83.0,2,5,50.0,2,50.0,12,3,9,28,355,7,0,0,ENG,2025-2026,datafc_sofascore,2026-08-11 14:44:58
17,76986,Danny Welbeck,33902,Brighton & Hove Albion,30,6.68,13,1,12.44,1.4,28,56,4,11,386,79.42,20,5,55.56,11,40.74,24,9,30,193,2268,37,5,0,ENG,2025-2026,datafc_sofascore,2026-08-11 14:44:58
17,76986,Oliver Sonne,1008456,Burnley,6,6.68,1,0,0.55,0.09,1,3,0,0,39,66.1,1,3,42.86,1,33.33,2,1,4,31,165,7,0,0,ENG,2025-2026,datafc_sofascore,2026-08-11 14:44:58
17,76986,Raúl Jiménez,192442,Fulham,43,6.68,9,3,11.5,0.93,19,74,2,9,329,63.51,25,16,61.54,10,37.04,35,8,30,303,2206,36,5,0,ENG,2025-2026,datafc_sofascore,2026-08-11 14:44:58
17,76986,Marcus Edwards,795066,Burnley,6,6.68,1,3,1.49,1.85,6,23,6,2,279,82.54,20,6,50.0,14,36.84,11,2,4,170,1073,23,0,0,ENG,2025-2026,datafc_sofascore,2026-08-11 14:44:58
17,76986,Habib Diarra,1128532,Sunderland,41,6.68,2,2,3.41,0.83,8,26,1,2,357,81.88,7,4,26.67,6,27.27,14,4,13,152,1407,20,6,0,ENG,2025-2026,datafc_sofascore,2026-08-11 14:44:58
17,76986,Hugo Bueno,1013928,Wolverhampton,3,6.67,1,2,0.86,3.51,6,16,6,0,683,80.54,38,25,33.78,31,40.26,67,38,67,426,2375,35,3,0,ENG,2025-2026,datafc_sofascore,2026-08-11 14:44:58
17,76986,Jadon Sancho,851100,Aston Villa,40,6.67,0,2,0.58,1.94,3,10,3,1,316,83.6,21,2,66.67,16,55.17,7,2,9,128,891,23,0,0,ENG,2025-2026,datafc_sofascore,2026-08-11 14:44:58
17,76986,Nick Woltemade,980623,Newcastle United,39,6.67,8,3,6.59,1.53,13,32,5,6,293,76.3,22,8,53.33,13,37.14,24,5,21,216,1939,33,0,0,ENG,2025-2026,datafc_sofascore,2026-08-11 14:44:58
17,76986,Hjalmar Ekdal,875360,Burnley,6,6.67,0,0,0.26,0.27,1,6,0,1,579,85.02,4,30,38.46,2,50.0,24,12,125,116,1539,19,0,0,ENG,2025-2026,datafc_sofascore,2026-08-11 14:44:58
17,76986,Victor Lindelöf,143334,Aston Villa,40,6.67,0,1,0.28,0.12,0,3,1,1,602,94.21,2,13,48.15,0,0.0,7,8,34,41,985,17,0,0,ENG,2025-2026,datafc_sofascore,2026-08-11 14:44:58
17,76986,Kyle Walker-Peters,823085,West Ham United,37,6.67,1,0,1.13,0.38,3,5,1,0,510,85.57,7,15,37.5,16,66.67,44,9,34,160,1396,23,2,0,ENG,2025-2026,datafc_sofascore,2026-08-11 14:44:58
17,76986,Emile Smith Rowe,867445,Fulham,43,6.67,3,0,4.77,1.11,11,36,1,5,838,91.09,18,9,64.29,14,48.28,35,22,18,185,1943,37,1,0,ENG,2025-2026,datafc_sofascore,2026-08-11 14:44:58
17,76986,Reinildo Mandava,831424,Sunderland,41,6.67,0,1,0.18,0.7,0,4,0,0,699,85.87,6,24,35.82,15,55.56,39,31,81,208,1969,25,7,1,ENG,2025-2026,datafc_sofascore,2026-08-11 14:44:58
17,76986,Aaron Ramsdale,839410,Newcastle United,39,6.67,0,0,,0.02,0,0,0,0,267,66.75,1,55,29.73,0,0.0,0,0,10,135,1003,12,2,0,ENG,2025-2026,datafc_sofascore,2026-08-11 14:44:58
17,76986,Keane Lewis-Potter,972421,Brentford,50,6.66,3,3,3.04,2.5,9,31,6,2,441,77.64,19,24,30.0,16,36.36,23,12,37,266,1990,36,1,0,ENG,2025-2026,datafc_sofascore,2026-08-11 14:44:58
17,76986,Benoît Badiashile,904827,Chelsea,38,6.66,0,0,,0.07,0,0,0,0,408,92.94,0,19,55.88,0,0.0,7,10,27,35,471,8,2,0,ENG,2025-2026,datafc_sofascore,2026-08-11 14:44:58
17,76986,Jack Hinshelwood,1142315,Brighton & Hove Albion,30,6.66,4,3,4.92,2.34,15,37,2,6,522,82.59,15,9,37.5,3,33.33,19,5,25,163,1750,27,0,0,ENG,2025-2026,datafc_sofascore,2026-08-11 14:44:58
17,76986,Myles Lewis-Skelly,1423711,Arsenal,42,6.66,0,0,0.11,0.2,0,2,0,0,350,91.62,4,9,56.25,8,80.0,8,5,11,58,722,20,3,0,ENG,2025-2026,datafc_sofascore,2026-08-11 14:44:58
17,76986,Fabio Carvalho,991604,Brentford,50,6.66,1,0,0.7,0.03,1,2,0,0,20,80.0,0,2,100.0,1,33.33,3,0,0,14,128,6,0,0,ENG,2025-2026,datafc_sofascore,2026-08-11 14:44:58
17,76986,Rico Lewis,1136731,Manchester City,17,6.66,0,1,0.19,1.39,0,3,2,0,241,84.56,7,9,56.25,2,50.0,5,7,6,63,423,11,2,0,ENG,2025-2026,datafc_sofascore,2026-08-11 14:44:58
17,76986,Leny Yoro,1153315,Manchester United,35,6.66,0,0,1.39,0.63,3,9,0,2,873,88.45,4,36,48.0,2,66.67,32,31,85,143,1748,32,1,0,ENG,2025-2026,datafc_sofascore,2026-08-11 14:44:58
17,76986,Callum Wilson,113956,West Ham United,37,6.66,7,1,7.66,0.55,16,38,1,7,101,64.74,8,1,25.0,13,48.15,4,3,5,154,1262,32,1,0,ENG,2025-2026,datafc_sofascore,2026-08-11 14:44:58
17,76986,Marc Cucurella,794939,Chelsea,38,6.66,1,4,2.35,3.21,6,20,6,1,1268,87.75,39,43,47.78,1,33.33,55,32,87,265,2710,34,8,1,ENG,2025-2026,datafc_sofascore,2026-08-11 14:44:58
17,76986,David Brooks,855731,Bournemouth,60,6.65,1,3,5.83,3.3,13,48,8,11,343,77.08,26,12,46.15,17,41.46,19,4,15,223,1220,31,7,0,ENG,2025-2026,datafc_sofascore,2026-08-11 14:44:58
17,76986,Saša Lukić,371222,Fulham,43,6.65,1,2,2.26,1.91,6,18,3,3,625,85.62,28,9,52.94,6,54.55,49,18,36,188,1734,26,9,0,ENG,2025-2026,datafc_sofascore,2026-08-11 14:44:58
17,76986,Lorenzo Lucca,962364,Nottingham Forest,14,6.65,1,0,0.79,0.01,1,4,0,1,9,56.25,1,0,0.0,0,0.0,0,1,3,15,135,4,0,0,ENG,2025-2026,datafc_sofascore,2026-08-11 14:44:58
17,76986,Donyell Malen,803039,Aston Villa,40,6.65,4,1,4.07,0.34,9,27,0,5,73,77.66,7,1,20.0,8,40.0,4,0,2,65,680,21,0,0,ENG,2025-2026,datafc_sofascore,2026-08-11 14:44:58
17,76986,Tyrone Mings,303638,Aston Villa,40,6.65,0,0,1.37,0.42,1,9,1,2,842,89.96,5,37,42.05,2,33.33,5,11,83,110,1323,17,1,0,ENG,2025-2026,datafc_sofascore,2026-08-11 14:44:58
17,76986,Georginio Rutter,946695,Brighton & Hove Albion,30,6.65,3,3,3.02,2.93,14,42,8,3,303,69.5,25,16,57.14,28,43.08,32,11,26,353,1804,32,2,0,ENG,2025-2026,datafc_sofascore,2026-08-11 14:44:58
17,76986,Jamie Gittens,1140599,Chelsea,38,6.65,0,2,0.82,0.93,2,10,2,1,118,79.19,9,3,75.0,13,61.9,8,2,3,68,495,16,0,0,ENG,2025-2026,datafc_sofascore,2026-08-11 14:44:58
17,76986,Marshall Munetsi,894733,Wolverhampton,3,6.65,1,1,1.61,0.38,6,14,1,0,107,63.31,3,6,50.0,5,55.56,21,7,30,112,877,13,2,0,ENG,2025-2026,datafc_sofascore,2026-08-11 14:44:58
17,76986,Dennis Cirkin,1014987,Sunderland,41,6.64,0,0,0.08,0.03,0,1,0,0,77,77.78,0,1,25.0,3,75.0,8,5,14,39,329,8,2,0,ENG,2025-2026,datafc_sofascore,2026-08-11 14:44:58
17,76986,Wilson Isidor,877980,Sunderland,41,6.64,6,0,4.75,0.39,17,43,0,2,81,60.0,0,1,14.29,6,25.0,11,1,15,111,1173,32,1,0,ENG,2025-2026,datafc_sofascore,2026-08-11 14:44:58
17,76986,Dan Ndoye,944327,Nottingham Forest,14,6.64,1,1,1.06,1.54,4,15,2,1,221,78.37,14,7,53.85,13,39.39,23,10,12,179,1176,24,1,0,ENG,2025-2026,datafc_sofascore,2026-08-11 14:44:58
17,76986,Frank Onyeka,885864,Brentford,50,6.64,0,1,,0.37,0,0,1,0,28,77.78,1,1,50.0,2,50.0,2,0,3,13,88,6,0,0,ENG,2025-2026,datafc_sofascore,2026-08-11 14:44:58
17,76986,Carlos Baleba,1199043,Brighton & Hove Albion,30,6.64,0,0,0.75,0.76,2,20,1,1,644,86.1,9,34,56.67,12,48.0,37,29,32,172,1677,31,5,0,ENG,2025-2026,datafc_sofascore,2026-08-11 14:44:58
17,76986,Yerson Mosquera,1014835,Wolverhampton,3,6.64,0,0,2.52,0.69,6,30,1,4,641,80.53,11,22,27.5,9,39.13,62,30,114,294,2142,27,11,0,ENG,2025-2026,datafc_sofascore,2026-08-11 14:44:58
17,76986,Ki-Jana Hoever,954044,Wolverhampton,3,6.64,0,0,0.02,0.36,1,1,2,0,106,68.83,5,9,32.14,5,62.5,13,6,20,78,428,8,0,0,ENG,2025-2026,datafc_sofascore,2026-08-11 14:44:58
17,76986,Harrison Armstrong,1627560,Everton,48,6.64,0,0,0.79,0.21,2,5,0,1,166,80.58,4,5,62.5,1,14.29,13,4,8,69,537,13,0,0,ENG,2025-2026,datafc_sofascore,2026-08-11 14:44:58
17,76986,Malo Gusto,996958,Chelsea,38,6.64,2,3,1.56,2.99,6,12,4,1,1097,86.79,28,41,49.4,13,52.0,53,31,39,316,2267,34,3,1,ENG,2025-2026,datafc_sofascore,2026-08-11 14:44:58
17,76986,Maxime Estève,1117223,Burnley,6,6.64,0,0,0.72,0.66,1,10,1,0,1170,86.86,7,52,37.96,3,60.0,44,37,221,199,2937,34,1,0,ENG,2025-2026,datafc_sofascore,2026-08-11 14:44:58
17,76986,Gabriel Gudmundsson,834308,Leeds United,34,6.63,0,0,1.1,2.75,3,18,4,0,730,76.28,21,30,28.57,39,52.7,65,27,83,475,2642,32,4,1,ENG,2025-2026,datafc_sofascore,2026-08-11 14:44:58
17,76986,Brajan Gruda,1198075,Brighton & Hove Albion,30,6.63,1,1,1.72,0.88,6,16,1,2,194,78.23,16,7,53.85,20,37.74,14,2,2,148,740,18,2,0,ENG,2025-2026,datafc_sofascore,2026-08-11 14:44:58
17,76986,Chris Rigg,1394089,Sunderland,41,6.63,1,1,0.84,1.15,3,12,2,0,153,71.83,9,10,47.62,7,53.85,13,4,10,95,773,18,1,0,ENG,2025-2026,datafc_sofascore,2026-08-11 14:44:58
17,76986,Conor Bradley,1008402,Liverpool FC,44,6.63,0,1,0.24,0.94,0,6,3,0,413,83.94,4,10,25.0,7,31.82,19,13,29,150,932,15,5,0,ENG,2025-2026,datafc_sofascore,2026-08-11 14:44:58
17,76986,Jair,1170722,Nottingham Forest,14,6.63,0,0,0.29,0.07,1,3,0,1,177,80.09,1,5,23.81,2,50.0,9,5,31,54,525,9,0,0,ENG,2025-2026,datafc_sofascore,2026-08-11 14:44:58
17,76986,Shea Lacey,1465865,Manchester United,35,6.63,0,0,0.1,0.01,1,4,0,0,9,81.82,0,1,50.0,1,50.0,1,0,0,7,51,3,0,0,ENG,2025-2026,datafc_sofascore,2026-08-11 14:44:58
17,76986,Arthur Masuaku,174975,Sunderland,41,6.63,0,0,0.07,0.08,0,1,0,0,39,81.25,1,1,16.67,2,50.0,4,2,4,22,127,3,1,0,ENG,2025-2026,datafc_sofascore,2026-08-11 14:44:58
17,76986,Rodrigo Gomes,1006073,Wolverhampton,3,6.63,3,0,2.15,0.42,6,20,0,2,190,72.24,4,2,16.67,8,30.77,23,9,13,157,978,22,0,0,ENG,2025-2026,datafc_sofascore,2026-08-11 14:44:58
17,76986,Bafodé Diakité,962408,Bournemouth,60,6.63,0,0,0.02,0.18,0,1,0,0,659,87.98,3,34,47.22,0,0.0,20,12,83,100,1286,18,1,0,ENG,2025-2026,datafc_sofascore,2026-08-11 14:44:58
17,76986,Brian Brobbey,910048,Sunderland,41,6.63,7,1,5.94,0.68,18,36,2,12,198,72.0,15,4,57.14,2,12.5,9,0,15,182,1944,31,6,0,ENG,2025-2026,datafc_sofascore,2026-08-11 14:44:58
17,76986,Chemsdine Talbi,1142675,Sunderland,41,6.63,4,1,2.13,1.19,10,25,0,2,327,81.34,12,13,56.52,16,44.44,11,2,17,192,1561,28,0,0,ENG,2025-2026,datafc_sofascore,2026-08-11 14:44:58
17,76986,Wilfried Gnonto,998951,Leeds United,34,6.63,0,1,0.41,0.72,0,10,1,0,167,76.61,9,6,75.0,5,35.71,18,3,12,103,535,23,3,0,ENG,2025-2026,datafc_sofascore,2026-08-11 14:44:58
17,76986,Gabriel Martinelli,922573,Arsenal,42,6.63,1,4,3.99,1.26,13,29,4,7,189,72.41,13,4,26.67,22,57.89,12,1,10,191,1079,30,3,0,ENG,2025-2026,datafc_sofascore,2026-08-11 14:44:58
17,76986,Dwight McNeil,935543,Everton,48,6.63,0,1,1.39,1.92,5,24,1,1,264,81.48,15,7,35.0,7,53.85,23,10,13,149,1188,22,1,0,ENG,2025-2026,datafc_sofascore,2026-08-11 14:44:58
17,76986,Eddie Nketiah,858194,Crystal Palace,7,6.63,2,0,1.77,0.48,6,15,1,1,70,80.46,7,1,50.0,5,31.25,8,2,10,68,416,12,2,0,ENG,2025-2026,datafc_sofascore,2026-08-11 14:44:58
17,76986,Mohamadou Kanté,1523623,West Ham United,37,6.63,0,0,0.09,0.05,0,2,0,0,22,70.97,1,0,0.0,1,100.0,6,0,2,14,111,11,2,0,ENG,2025-2026,datafc_sofascore,2026-08-11 14:44:58
17,76986,Stefanos Tzimas,1155321,Brighton & Hove Albion,30,6.62,1,1,0.46,0.12,1,4,0,1,17,70.83,6,0,0.0,1,50.0,3,0,1,23,164,9,0,0,ENG,2025-2026,datafc_sofascore,2026-08-11 14:44:58
17,76986,Kristoffer Ajer,576384,Brentford,50,6.62,0,1,0.78,0.72,3,10,1,1,565,80.03,4,24,28.24,3,27.27,37,18,119,180,1820,27,4,0,ENG,2025-2026,datafc_sofascore,2026-08-11 14:44:58
17,76986,Jayden Bogle,929132,Leeds United,34,6.62,1,2,2.11,3.16,4,18,7,3,674,76.24,21,33,36.67,19,33.33,66,34,73,414,2809,34,6,0,ENG,2025-2026,datafc_sofascore,2026-08-11 14:44:58
17,76986,Guido Rodríguez,609752,West Ham United,37,6.62,0,0,0.03,0.04,0,1,0,0,68,89.47,0,0,0.0,0,0.0,1,2,2,11,177,6,1,0,ENG,2025-2026,datafc_sofascore,2026-08-11 14:44:58
17,76986,Beto,987489,Everton,48,6.62,9,1,8.91,0.22,17,43,1,10,129,62.02,12,1,100.0,14,34.15,15,1,43,222,1613,37,3,0,ENG,2025-2026,datafc_sofascore,2026-08-11 14:44:58
17,76986,Taiwo Awoniyi,359664,Nottingham Forest,14,6.62,4,1,3.58,0.77,8,15,2,3,60,80.0,6,0,0.0,2,50.0,2,1,4,54,502,17,2,0,ENG,2025-2026,datafc_sofascore,2026-08-11 14:44:58
17,76986,Luke O'Nien,365812,Sunderland,41,6.62,0,1,0.15,0.14,1,4,0,0,205,83.67,2,16,41.03,1,100.0,6,6,30,78,591,12,1,1,ENG,2025-2026,datafc_sofascore,2026-08-11 14:44:58
17,76986,Brennan Johnson,1085180,Crystal Palace,7,6.61,2,1,2.43,1.31,5,23,1,2,252,65.97,19,10,23.26,9,31.03,29,4,32,251,1752,34,6,0,ENG,2025-2026,datafc_sofascore,2026-08-11 14:44:58
17,76986,Evanilson,998490,Bournemouth,60,6.61,6,1,10.59,1.49,22,70,3,10,356,76.56,31,4,50.0,16,50.0,13,8,29,243,2759,36,2,0,ENG,2025-2026,datafc_sofascore,2026-08-11 14:44:58
17,76986,Jhon Arias,844096,Wolverhampton,3,6.61,1,0,3.25,0.62,3,16,0,4,357,89.47,11,8,80.0,8,40.0,43,8,15,126,1121,23,1,0,ENG,2025-2026,datafc_sofascore,2026-08-11 14:44:58
17,76986,Joshua King,1546231,Fulham,43,6.61,1,2,2.47,0.65,11,26,0,3,278,79.89,15,3,37.5,16,43.24,27,3,14,169,1310,32,4,0,ENG,2025-2026,datafc_sofascore,2026-08-11 14:44:58
17,76986,Viktor Gyökeres,804508,Arsenal,42,6.61,14,1,12.4,1.94,22,55,4,13,199,62.38,20,1,33.33,7,18.92,7,1,19,270,2254,36,5,0,ENG,2025-2026,datafc_sofascore,2026-08-11 14:44:58
17,76986,Daniel James,828639,Leeds United,34,6.61,0,0,0.91,0.73,3,14,1,2,72,60.5,9,3,37.5,6,40.0,7,1,8,116,566,19,0,0,ENG,2025-2026,datafc_sofascore,2026-08-11 14:44:58
17,76986,Kyle Walker,44614,Burnley,6,6.61,0,2,0.16,1.34,0,4,3,0,1115,77.38,13,94,39.66,13,48.15,56,45,102,563,3097,36,9,0,ENG,2025-2026,datafc_sofascore,2026-08-11 14:44:58
17,76986,Aaron Hickey,966869,Brentford,50,6.61,0,0,0.46,0.14,1,6,0,1,239,83.57,0,11,47.83,0,0.0,15,8,23,81,716,21,1,0,ENG,2025-2026,datafc_sofascore,2026-08-11 14:44:58
17,76986,Lucas Bergvall,1391251,Tottenham Hotspur,33,6.6,1,3,1.4,0.43,5,12,0,1,249,81.64,5,10,55.56,15,62.5,22,2,13,132,979,23,2,0,ENG,2025-2026,datafc_sofascore,2026-08-11 14:44:58
17,76986,Wilson Odobert,1142679,Tottenham Hotspur,33,6.6,0,2,1.9,1.22,8,22,2,4,276,84.92,20,6,66.67,24,58.54,10,1,13,141,990,24,0,0,ENG,2025-2026,datafc_sofascore,2026-08-11 14:44:58
17,76986,Aaron Wan-Bissaka,863653,West Ham United,37,6.6,0,2,,1.0,0,0,2,0,566,76.69,18,24,33.8,16,48.48,33,40,94,319,2084,25,4,0,ENG,2025-2026,datafc_sofascore,2026-08-11 14:44:58
17,76986,Adam Armstrong,361352,Wolverhampton,3,6.6,2,2,2.74,0.86,6,18,3,3,104,68.42,6,0,0.0,10,55.56,8,2,12,101,1146,14,3,0,ENG,2025-2026,datafc_sofascore,2026-08-11 14:44:58
17,76986,Miloš Kerkez,1097425,Liverpool FC,44,6.6,2,1,1.59,0.7,2,9,3,0,913,85.33,26,28,34.15,12,54.55,41,14,71,304,2301,34,4,0,ENG,2025-2026,datafc_sofascore,2026-08-11 14:44:58
17,76986,Tammy Abraham,610766,Aston Villa,40,6.6,2,0,2.04,0.36,3,9,1,3,25,56.82,4,0,0.0,1,100.0,4,0,3,25,294,12,0,0,ENG,2025-2026,datafc_sofascore,2026-08-11 14:44:58
17,76986,Nicolò Savona,1010220,Nottingham Forest,14,6.6,2,0,1.34,0.44,3,5,1,0,314,78.7,7,13,27.66,2,40.0,20,4,29,147,1026,14,2,0,ENG,2025-2026,datafc_sofascore,2026-08-11 14:44:58
17,76986,Issa Diop,825719,Fulham,43,6.6,1,0,0.8,0.05,1,2,0,0,433,87.65,0,15,33.33,1,100.0,6,6,42,73,827,13,2,0,ENG,2025-2026,datafc_sofascore,2026-08-11 14:44:58
17,76986,David Møller Wolfe,1031283,Wolverhampton,3,6.6,0,2,0.12,1.08,0,3,3,0,193,74.23,8,14,50.0,5,62.5,10,7,31,129,1061,22,1,0,ENG,2025-2026,datafc_sofascore,2026-08-11 14:44:58
17,76986,Odsonne Édouard,795228,Crystal Palace,7,6.6,0,0,,,0,0,0,0,0,0.0,0,0,0.0,0,0.0,1,0,0,1,8,1,0,0,ENG,2025-2026,datafc_sofascore,2026-08-11 14:44:58
17,76986,Tyler Fredricson,1142182,Manchester United,35,6.6,0,0,,,0,0,0,0,0,0.0,0,0,0.0,0,0.0,0,0,2,1,10,1,0,0,ENG,2025-2026,datafc_sofascore,2026-08-11 14:44:58
17,76986,Jota Silva,1011895,Nottingham Forest,14,6.6,0,0,,0.0,0,0,0,0,2,100.0,0,0,0.0,0,0.0,2,0,1,2,11,1,0,0,ENG,2025-2026,datafc_sofascore,2026-08-11 14:44:58
17,76986,Jamaldeen Jimoh,1410178,Aston Villa,40,6.6,0,0,,0.0,0,0,0,0,6,85.71,0,0,0.0,0,0.0,0,0,0,2,8,1,0,0,ENG,2025-2026,datafc_sofascore,2026-08-11 14:44:58
17,76986,Callum Olusesi,1403190,Tottenham Hotspur,33,6.6,0,0,,0.01,0,0,0,0,8,100.0,0,1,100.0,0,0.0,0,0,0,0,14,1,0,0,ENG,2025-2026,datafc_sofascore,2026-08-11 14:44:58
17,76986,Tyler Fletcher,1402850,Manchester United,35,6.6,0,0,,0.01,0,0,0,0,18,94.74,0,0,0.0,0,0.0,0,0,0,1,17,2,0,0,ENG,2025-2026,datafc_sofascore,2026-08-11 14:44:58
17,76986,Tawanda Chirewa,1005725,Wolverhampton,3,6.6,0,0,,0.0,0,0,0,0,3,100.0,0,0,0.0,0,0.0,3,0,1,2,31,2,0,0,ENG,2025-2026,datafc_sofascore,2026-08-11 14:44:58
17,76986,Tyrell Malacia,825839,Manchester United,35,6.6,0,0,,0.0,0,0,0,0,11,84.62,0,0,0.0,0,0.0,3,0,1,3,32,3,0,0,ENG,2025-2026,datafc_sofascore,2026-08-11 14:44:58
17,76986,Dan Neil,964106,Sunderland,41,6.6,0,0,,0.0,0,0,0,0,8,88.89,0,1,100.0,0,0.0,0,1,1,1,13,3,0,0,ENG,2025-2026,datafc_sofascore,2026-08-11 14:44:58
17,76986,Altay Bayındır,815890,Manchester United,35,6.6,0,0,,0.04,0,0,1,0,107,60.45,1,31,31.0,1,100.0,0,0,7,72,540,6,0,0,ENG,2025-2026,datafc_sofascore,2026-08-11 14:44:58
17,76986,Andy Irving,845464,West Ham United,37,6.6,0,0,,0.18,0,0,0,0,83,89.25,3,5,83.33,0,0.0,6,1,0,24,163,7,0,0,ENG,2025-2026,datafc_sofascore,2026-08-11 14:44:58
17,76986,Romelle Donovan,1586020,Brentford,50,6.6,0,0,0.1,0.02,1,3,0,0,9,56.25,1,1,50.0,5,83.33,0,0,0,14,38,4,0,0,ENG,2025-2026,datafc_sofascore,2026-08-11 14:44:58
17,76986,Alysson,1631879,Aston Villa,40,6.6,0,0,0.05,0.05,0,1,0,0,14,82.35,0,0,0.0,2,100.0,0,1,0,9,56,3,0,0,ENG,2025-2026,datafc_sofascore,2026-08-11 14:44:58
17,76986,Solly March,301288,Brighton & Hove Albion,30,6.6,0,0,0.04,0.02,1,1,0,0,9,75.0,0,1,100.0,0,0.0,2,0,0,9,60,4,0,0,ENG,2025-2026,datafc_sofascore,2026-08-11 14:44:58
17,76986,George Hemmings,1398204,Aston Villa,40,6.6,0,0,0.04,0.01,0,1,0,0,17,100.0,0,1,100.0,0,0.0,0,0,0,0,25,2,0,0,ENG,2025-2026,datafc_sofascore,2026-08-11 14:44:58
17,76986,Archie Gray,1142335,Tottenham Hotspur,33,6.6,2,2,1.48,1.18,5,11,3,0,448,83.12,8,21,40.38,7,43.75,11,17,44,150,1500,24,5,0,ENG,2025-2026,datafc_sofascore,2026-08-11 14:44:58
17,76986,Josh Acheampong,1403050,Chelsea,38,6.59,1,0,0.63,0.14,2,4,0,0,440,92.05,2,4,22.22,11,78.57,11,11,20,61,700,17,1,0,ENG,2025-2026,datafc_sofascore,2026-08-11 14:44:58
17,76986,Anthony Elanga,979232,Newcastle United,39,6.59,0,1,1.67,1.76,4,17,2,1,344,80.75,15,8,66.67,13,30.95,14,3,6,250,1338,32,0,0,ENG,2025-2026,datafc_sofascore,2026-08-11 14:44:58
17,76986,Gabriel Jesus,794839,Arsenal,42,6.59,3,0,2.69,0.27,12,19,0,6,83,76.85,3,0,0.0,8,50.0,4,3,5,67,421,14,3,0,ENG,2025-2026,datafc_sofascore,2026-08-11 14:44:58
17,76986,Lamare Bogarde,1089388,Aston Villa,40,6.59,0,0,,0.21,0,0,0,0,453,89.7,2,7,36.84,2,28.57,26,5,23,86,1104,28,5,0,ENG,2025-2026,datafc_sofascore,2026-08-11 14:44:58
17,76986,Yves Bissouma,844842,Tottenham Hotspur,33,6.59,0,0,0.36,0.12,2,5,0,0,278,87.97,0,1,14.29,3,60.0,18,9,14,51,605,11,4,0,ENG,2025-2026,datafc_sofascore,2026-08-11 14:44:58
17,76986,Djed Spence,945798,Tottenham Hotspur,33,6.59,0,0,0.9,1.78,8,13,4,2,713,80.84,10,34,40.48,33,43.42,44,18,52,364,2079,30,4,0,ENG,2025-2026,datafc_sofascore,2026-08-11 14:44:58
17,76986,Federico Chiesa,845386,Liverpool FC,44,6.59,2,1,1.5,0.61,5,17,2,1,81,71.68,3,1,25.0,2,18.18,8,4,7,79,400,26,3,0,ENG,2025-2026,datafc_sofascore,2026-08-11 14:44:58
17,76986,Lucas Perri,871290,Leeds United,34,6.59,0,0,,0.03,0,0,0,0,299,53.58,0,93,26.5,0,0.0,0,0,16,274,1440,16,2,0,ENG,2025-2026,datafc_sofascore,2026-08-11 14:44:58
17,76986,Chris Wood,50480,Nottingham Forest,14,6.59,3,0,4.25,0.32,9,23,0,4,111,69.38,5,2,66.67,1,50.0,1,1,9,75,906,15,0,0,ENG,2025-2026,datafc_sofascore,2026-08-11 14:44:58
17,76986,Tyrique George,1403061,Everton,48,6.59,0,0,0.63,1.18,5,10,3,1,89,80.18,3,1,20.0,7,50.0,7,2,0,58,370,15,2,0,ENG,2025-2026,datafc_sofascore,2026-08-11 14:44:58
17,76986,Leon Bailey,808590,Aston Villa,40,6.58,0,1,0.49,1.46,1,8,1,1,107,76.98,12,3,60.0,5,19.23,10,3,4,96,466,13,1,0,ENG,2025-2026,datafc_sofascore,2026-08-11 14:44:58
17,76986,Igor Jesus,981619,Nottingham Forest,14,6.58,6,4,6.64,1.27,21,70,5,3,333,72.71,15,13,81.25,11,28.21,24,3,30,298,2320,37,2,0,ENG,2025-2026,datafc_sofascore,2026-08-11 14:44:58
17,76986,Ezra Mayers,1652590,West Ham United,37,6.58,0,0,0.12,0.49,0,1,0,0,68,83.95,2,4,40.0,1,100.0,0,1,4,17,134,6,0,0,ENG,2025-2026,datafc_sofascore,2026-08-11 14:44:58
17,76986,Christian Nørgaard,135256,Arsenal,42,6.58,0,0,0.08,0.04,1,2,0,0,51,83.61,0,0,0.0,0,0.0,3,0,8,16,108,7,0,0,ENG,2025-2026,datafc_sofascore,2026-08-11 14:44:58
17,76986,Dan Burn,99090,Newcastle United,39,6.58,1,2,1.06,0.4,3,10,0,1,836,79.32,7,29,28.16,2,66.67,40,21,152,292,2209,29,9,1,ENG,2025-2026,datafc_sofascore,2026-08-11 14:44:58
17,76986,Ian Maatsen,976263,Aston Villa,40,6.58,0,1,1.3,2.41,5,20,5,1,615,86.01,26,25,67.57,21,41.18,43,19,64,275,1615,30,2,0,ENG,2025-2026,datafc_sofascore,2026-08-11 14:44:58
17,76986,Reiss Nelson,826139,Brentford,50,6.58,0,1,0.71,0.12,1,5,0,2,68,91.89,2,2,66.67,5,41.67,4,0,2,24,152,10,0,0,ENG,2025-2026,datafc_sofascore,2026-08-11 14:44:58
17,76986,Nathaniel Clyne,43215,Crystal Palace,7,6.58,0,1,0.43,0.68,0,3,2,0,147,79.89,3,3,25.0,4,57.14,16,5,26,66,604,10,1,0,ENG,2025-2026,datafc_sofascore,2026-08-11 14:44:58
17,76986,Jack Harrison,829570,Leeds United,34,6.58,0,0,0.28,0.24,2,6,1,1,93,79.49,2,3,27.27,3,42.86,5,4,2,53,263,11,0,0,ENG,2025-2026,datafc_sofascore,2026-08-11 14:44:58
17,76986,Hwang Hee-chan,786186,Wolverhampton,3,6.58,2,2,2.39,1.58,6,19,3,2,285,75.4,15,13,59.09,9,36.0,10,13,16,182,1461,26,5,0,ENG,2025-2026,datafc_sofascore,2026-08-11 14:44:58
17,76986,Romain Esse,1438837,Crystal Palace,7,6.58,0,0,,0.04,0,0,0,0,13,65.0,0,1,100.0,1,50.0,2,0,0,16,54,4,0,0,ENG,2025-2026,datafc_sofascore,2026-08-11 14:44:58
17,76986,John Stones,152077,Manchester City,17,6.58,0,0,,0.09,0,0,0,0,282,93.38,1,7,53.85,2,100.0,1,3,21,28,449,9,0,0,ENG,2025-2026,datafc_sofascore,2026-08-11 14:44:58
17,76986,Ryan Sessegnon,836698,Fulham,43,6.57,3,1,1.61,1.81,4,16,3,1,519,76.44,14,21,36.21,9,36.0,48,25,64,339,1822,27,0,0,ENG,2025-2026,datafc_sofascore,2026-08-11 14:44:58
17,76986,Alexander Isak,823941,Liverpool FC,44,6.57,3,1,2.65,0.1,6,17,1,5,55,62.5,2,3,60.0,1,10.0,7,0,9,68,714,14,0,0,ENG,2025-2026,datafc_sofascore,2026-08-11 14:44:58
17,76986,Pedro Lima,1597270,Wolverhampton,3,6.57,0,0,0.34,0.37,1,4,0,1,35,63.64,3,3,27.27,1,33.33,8,5,6,41,271,9,0,0,ENG,2025-2026,datafc_sofascore,2026-08-11 14:44:58
17,76986,Joe Worrall,838399,Burnley,6,6.57,0,0,0.08,0.02,0,1,0,0,125,80.65,0,5,26.32,0,0.0,4,5,60,37,517,11,0,0,ENG,2025-2026,datafc_sofascore,2026-08-11 14:44:58
17,76986,Chadi Riad,1064218,Crystal Palace,7,6.57,0,1,0.33,0.13,2,4,1,2,323,86.36,1,23,50.0,1,100.0,8,6,28,62,554,9,2,0,ENG,2025-2026,datafc_sofascore,2026-08-11 14:44:58
17,76986,Jack Fletcher,1402726,Manchester United,35,6.57,0,0,0.03,0.03,0,1,0,0,37,82.22,2,2,66.67,0,0.0,5,1,0,16,107,3,0,0,ENG,2025-2026,datafc_sofascore,2026-08-11 14:44:58
17,76986,Tolu Arokodare,987734,Wolverhampton,3,6.57,3,1,5.46,0.45,16,47,1,11,163,60.37,12,1,14.29,18,56.25,7,5,43,225,1438,33,1,0,ENG,2025-2026,datafc_sofascore,2026-08-11 14:44:58
17,76986,Loum Tchaouna,1004505,Burnley,6,6.56,2,1,1.25,0.93,9,23,1,1,257,75.15,13,13,59.09,7,33.33,18,2,10,181,1316,29,2,0,ENG,2025-2026,datafc_sofascore,2026-08-11 14:44:58
17,76986,Tyler Dibling,1174472,Everton,48,6.56,0,0,0.2,0.16,0,4,0,0,88,86.27,4,3,75.0,13,48.15,7,6,4,59,371,14,2,0,ENG,2025-2026,datafc_sofascore,2026-08-11 14:44:58
17,76986,Oliver Scarles,1150952,West Ham United,37,6.56,0,0,0.18,0.31,0,3,3,0,221,80.36,5,18,41.86,2,22.22,30,13,30,117,668,13,2,0,ENG,2025-2026,datafc_sofascore,2026-08-11 14:44:58
17,76986,Joe Willock,888550,Newcastle United,39,6.56,0,2,1.26,1.1,6,17,4,1,302,84.12,14,10,45.45,7,41.18,20,9,6,122,1011,24,3,0,ENG,2025-2026,datafc_sofascore,2026-08-11 14:44:58
17,76986,Justin Kluivert,851596,Bournemouth,60,6.56,2,0,2.32,1.53,4,17,3,1,280,81.16,21,13,72.22,11,42.31,10,4,2,154,951,20,5,0,ENG,2025-2026,datafc_sofascore,2026-08-11 14:44:58
17,76986,Max Kilman,894474,West Ham United,37,6.56,0,0,0.57,0.31,1,7,0,2,604,87.92,4,27,35.53,4,80.0,16,9,111,98,1565,21,4,0,ENG,2025-2026,datafc_sofascore,2026-08-11 14:44:58
17,76986,Evann Guessand,930245,Crystal Palace,7,6.56,1,2,1.56,1.02,6,11,2,3,154,82.35,5,1,50.0,14,35.9,24,5,10,127,933,21,0,0,ENG,2025-2026,datafc_sofascore,2026-08-11 14:44:58
17,76986,Jackson Tchatchoua,1096210,Wolverhampton,3,6.56,0,1,0.33,1.69,1,2,3,0,413,76.2,21,14,40.0,5,35.71,29,15,57,261,1855,31,3,0,ENG,2025-2026,datafc_sofascore,2026-08-11 14:44:58
17,76986,Rodrigo Muniz,1015256,Fulham,43,6.55,1,1,3.34,0.14,5,32,1,6,56,42.42,8,3,30.0,5,41.67,8,2,24,143,997,21,2,0,ENG,2025-2026,datafc_sofascore,2026-08-11 14:44:58
17,76986,James McAtee,1003334,Nottingham Forest,14,6.55,0,1,0.17,0.37,0,4,1,0,102,84.3,6,3,50.0,3,33.33,7,3,3,49,321,14,1,0,ENG,2025-2026,datafc_sofascore,2026-08-11 14:44:58
17,76986,Lucas Pires,1136896,Burnley,6,6.55,0,0,0.58,1.48,4,16,1,1,470,83.93,20,14,34.15,18,64.29,29,20,39,210,1406,20,1,1,ENG,2025-2026,datafc_sofascore,2026-08-11 14:44:58
17,76986,Josh Dasilva,856260,Brentford,50,6.55,0,0,0.08,0.0,0,1,0,0,4,80.0,1,0,0.0,0,0.0,0,0,0,2,21,2,0,0,ENG,2025-2026,datafc_sofascore,2026-08-11 14:44:58
17,76986,Dilane Bakwa,963298,Nottingham Forest,14,6.55,0,2,0.55,1.01,3,9,2,1,155,79.08,11,2,25.0,8,38.1,4,0,2,107,552,14,1,0,ENG,2025-2026,datafc_sofascore,2026-08-11 14:44:58
17,76986,Jean-Clair Todibo,945217,West Ham United,37,6.55,0,1,0.24,0.33,0,2,0,1,683,87.34,5,25,38.46,4,44.44,38,17,98,123,1817,23,5,1,ENG,2025-2026,datafc_sofascore,2026-08-11 14:44:58
17,76986,Matt Doherty,143047,Wolverhampton,3,6.55,0,0,0.09,0.18,0,3,1,0,240,80.54,3,15,41.67,2,100.0,16,7,37,76,791,11,4,0,ENG,2025-2026,datafc_sofascore,2026-08-11 14:44:58
17,76986,Marco Bizot,100390,Aston Villa,40,6.54,0,0,,0.0,0,0,0,0,184,76.35,0,30,34.88,0,0.0,0,0,10,58,585,7,2,0,ENG,2025-2026,datafc_sofascore,2026-08-11 14:44:58
17,76986,Destiny Udogie,983572,Tottenham Hotspur,33,6.54,0,1,0.19,0.75,1,4,2,0,500,85.47,12,4,20.0,6,33.33,31,7,25,170,1340,20,4,0,ENG,2025-2026,datafc_sofascore,2026-08-11 14:44:58
17,76986,Séamus Coleman,76632,Everton,48,6.53,0,0,,0.16,0,0,0,0,18,100.0,1,1,100.0,0,0.0,0,0,2,1,39,5,0,0,ENG,2025-2026,datafc_sofascore,2026-08-11 14:44:58
17,76986,Thierno Barry,1395746,Everton,48,6.53,8,0,8.15,0.47,14,38,2,10,219,60.5,12,1,33.33,9,30.0,6,5,25,278,1932,38,3,0,ENG,2025-2026,datafc_sofascore,2026-08-11 14:44:58
17,76986,Axel Tuanzebe,817979,Burnley,6,6.53,1,0,0.61,0.14,1,2,0,0,481,84.53,0,22,33.85,0,0.0,14,11,83,92,1202,14,1,0,ENG,2025-2026,datafc_sofascore,2026-08-11 14:44:58
17,76986,Jorrel Hato,1153079,Chelsea,38,6.53,0,0,0.31,0.63,0,4,1,0,700,91.98,8,8,30.77,7,53.85,36,18,39,97,1159,22,7,0,ENG,2025-2026,datafc_sofascore,2026-08-11 14:44:58
17,76986,Merlin Röhl,1064082,Everton,48,6.53,1,0,0.78,0.32,1,11,0,1,131,77.51,6,3,50.0,3,27.27,25,4,9,81,694,16,0,0,ENG,2025-2026,datafc_sofascore,2026-08-11 14:44:58
17,76986,Facundo Buonanotte,1117025,Leeds United,34,6.53,0,0,0.06,0.28,0,2,0,0,28,77.78,3,1,50.0,0,0.0,1,1,0,16,86,4,1,0,ENG,2025-2026,datafc_sofascore,2026-08-11 14:44:58
17,76986,Fer López,1526628,Wolverhampton,3,6.52,0,1,0.16,0.61,1,5,1,0,75,72.82,3,1,25.0,3,42.86,1,0,1,56,236,9,1,0,ENG,2025-2026,datafc_sofascore,2026-08-11 14:44:58
17,76986,Radu Drăguşin,997103,Tottenham Hotspur,33,6.52,0,0,0.32,0.02,0,4,0,0,186,77.82,0,6,19.35,1,100.0,5,16,46,70,541,10,0,0,ENG,2025-2026,datafc_sofascore,2026-08-11 14:44:58
17,76986,Jacob Bruun Larsen,809276,Burnley,6,6.52,0,1,1.38,1.17,4,17,2,2,238,81.51,12,3,30.0,10,28.57,12,6,13,149,1038,28,0,0,ENG,2025-2026,datafc_sofascore,2026-08-11 14:44:58
17,76986,Joe Gomez,318927,Liverpool FC,44,6.52,0,2,0.27,0.66,1,5,3,0,255,79.69,6,10,38.46,3,50.0,10,9,25,116,644,21,4,0,ENG,2025-2026,datafc_sofascore,2026-08-11 14:44:58
17,76986,Harvey Elliott,955245,Aston Villa,40,6.52,0,0,0.29,0.09,0,5,0,0,69,84.15,1,1,20.0,0,0.0,0,0,1,18,117,5,0,0,ENG,2025-2026,datafc_sofascore,2026-08-11 14:44:58
17,76986,Eliezer Mayenda,1168588,Sunderland,41,6.52,2,0,2.15,0.21,6,13,2,1,56,65.88,4,1,33.33,11,34.38,5,1,5,100,770,20,0,0,ENG,2025-2026,datafc_sofascore,2026-08-11 14:44:58
17,76986,Toti Gomes,973418,Wolverhampton,3,6.52,0,0,0.53,0.31,2,5,0,1,701,85.91,6,40,41.24,10,83.33,23,14,95,144,1427,19,2,1,ENG,2025-2026,datafc_sofascore,2026-08-11 14:44:58
17,76986,Justin Devenny,1084311,Crystal Palace,7,6.52,1,0,2.62,0.38,4,13,0,4,185,73.12,7,9,32.14,3,21.43,25,1,12,144,830,21,0,0,ENG,2025-2026,datafc_sofascore,2026-08-11 14:44:58
17,76986,Joshua Zirkzee,917007,Manchester United,35,6.51,2,1,2.95,0.35,9,25,2,5,182,74.29,11,3,42.86,5,55.56,9,1,11,120,666,24,3,0,ENG,2025-2026,datafc_sofascore,2026-08-11 14:44:58
17,76986,Nilson Angulo,1116571,Sunderland,41,6.51,0,0,0.78,0.11,3,7,0,2,57,73.08,3,0,0.0,7,43.75,10,5,11,59,413,8,1,0,ENG,2025-2026,datafc_sofascore,2026-08-11 14:44:58
17,76986,Adam Smith,44566,Bournemouth,60,6.51,0,2,,0.25,0,0,1,0,283,77.96,5,12,21.05,1,100.0,15,8,38,119,1095,22,3,0,ENG,2025-2026,datafc_sofascore,2026-08-11 14:44:58
17,76986,Adama Traoré,286165,West Ham United,37,6.51,0,0,0.69,0.58,1,7,1,1,81,77.88,3,1,33.33,12,60.0,2,0,2,84,450,24,1,0,ENG,2025-2026,datafc_sofascore,2026-08-11 14:44:58
17,76986,Simon Adingra,1110842,Sunderland,41,6.51,1,0,0.35,0.61,2,6,2,1,122,75.78,7,2,33.33,7,26.92,11,2,11,109,665,14,2,0,ENG,2025-2026,datafc_sofascore,2026-08-11 14:44:58
17,76986,Hamed Junior Traorè,892924,Bournemouth,60,6.5,0,1,,0.0,0,0,0,0,2,100.0,1,0,0.0,0,0.0,1,0,1,2,16,1,0,0,ENG,2025-2026,datafc_sofascore,2026-08-11 14:44:58
17,76986,Carlos Alcaraz,1017392,Everton,48,6.5,0,1,1.24,0.54,5,20,2,1,251,81.76,10,12,66.67,7,46.67,14,3,7,107,730,20,4,0,ENG,2025-2026,datafc_sofascore,2026-08-11 14:44:58
17,76986,Bendito Mantato,1545190,Manchester United,35,6.5,0,0,,0.01,0,0,0,0,5,100.0,1,0,0.0,0,0.0,0,0,0,2,15,1,0,0,ENG,2025-2026,datafc_sofascore,2026-08-11 14:44:58
17,76986,Angus Gunn,227946,Nottingham Forest,14,6.5,0,0,,0.0,0,0,0,0,6,31.58,0,6,31.58,0,0.0,0,0,1,13,45,1,0,0,ENG,2025-2026,datafc_sofascore,2026-08-11 14:44:58
17,76986,Divine Mukasa,1467990,Manchester City,17,6.5,0,0,,0.21,0,0,0,0,18,94.74,2,0,0.0,0,0.0,0,0,0,4,25,2,0,0,ENG,2025-2026,datafc_sofascore,2026-08-11 14:44:58
17,76986,Andrés García,1457536,Aston Villa,40,6.5,0,0,,0.01,0,0,0,0,37,100.0,0,0,0.0,0,0.0,5,0,4,11,105,6,0,0,ENG,2025-2026,datafc_sofascore,2026-08-11 14:44:58
17,76986,Romaine Mundle,1094440,Sunderland,41,6.5,0,0,0.86,0.47,2,7,0,1,89,85.58,1,2,50.0,7,46.67,5,1,6,64,412,14,1,0,ENG,2025-2026,datafc_sofascore,2026-08-11 14:44:58
17,76986,Tom Watson,1167066,Brighton & Hove Albion,30,6.5,0,0,0.04,0.04,1,1,0,0,14,73.68,0,2,66.67,0,0.0,1,0,0,11,73,6,1,0,ENG,2025-2026,datafc_sofascore,2026-08-11 14:44:58
17,76986,Enes Ünal,336655,Bournemouth,60,6.49,1,0,2.0,0.07,3,15,1,2,38,67.86,1,0,0.0,1,25.0,1,0,14,42,259,23,1,0,ENG,2025-2026,datafc_sofascore,2026-08-11 14:44:58
17,76986,Ben Gannon-Doak,1154861,Bournemouth,60,6.49,0,1,0.26,0.12,1,3,1,1,37,77.08,1,0,0.0,2,25.0,6,1,0,24,122,8,0,0,ENG,2025-2026,datafc_sofascore,2026-08-11 14:44:58
17,76986,Alex Tóth,1476524,Bournemouth,60,6.49,0,0,0.11,0.33,0,2,0,0,57,87.69,5,1,50.0,1,25.0,1,3,4,19,185,9,1,0,ENG,2025-2026,datafc_sofascore,2026-08-11 14:44:58
17,76986,Randal Kolo Muani,871706,Tottenham Hotspur,33,6.48,1,1,2.18,1.77,4,20,2,7,231,70.43,20,5,50.0,28,42.42,29,3,18,265,1670,30,3,0,ENG,2025-2026,datafc_sofascore,2026-08-11 14:44:58
17,76986,Lyle Foster,901907,Burnley,6,6.48,3,2,3.25,0.49,6,20,2,3,196,70.0,10,7,50.0,10,45.45,16,4,20,190,1372,26,4,0,ENG,2025-2026,datafc_sofascore,2026-08-11 14:44:58
17,76986,Luís Guilherme,1016893,West Ham United,37,6.48,0,0,0.07,0.04,0,1,0,0,27,90.0,1,1,100.0,2,33.33,1,0,2,15,121,5,0,0,ENG,2025-2026,datafc_sofascore,2026-08-11 14:44:58
17,76986,Liam Delap,997087,Chelsea,38,6.48,1,0,4.47,0.22,11,36,0,4,132,69.84,3,1,50.0,10,76.92,5,1,11,131,1139,28,4,0,ENG,2025-2026,datafc_sofascore,2026-08-11 14:44:58
17,76986,Zeki Amdouni,990550,Burnley,6,6.48,0,0,0.24,0.02,1,3,0,0,19,95.0,0,1,100.0,1,25.0,0,0,0,10,69,4,0,0,ENG,2025-2026,datafc_sofascore,2026-08-11 14:44:58
17,76986,Pablo Felipe,1101174,West Ham United,37,6.47,0,1,1.05,1.12,3,12,2,2,148,73.63,14,2,40.0,9,64.29,26,4,12,102,826,14,0,0,ENG,2025-2026,datafc_sofascore,2026-08-11 14:44:58
17,76986,Mike Trésor,826183,Burnley,6,6.47,0,0,,0.0,0,0,0,0,23,85.19,1,1,100.0,0,0.0,1,0,0,13,63,6,0,0,ENG,2025-2026,datafc_sofascore,2026-08-11 14:44:58
17,76986,Jonah Kusi-Asare,1503757,Fulham,43,6.47,0,0,,0.01,0,0,0,0,11,68.75,1,0,0.0,0,0.0,1,0,0,8,79,7,1,0,ENG,2025-2026,datafc_sofascore,2026-08-11 14:44:58
17,76986,Trey Nyoni,1445945,Liverpool FC,44,6.47,0,0,0.37,0.02,0,1,0,1,20,90.91,1,0,0.0,0,0.0,1,0,0,4,47,6,0,0,ENG,2025-2026,datafc_sofascore,2026-08-11 14:44:58
17,76986,Quilindschy Hartman,1392044,Burnley,6,6.46,0,5,0.34,1.99,3,9,6,1,557,75.68,20,35,33.65,5,41.67,52,31,66,313,1830,21,1,0,ENG,2025-2026,datafc_sofascore,2026-08-11 14:44:58
17,76986,Christantus Uche,1884145,Crystal Palace,7,6.46,0,0,0.49,0.03,2,6,0,1,35,59.32,0,1,33.33,0,0.0,1,0,3,52,193,14,0,0,ENG,2025-2026,datafc_sofascore,2026-08-11 14:44:58
17,76986,Yoane Wissa,805123,Newcastle United,39,6.46,1,1,3.12,0.56,5,13,1,6,65,69.89,4,4,80.0,1,8.33,5,0,2,57,539,19,3,0,ENG,2025-2026,datafc_sofascore,2026-08-11 14:44:58
17,76986,Josh Laurent,552036,Burnley,6,6.45,1,0,0.85,0.49,4,14,0,1,502,78.07,12,16,27.59,9,47.37,48,27,39,206,1783,33,7,1,ENG,2025-2026,datafc_sofascore,2026-08-11 14:44:58
17,76986,Dane Scarlett,998772,Tottenham Hotspur,33,6.45,0,0,,0.01,0,0,0,0,2,50.0,0,0,0.0,0,0.0,0,0,0,5,21,2,0,0,ENG,2025-2026,datafc_sofascore,2026-08-11 14:44:58
